**************** uncommented deck **************

     1       1  **********************************************************
     0       2  .param gmin=1e-12
     0       3  .global gnd
     8      23  .temp 25.0
     2      27  .subckt dut d g s b params: l=10e-6 w=10e-6 nf=1 m=1 sa=0 sb=0 sc=0 sca=1 scb=1 scc=1 ad=1e-12 pd=1e-6 as=1e-12 ps=1e-6 nrs=1 nrd=1 binunit=1 paramchk=0 mobmod=0 capmod=2 rdsmod=0 igcmod=0 igbmod=0 rbodymod=0 trnqsmod=0 acnqsmod=0 fnoimod=1 tnoimod=0 diomod=1 tempmod=2 permod=1 geomod=0 rgeomod=0 rgatemod=0 wpemod=0 lmax=1e-4 wmax=1 epsrox=3.9 toxe=3e-9 toxp=2.8e-9 toxm=3e-9 xj=1e-7 ndep=1.7e17 ngate=1e23 nsd=1e20 rsh=0 rshg=0.1 phin=0 wint=0 wl=0 wln=1 ww=0 wwn=1 wwl=0 lint=0 ll=0 lln=1 lw=0 lwn=1 lwl=0 llc=0 lwc=0 lwlc=0 wlc=0 wwc=0 wwlc=0 dwg=0 dwb=0 xl=0 xw=0 dmcg=0 dmci=0 dmdg=0 dmcgt=0 dwj=0 xgw=0 xgl=0 ngcon=1 vth0=0.5 vfb=-1 k1=0.5 k2=-0.0186 k3=0 k3b=0 w0=1e-7 lpe0=1.74e-7 lpeb=0 vbm=-3 dvtp0=5e-7 dvtp1=0 dvt0=2.2 dvt1=0.53 dvt2=-0.032 dvt0w=0 dvt1w=5.3 dvt2w=-0.032 vfbsdoff=0 u0=0.05 ua=1e-9 ub=1e-18 uc=-4.65e-11 ud=0 up=0 lp=1e-7 eu=1.67 vsat=8e4 a0=1 ags=0 b0=0 b1=0 keta=-0.047 a1=0 a2=1 rdsw=200 rdswmin=0 rdw=100 rdwmin=0 rsw=100 rswmin=0 prwb=0 prwg=0 wr=1 voff=-0.08 voffl=0 minv=0 nfactor=1 eta0=0.08 etab=-0.07 dsub=0.56 cit=0 cdsc=2.4e-4 cdscb=0 cdscd=0 pclm=0.5 pdiblc1=0.39 pdiblc2=8.6e-3 pdiblcb=0 drout=0.56 pscbe1=5e9 pscbe2=5e-6 pvag=0 delta=0.01 fprout=0 pdits=1e-3 pditsl=1 pditsd=0 lambda=0 vtl=0 lc=0 xn=3 alpha0=0 alpha1=0 beta0=15 aigbacc=0.43 bigbacc=0.054 cigbacc=0.075 nigbacc=1 aigbinv=0.05 bigbinv=0 cigbinv=6e-3 eigbinv=1.1 nigbinv=3 aigc=0.054 bigc=0.054 cigc=0.075 aigsd=0.43 bigsd=0.054 cigsd=0.075 dlcig=5e-9 nigc=1 poxedge=1 pigcd=1 ntox=1 toxref=3e-9 agidl=0 bgidl=2.3e9 cgidl=0.5 egidl=0.8 xpart=0 cgso=5e-11 cgdo=5e-11 cgbo=1e-12 ckappas=0.6 ckappad=0.6 cf=5e-11 clc=1e-7 cle=0.6 dlc=0 dwc=0 vfbcv=-1 noff=1 voffcv=0 acde=1 moin=15 cgsl=1e-10 cgdl=1e-10 ijthsrev=0.1 ijthdrev=0.1 ijthsfwd=0.1 ijthdfwd=0.1 xjbvs=1 xjbvd=1 bvs=10 bvd=10 jss=1e-4 jsd=1e-4 jsws=1e-14 jswd=1e-14 jswgs=1e-13 jswgd=1e-14 jtss=0 jtsd=0 jtssws=0 jtsswd=0 jtsswgs=0 jtsswgd=0 njts=20 njtssw=20 njtsswg=20 xtss=0.02 xtsd=0.02 xtssws=0.02 xtsswd=0.02 xtsswgs=0.02 xtsswgd=0.02 vtss=10 vtsd=10 vtssws=10 vtsswd=10 vtsswgs=10 vtsswgd=10 tnjts=0 tnjtssw=0 tnjtsswg=0 cjs=5e-4 cjd=5e-4 mjs=0.5 mjd=0.5 mjsws=0.33 mjswd=0.33 cjsws=1e-10 cjswd=1e-10 cjswgs=5e-10 cjswgd=5e-10 mjswgs=0.33 mjswgd=0.33 pbs=0.8 pbd=0.8 pbsws=0.8 pbswd=0.8 pbswgs=0.8 pbswgd=0.8 tnom=25 ute=-1.5 kt1=-0.11 kt1l=0 kt2=0.022 ua1=6.71e-3 ub1=-3.35e-3 uc1=4.1e-3 ud1=0 at=8.13e-3 prt=0 njs=1 njd=1 xtis=3 xtid=3 tpb=0 tpbsw=0 tpbswg=0 tcj=0 tcjsw=0 tcjswg=0 tvoff=0 tvfbsdoff=0 saref=1e-6 sbref=1e-6 wlod=0 ku0=0 kvsat=0 kvth0=0 tku0=0 llodku0=1 wlodku0=1 llodvth=1 wlodvth=1 lku0=0 wku0=0 pku0=0 lkvth0=0 wkvth0=0 pkvth0=0 stk2=0 lodk2=1 steta0=0 lodeta0=1 web=0 wec=0 kvth0we=0 k2we=0 ku0we=0 scref=1e-6 wmin=0.28e-6 lmin=0.22e-6 bin_pvsat=0 bin_prdsw=0 bin_ppclm=0 bin_wketa=0 bin_lketa=0 bin_pketa=0 bin_wk3=0 bin_wk3b=0
     3     345  .model nch nmos version=4.8 level=54 binunit={binunit} paramchk={paramchk} mobmod={mobmod} capmod={capmod} rdsmod={rdsmod} igcmod={igcmod} igbmod={igbmod} rbodymod={rbodymod} trnqsmod={trnqsmod} acnqsmod={acnqsmod} fnoimod={fnoimod} tnoimod={tnoimod} diomod={diomod} tempmod={tempmod} permod={permod} geomod={geomod} rgeomod={rgeomod} rgatemod={rgatemod} wpemod={wpemod} lmin={lmin} lmax={lmax} wmin={wmin} wmax={wmax} epsrox={epsrox} toxe={toxe} toxp={toxp} toxm={toxm} xj={xj} ndep={ndep} ngate={ngate} nsd={nsd} rsh={rsh} rshg={rshg} phin={phin} wint={wint} wl={wl} wln={wln} ww={ww} wwn={wwn} wwl={wwl} lint={lint} ll={ll} lln={lln} lw={lw} lwn={lwn} lwl={lwl} llc={llc} lwc={lwc} lwlc={lwlc} wlc={wlc} wwc={wwc} wwlc={wwlc} dwg={dwg} dwb={dwb} xl={xl} xw={xw} dmcg={dmcg} dmci={dmci} dmdg={dmdg} dmcgt={dmcgt} dwj={dwj} xgw={xgw} xgl={xgl} ngcon={ngcon} vth0={vth0} vfb={vfb} k1={k1} k2={k2} w0={w0} lpe0={lpe0} lpeb={lpeb} vbm={vbm} dvtp0={dvtp0} dvtp1={dvtp1} dvt0={dvt0} dvt1={dvt1} dvt2={dvt2} dvt0w={dvt0w} dvt1w={dvt1w} dvt2w={dvt2w} vfbsdoff={vfbsdoff} u0={u0} ua={ua} ub={ub} uc={uc} ud={ud} up={up} lp={lp} eu={eu} a0={a0} ags={ags} b0={b0} b1={b1} a1={a1} a2={a2} rdw={rdw} rdswmin={rdswmin} rdwmin={rdwmin} rsw={rsw} rswmin={rswmin} prwb={prwb} prwg={prwg} wr={wr} voff={voff} voffl={voffl} minv={minv} nfactor={nfactor} eta0={eta0} etab={etab} dsub={dsub} cit={cit} cdsc={cdsc} cdscb={cdscb} cdscd={cdscd} pdiblc1={pdiblc1} pdiblc2={pdiblc2} pdiblcb={pdiblcb} drout={drout} pscbe1={pscbe1} pscbe2={pscbe2} pvag={pvag} delta={delta} fprout={fprout} pdits={pdits} pditsl={pditsl} pditsd={pditsd} lambda={lambda} vtl={vtl} lc={lc} xn={xn} alpha0={alpha0} alpha1={alpha1} beta0={beta0} aigbacc={aigbacc} bigbacc={bigbacc} cigbacc={cigbacc} nigbacc={nigbacc} aigbinv={aigbinv} bigbinv={bigbinv} cigbinv={cigbinv} eigbinv={eigbinv} nigbinv={nigbinv} aigc={aigc} bigc={bigc} cigc={cigc} aigsd={aigsd} bigsd={bigsd} cigsd={cigsd} dlcig={dlcig} nigc={nigc} poxedge={poxedge} pigcd={pigcd} ntox={ntox} toxref={toxref} agidl={agidl} bgidl={bgidl} cgidl={cgidl} egidl={egidl} xpart={xpart} cgso={cgso} cgdo={cgdo} cgbo={cgbo} ckappas={ckappas} ckappad={ckappad} cf={cf} clc={clc} cle={cle} dlc={dlc} dwc={dwc} vfbcv={vfbcv} noff={noff} voffcv={voffcv} acde={acde} moin={moin} cgsl={cgsl} cgdl={cgdl} ijthsrev={ijthsrev} ijthdrev={ijthdrev} ijthsfwd={ijthsfwd} ijthdfwd={ijthdfwd} xjbvs={xjbvs} xjbvd={xjbvd} bvs={bvs} bvd={bvd} jss={jss} jsd={jsd} jsws={jsws} jswd={jswd} jswgs={jswgs} jswgd={jswgd} jtss={jtss} jtsd={jtsd} jtssws={jtssws} jtsswd={jtsswd} jtsswgs={jtsswgs} jtsswgd={jtsswgd} njts={njts} njtssw={njtssw} njtsswg={njtsswg} xtss={xtss} xtsd={xtsd} xtssws={xtssws} xtsswd={xtsswd} xtsswgs={xtsswgs} xtsswgd={xtsswgd} vtss={vtss} vtsd={vtsd} vtssws={vtssws} vtsswd={vtsswd} vtsswgs={vtsswgs} vtsswgd={vtsswgd} tnjts={tnjts} tnjtssw={tnjtssw} tnjtsswg={tnjtsswg} cjs={cjs} cjd={cjd} mjs={mjs} mjd={mjd} mjsws={mjsws} mjswd={mjswd} cjsws={cjsws} cjswd={cjswd} cjswgs={cjswgs} cjswgd={cjswgd} mjswgs={mjswgs} mjswgd={mjswgd} pbs={pbs} pbd={pbd} pbsws={pbsws} pbswd={pbswd} pbswgs={pbswgs} pbswgd={pbswgd} tnom={tnom} ute={ute} kt1={kt1} kt1l={kt1l} kt2={kt2} ua1={ua1} ub1={ub1} uc1={uc1} ud1={ud1} at={at} prt={prt} njs={njs} njd={njd} xtis={xtis} xtid={xtid} tpb={tpb} tpbsw={tpbsw} tpbswg={tpbswg} tcj={tcj} tcjsw={tcjsw} tcjswg={tcjswg} tvoff={tvoff} tvfbsdoff={tvfbsdoff} saref={saref} sbref={sbref} wlod={wlod} ku0={ku0} kvsat={kvsat} kvth0={kvth0} tku0={tku0} llodku0={llodku0} wlodku0={wlodku0} llodvth={llodvth} wlodvth={wlodvth} lku0={lku0} wku0={wku0} pku0={pku0} lkvth0={lkvth0} wkvth0={wkvth0} pkvth0={pkvth0} stk2={stk2} lodk2={lodk2} steta0={steta0} lodeta0={lodeta0} web={web} wec={wec} kvth0we={kvth0we} k2we={k2we} ku0we={ku0we} scref={scref} vsat={vsat} pvsat={vsat*bin_pvsat*(lmin*wmin)} rdsw={rdsw} prdsw={rdsw*bin_prdsw*(lmin*wmin)} pclm={pclm} ppclm={pclm*bin_ppclm*(lmin*wmin)} keta={keta} lketa={keta*bin_lketa*lmin} wketa={keta*bin_wketa*wmin} pketa={keta*bin_pketa*(lmin*wmin)} k3={k3} wk3={k3*bin_wk3*wmin} k3b={k3b} wk3b={k3b*bin_wk3b*wmin}
     4     346  m1 d g s b nch l={l} w={w} nf={nf} m={m} sa={sa} sb={sb} sc={sc} sca={sca} scb={scb} scc={scc} ad={ad} pd={pd} as={as} ps={ps} nrs={nrs} nrd={nrd}
     5     347  .ends
    16     351  e_ds_0_0 d_0_0 0 v_sweep 0 1
    17     352  v_gs_0_0 g_0_0 0 0.2
    18     353  v_s_0_0 s_0_0 0 0
    19     354  v_bs_0_0 b_0_0 0 -1.0
    20     355  x_0_0 d_0_0 g_0_0 s_0_0 b_0_0 dut 1e-05 1e-05 1 1.0 0 0 0 1 1 1 1e-12 1e-6 1e-12 1e-6 1 1 1 0 0 2 0 0 0 0 0 0 1 0 1 2 1 0 0 0 0 1e-4 1 3.9 3e-9 2.8e-9 3e-9 1e-7 1.7e17 1e23 1e20 0 0.1 0 0 0 1 0 1 0 0 0 1 0 1 0 0 0 0 0 0 0 0 0 0 0 0 0 0 0 0 0 0 1 0.5 {-1} 0.5 {-0.0186} 0 0 1e-7 1.74e-7 0 {-3} 5e-7 0 2.2 0.53 {-0.032} 0 5.3 {-0.032} 0 0.05 1e-9 1e-18 {-4.65e-11} 0 0 1e-7 1.67 8e4 1 0 0 0 {-0.047} 0 1 200 0 100 0 100 0 0 0 1 {-0.08} 0 0 1 0.08 {-0.07} 0.56 0 2.4e-4 0 0 0.5 0.39 8.6e-3 0 0.56 5e9 5e-6 0 0.01 0 1e-3 1 0 0 0 0 3 0 0 15 0.43 0.054 0.075 1 0.05 0 6e-3 1.1 3 0.054 0.054 0.075 0.43 0.054 0.075 5e-9 1 1 1 1 3e-9 0 2.3e9 0.5 0.8 0 5e-11 5e-11 1e-12 0.6 0.6 5e-11 1e-7 0.6 0 0 {-1} 1 0 1 15 1e-10 1e-10 0.1 0.1 0.1 0.1 1 1 10 10 1e-4 1e-4 1e-14 1e-14 1e-13 1e-14 0 0 0 0 0 0 20 20 20 0.02 0.02 0.02 0.02 0.02 0.02 10 10 10 10 10 10 0 0 0 5e-4 5e-4 0.5 0.5 0.33 0.33 1e-10 1e-10 5e-10 5e-10 0.33 0.33 0.8 0.8 0.8 0.8 0.8 0.8 25 {-1.5} {-0.11} 0 0.022 6.71e-3 {-3.35e-3} 4.1e-3 0 8.13e-3 0 1 1 3 3 0 0 0 0 0 0 0 0 1e-6 1e-6 0 0 0 0 0 1 1 1 1 0 0 0 0 0 0 0 1 0 1 0 0 0 0 0 1e-6 0.28e-6 0.22e-6 0 0 0 0 0 0 0 0
    24     358  e_ds_0_1 d_0_1 0 v_sweep 0 1
    25     359  v_gs_0_1 g_0_1 0 0.4
    26     360  v_s_0_1 s_0_1 0 0
    27     361  v_bs_0_1 b_0_1 0 -1.0
    28     362  x_0_1 d_0_1 g_0_1 s_0_1 b_0_1 dut 1e-05 1e-05 1 1.0 0 0 0 1 1 1 1e-12 1e-6 1e-12 1e-6 1 1 1 0 0 2 0 0 0 0 0 0 1 0 1 2 1 0 0 0 0 1e-4 1 3.9 3e-9 2.8e-9 3e-9 1e-7 1.7e17 1e23 1e20 0 0.1 0 0 0 1 0 1 0 0 0 1 0 1 0 0 0 0 0 0 0 0 0 0 0 0 0 0 0 0 0 0 1 0.5 {-1} 0.5 {-0.0186} 0 0 1e-7 1.74e-7 0 {-3} 5e-7 0 2.2 0.53 {-0.032} 0 5.3 {-0.032} 0 0.05 1e-9 1e-18 {-4.65e-11} 0 0 1e-7 1.67 8e4 1 0 0 0 {-0.047} 0 1 200 0 100 0 100 0 0 0 1 {-0.08} 0 0 1 0.08 {-0.07} 0.56 0 2.4e-4 0 0 0.5 0.39 8.6e-3 0 0.56 5e9 5e-6 0 0.01 0 1e-3 1 0 0 0 0 3 0 0 15 0.43 0.054 0.075 1 0.05 0 6e-3 1.1 3 0.054 0.054 0.075 0.43 0.054 0.075 5e-9 1 1 1 1 3e-9 0 2.3e9 0.5 0.8 0 5e-11 5e-11 1e-12 0.6 0.6 5e-11 1e-7 0.6 0 0 {-1} 1 0 1 15 1e-10 1e-10 0.1 0.1 0.1 0.1 1 1 10 10 1e-4 1e-4 1e-14 1e-14 1e-13 1e-14 0 0 0 0 0 0 20 20 20 0.02 0.02 0.02 0.02 0.02 0.02 10 10 10 10 10 10 0 0 0 5e-4 5e-4 0.5 0.5 0.33 0.33 1e-10 1e-10 5e-10 5e-10 0.33 0.33 0.8 0.8 0.8 0.8 0.8 0.8 25 {-1.5} {-0.11} 0 0.022 6.71e-3 {-3.35e-3} 4.1e-3 0 8.13e-3 0 1 1 3 3 0 0 0 0 0 0 0 0 1e-6 1e-6 0 0 0 0 0 1 1 1 1 0 0 0 0 0 0 0 1 0 1 0 0 0 0 0 1e-6 0.28e-6 0.22e-6 0 0 0 0 0 0 0 0
    32     365  e_ds_0_2 d_0_2 0 v_sweep 0 1
    33     366  v_gs_0_2 g_0_2 0 0.6
    34     367  v_s_0_2 s_0_2 0 0
    35     368  v_bs_0_2 b_0_2 0 -1.0
    36     369  x_0_2 d_0_2 g_0_2 s_0_2 b_0_2 dut 1e-05 1e-05 1 1.0 0 0 0 1 1 1 1e-12 1e-6 1e-12 1e-6 1 1 1 0 0 2 0 0 0 0 0 0 1 0 1 2 1 0 0 0 0 1e-4 1 3.9 3e-9 2.8e-9 3e-9 1e-7 1.7e17 1e23 1e20 0 0.1 0 0 0 1 0 1 0 0 0 1 0 1 0 0 0 0 0 0 0 0 0 0 0 0 0 0 0 0 0 0 1 0.5 {-1} 0.5 {-0.0186} 0 0 1e-7 1.74e-7 0 {-3} 5e-7 0 2.2 0.53 {-0.032} 0 5.3 {-0.032} 0 0.05 1e-9 1e-18 {-4.65e-11} 0 0 1e-7 1.67 8e4 1 0 0 0 {-0.047} 0 1 200 0 100 0 100 0 0 0 1 {-0.08} 0 0 1 0.08 {-0.07} 0.56 0 2.4e-4 0 0 0.5 0.39 8.6e-3 0 0.56 5e9 5e-6 0 0.01 0 1e-3 1 0 0 0 0 3 0 0 15 0.43 0.054 0.075 1 0.05 0 6e-3 1.1 3 0.054 0.054 0.075 0.43 0.054 0.075 5e-9 1 1 1 1 3e-9 0 2.3e9 0.5 0.8 0 5e-11 5e-11 1e-12 0.6 0.6 5e-11 1e-7 0.6 0 0 {-1} 1 0 1 15 1e-10 1e-10 0.1 0.1 0.1 0.1 1 1 10 10 1e-4 1e-4 1e-14 1e-14 1e-13 1e-14 0 0 0 0 0 0 20 20 20 0.02 0.02 0.02 0.02 0.02 0.02 10 10 10 10 10 10 0 0 0 5e-4 5e-4 0.5 0.5 0.33 0.33 1e-10 1e-10 5e-10 5e-10 0.33 0.33 0.8 0.8 0.8 0.8 0.8 0.8 25 {-1.5} {-0.11} 0 0.022 6.71e-3 {-3.35e-3} 4.1e-3 0 8.13e-3 0 1 1 3 3 0 0 0 0 0 0 0 0 1e-6 1e-6 0 0 0 0 0 1 1 1 1 0 0 0 0 0 0 0 1 0 1 0 0 0 0 0 1e-6 0.28e-6 0.22e-6 0 0 0 0 0 0 0 0
    40     372  e_ds_0_3 d_0_3 0 v_sweep 0 1
    41     373  v_gs_0_3 g_0_3 0 0.8
    42     374  v_s_0_3 s_0_3 0 0
    43     375  v_bs_0_3 b_0_3 0 -1.0
    44     376  x_0_3 d_0_3 g_0_3 s_0_3 b_0_3 dut 1e-05 1e-05 1 1.0 0 0 0 1 1 1 1e-12 1e-6 1e-12 1e-6 1 1 1 0 0 2 0 0 0 0 0 0 1 0 1 2 1 0 0 0 0 1e-4 1 3.9 3e-9 2.8e-9 3e-9 1e-7 1.7e17 1e23 1e20 0 0.1 0 0 0 1 0 1 0 0 0 1 0 1 0 0 0 0 0 0 0 0 0 0 0 0 0 0 0 0 0 0 1 0.5 {-1} 0.5 {-0.0186} 0 0 1e-7 1.74e-7 0 {-3} 5e-7 0 2.2 0.53 {-0.032} 0 5.3 {-0.032} 0 0.05 1e-9 1e-18 {-4.65e-11} 0 0 1e-7 1.67 8e4 1 0 0 0 {-0.047} 0 1 200 0 100 0 100 0 0 0 1 {-0.08} 0 0 1 0.08 {-0.07} 0.56 0 2.4e-4 0 0 0.5 0.39 8.6e-3 0 0.56 5e9 5e-6 0 0.01 0 1e-3 1 0 0 0 0 3 0 0 15 0.43 0.054 0.075 1 0.05 0 6e-3 1.1 3 0.054 0.054 0.075 0.43 0.054 0.075 5e-9 1 1 1 1 3e-9 0 2.3e9 0.5 0.8 0 5e-11 5e-11 1e-12 0.6 0.6 5e-11 1e-7 0.6 0 0 {-1} 1 0 1 15 1e-10 1e-10 0.1 0.1 0.1 0.1 1 1 10 10 1e-4 1e-4 1e-14 1e-14 1e-13 1e-14 0 0 0 0 0 0 20 20 20 0.02 0.02 0.02 0.02 0.02 0.02 10 10 10 10 10 10 0 0 0 5e-4 5e-4 0.5 0.5 0.33 0.33 1e-10 1e-10 5e-10 5e-10 0.33 0.33 0.8 0.8 0.8 0.8 0.8 0.8 25 {-1.5} {-0.11} 0 0.022 6.71e-3 {-3.35e-3} 4.1e-3 0 8.13e-3 0 1 1 3 3 0 0 0 0 0 0 0 0 1e-6 1e-6 0 0 0 0 0 1 1 1 1 0 0 0 0 0 0 0 1 0 1 0 0 0 0 0 1e-6 0.28e-6 0.22e-6 0 0 0 0 0 0 0 0
    48     379  e_ds_0_4 d_0_4 0 v_sweep 0 1
    49     380  v_gs_0_4 g_0_4 0 1.0
    50     381  v_s_0_4 s_0_4 0 0
    51     382  v_bs_0_4 b_0_4 0 -1.0
    52     383  x_0_4 d_0_4 g_0_4 s_0_4 b_0_4 dut 1e-05 1e-05 1 1.0 0 0 0 1 1 1 1e-12 1e-6 1e-12 1e-6 1 1 1 0 0 2 0 0 0 0 0 0 1 0 1 2 1 0 0 0 0 1e-4 1 3.9 3e-9 2.8e-9 3e-9 1e-7 1.7e17 1e23 1e20 0 0.1 0 0 0 1 0 1 0 0 0 1 0 1 0 0 0 0 0 0 0 0 0 0 0 0 0 0 0 0 0 0 1 0.5 {-1} 0.5 {-0.0186} 0 0 1e-7 1.74e-7 0 {-3} 5e-7 0 2.2 0.53 {-0.032} 0 5.3 {-0.032} 0 0.05 1e-9 1e-18 {-4.65e-11} 0 0 1e-7 1.67 8e4 1 0 0 0 {-0.047} 0 1 200 0 100 0 100 0 0 0 1 {-0.08} 0 0 1 0.08 {-0.07} 0.56 0 2.4e-4 0 0 0.5 0.39 8.6e-3 0 0.56 5e9 5e-6 0 0.01 0 1e-3 1 0 0 0 0 3 0 0 15 0.43 0.054 0.075 1 0.05 0 6e-3 1.1 3 0.054 0.054 0.075 0.43 0.054 0.075 5e-9 1 1 1 1 3e-9 0 2.3e9 0.5 0.8 0 5e-11 5e-11 1e-12 0.6 0.6 5e-11 1e-7 0.6 0 0 {-1} 1 0 1 15 1e-10 1e-10 0.1 0.1 0.1 0.1 1 1 10 10 1e-4 1e-4 1e-14 1e-14 1e-13 1e-14 0 0 0 0 0 0 20 20 20 0.02 0.02 0.02 0.02 0.02 0.02 10 10 10 10 10 10 0 0 0 5e-4 5e-4 0.5 0.5 0.33 0.33 1e-10 1e-10 5e-10 5e-10 0.33 0.33 0.8 0.8 0.8 0.8 0.8 0.8 25 {-1.5} {-0.11} 0 0.022 6.71e-3 {-3.35e-3} 4.1e-3 0 8.13e-3 0 1 1 3 3 0 0 0 0 0 0 0 0 1e-6 1e-6 0 0 0 0 0 1 1 1 1 0 0 0 0 0 0 0 1 0 1 0 0 0 0 0 1e-6 0.28e-6 0.22e-6 0 0 0 0 0 0 0 0
    56     386  e_ds_0_5 d_0_5 0 v_sweep 0 1
    57     387  v_gs_0_5 g_0_5 0 1.2
    58     388  v_s_0_5 s_0_5 0 0
    59     389  v_bs_0_5 b_0_5 0 -1.0
    60     390  x_0_5 d_0_5 g_0_5 s_0_5 b_0_5 dut 1e-05 1e-05 1 1.0 0 0 0 1 1 1 1e-12 1e-6 1e-12 1e-6 1 1 1 0 0 2 0 0 0 0 0 0 1 0 1 2 1 0 0 0 0 1e-4 1 3.9 3e-9 2.8e-9 3e-9 1e-7 1.7e17 1e23 1e20 0 0.1 0 0 0 1 0 1 0 0 0 1 0 1 0 0 0 0 0 0 0 0 0 0 0 0 0 0 0 0 0 0 1 0.5 {-1} 0.5 {-0.0186} 0 0 1e-7 1.74e-7 0 {-3} 5e-7 0 2.2 0.53 {-0.032} 0 5.3 {-0.032} 0 0.05 1e-9 1e-18 {-4.65e-11} 0 0 1e-7 1.67 8e4 1 0 0 0 {-0.047} 0 1 200 0 100 0 100 0 0 0 1 {-0.08} 0 0 1 0.08 {-0.07} 0.56 0 2.4e-4 0 0 0.5 0.39 8.6e-3 0 0.56 5e9 5e-6 0 0.01 0 1e-3 1 0 0 0 0 3 0 0 15 0.43 0.054 0.075 1 0.05 0 6e-3 1.1 3 0.054 0.054 0.075 0.43 0.054 0.075 5e-9 1 1 1 1 3e-9 0 2.3e9 0.5 0.8 0 5e-11 5e-11 1e-12 0.6 0.6 5e-11 1e-7 0.6 0 0 {-1} 1 0 1 15 1e-10 1e-10 0.1 0.1 0.1 0.1 1 1 10 10 1e-4 1e-4 1e-14 1e-14 1e-13 1e-14 0 0 0 0 0 0 20 20 20 0.02 0.02 0.02 0.02 0.02 0.02 10 10 10 10 10 10 0 0 0 5e-4 5e-4 0.5 0.5 0.33 0.33 1e-10 1e-10 5e-10 5e-10 0.33 0.33 0.8 0.8 0.8 0.8 0.8 0.8 25 {-1.5} {-0.11} 0 0.022 6.71e-3 {-3.35e-3} 4.1e-3 0 8.13e-3 0 1 1 3 3 0 0 0 0 0 0 0 0 1e-6 1e-6 0 0 0 0 0 1 1 1 1 0 0 0 0 0 0 0 1 0 1 0 0 0 0 0 1e-6 0.28e-6 0.22e-6 0 0 0 0 0 0 0 0
    64     393  e_ds_0_6 d_0_6 0 v_sweep 0 1
    65     394  v_gs_0_6 g_0_6 0 1.4
    66     395  v_s_0_6 s_0_6 0 0
    67     396  v_bs_0_6 b_0_6 0 -1.0
    68     397  x_0_6 d_0_6 g_0_6 s_0_6 b_0_6 dut 1e-05 1e-05 1 1.0 0 0 0 1 1 1 1e-12 1e-6 1e-12 1e-6 1 1 1 0 0 2 0 0 0 0 0 0 1 0 1 2 1 0 0 0 0 1e-4 1 3.9 3e-9 2.8e-9 3e-9 1e-7 1.7e17 1e23 1e20 0 0.1 0 0 0 1 0 1 0 0 0 1 0 1 0 0 0 0 0 0 0 0 0 0 0 0 0 0 0 0 0 0 1 0.5 {-1} 0.5 {-0.0186} 0 0 1e-7 1.74e-7 0 {-3} 5e-7 0 2.2 0.53 {-0.032} 0 5.3 {-0.032} 0 0.05 1e-9 1e-18 {-4.65e-11} 0 0 1e-7 1.67 8e4 1 0 0 0 {-0.047} 0 1 200 0 100 0 100 0 0 0 1 {-0.08} 0 0 1 0.08 {-0.07} 0.56 0 2.4e-4 0 0 0.5 0.39 8.6e-3 0 0.56 5e9 5e-6 0 0.01 0 1e-3 1 0 0 0 0 3 0 0 15 0.43 0.054 0.075 1 0.05 0 6e-3 1.1 3 0.054 0.054 0.075 0.43 0.054 0.075 5e-9 1 1 1 1 3e-9 0 2.3e9 0.5 0.8 0 5e-11 5e-11 1e-12 0.6 0.6 5e-11 1e-7 0.6 0 0 {-1} 1 0 1 15 1e-10 1e-10 0.1 0.1 0.1 0.1 1 1 10 10 1e-4 1e-4 1e-14 1e-14 1e-13 1e-14 0 0 0 0 0 0 20 20 20 0.02 0.02 0.02 0.02 0.02 0.02 10 10 10 10 10 10 0 0 0 5e-4 5e-4 0.5 0.5 0.33 0.33 1e-10 1e-10 5e-10 5e-10 0.33 0.33 0.8 0.8 0.8 0.8 0.8 0.8 25 {-1.5} {-0.11} 0 0.022 6.71e-3 {-3.35e-3} 4.1e-3 0 8.13e-3 0 1 1 3 3 0 0 0 0 0 0 0 0 1e-6 1e-6 0 0 0 0 0 1 1 1 1 0 0 0 0 0 0 0 1 0 1 0 0 0 0 0 1e-6 0.28e-6 0.22e-6 0 0 0 0 0 0 0 0
    72     400  e_ds_0_7 d_0_7 0 v_sweep 0 1
    73     401  v_gs_0_7 g_0_7 0 1.6
    74     402  v_s_0_7 s_0_7 0 0
    75     403  v_bs_0_7 b_0_7 0 -1.0
    76     404  x_0_7 d_0_7 g_0_7 s_0_7 b_0_7 dut 1e-05 1e-05 1 1.0 0 0 0 1 1 1 1e-12 1e-6 1e-12 1e-6 1 1 1 0 0 2 0 0 0 0 0 0 1 0 1 2 1 0 0 0 0 1e-4 1 3.9 3e-9 2.8e-9 3e-9 1e-7 1.7e17 1e23 1e20 0 0.1 0 0 0 1 0 1 0 0 0 1 0 1 0 0 0 0 0 0 0 0 0 0 0 0 0 0 0 0 0 0 1 0.5 {-1} 0.5 {-0.0186} 0 0 1e-7 1.74e-7 0 {-3} 5e-7 0 2.2 0.53 {-0.032} 0 5.3 {-0.032} 0 0.05 1e-9 1e-18 {-4.65e-11} 0 0 1e-7 1.67 8e4 1 0 0 0 {-0.047} 0 1 200 0 100 0 100 0 0 0 1 {-0.08} 0 0 1 0.08 {-0.07} 0.56 0 2.4e-4 0 0 0.5 0.39 8.6e-3 0 0.56 5e9 5e-6 0 0.01 0 1e-3 1 0 0 0 0 3 0 0 15 0.43 0.054 0.075 1 0.05 0 6e-3 1.1 3 0.054 0.054 0.075 0.43 0.054 0.075 5e-9 1 1 1 1 3e-9 0 2.3e9 0.5 0.8 0 5e-11 5e-11 1e-12 0.6 0.6 5e-11 1e-7 0.6 0 0 {-1} 1 0 1 15 1e-10 1e-10 0.1 0.1 0.1 0.1 1 1 10 10 1e-4 1e-4 1e-14 1e-14 1e-13 1e-14 0 0 0 0 0 0 20 20 20 0.02 0.02 0.02 0.02 0.02 0.02 10 10 10 10 10 10 0 0 0 5e-4 5e-4 0.5 0.5 0.33 0.33 1e-10 1e-10 5e-10 5e-10 0.33 0.33 0.8 0.8 0.8 0.8 0.8 0.8 25 {-1.5} {-0.11} 0 0.022 6.71e-3 {-3.35e-3} 4.1e-3 0 8.13e-3 0 1 1 3 3 0 0 0 0 0 0 0 0 1e-6 1e-6 0 0 0 0 0 1 1 1 1 0 0 0 0 0 0 0 1 0 1 0 0 0 0 0 1e-6 0.28e-6 0.22e-6 0 0 0 0 0 0 0 0
    80     407  e_ds_1_0 d_1_0 0 v_sweep 0 1
    81     408  v_gs_1_0 g_1_0 0 0.2
    82     409  v_s_1_0 s_1_0 0 0
    83     410  v_bs_1_0 b_1_0 0 0.0
    84     411  x_1_0 d_1_0 g_1_0 s_1_0 b_1_0 dut 1e-05 1e-05 1 1.0 0 0 0 1 1 1 1e-12 1e-6 1e-12 1e-6 1 1 1 0 0 2 0 0 0 0 0 0 1 0 1 2 1 0 0 0 0 1e-4 1 3.9 3e-9 2.8e-9 3e-9 1e-7 1.7e17 1e23 1e20 0 0.1 0 0 0 1 0 1 0 0 0 1 0 1 0 0 0 0 0 0 0 0 0 0 0 0 0 0 0 0 0 0 1 0.5 {-1} 0.5 {-0.0186} 0 0 1e-7 1.74e-7 0 {-3} 5e-7 0 2.2 0.53 {-0.032} 0 5.3 {-0.032} 0 0.05 1e-9 1e-18 {-4.65e-11} 0 0 1e-7 1.67 8e4 1 0 0 0 {-0.047} 0 1 200 0 100 0 100 0 0 0 1 {-0.08} 0 0 1 0.08 {-0.07} 0.56 0 2.4e-4 0 0 0.5 0.39 8.6e-3 0 0.56 5e9 5e-6 0 0.01 0 1e-3 1 0 0 0 0 3 0 0 15 0.43 0.054 0.075 1 0.05 0 6e-3 1.1 3 0.054 0.054 0.075 0.43 0.054 0.075 5e-9 1 1 1 1 3e-9 0 2.3e9 0.5 0.8 0 5e-11 5e-11 1e-12 0.6 0.6 5e-11 1e-7 0.6 0 0 {-1} 1 0 1 15 1e-10 1e-10 0.1 0.1 0.1 0.1 1 1 10 10 1e-4 1e-4 1e-14 1e-14 1e-13 1e-14 0 0 0 0 0 0 20 20 20 0.02 0.02 0.02 0.02 0.02 0.02 10 10 10 10 10 10 0 0 0 5e-4 5e-4 0.5 0.5 0.33 0.33 1e-10 1e-10 5e-10 5e-10 0.33 0.33 0.8 0.8 0.8 0.8 0.8 0.8 25 {-1.5} {-0.11} 0 0.022 6.71e-3 {-3.35e-3} 4.1e-3 0 8.13e-3 0 1 1 3 3 0 0 0 0 0 0 0 0 1e-6 1e-6 0 0 0 0 0 1 1 1 1 0 0 0 0 0 0 0 1 0 1 0 0 0 0 0 1e-6 0.28e-6 0.22e-6 0 0 0 0 0 0 0 0
    88     414  e_ds_1_1 d_1_1 0 v_sweep 0 1
    89     415  v_gs_1_1 g_1_1 0 0.4
    90     416  v_s_1_1 s_1_1 0 0
    91     417  v_bs_1_1 b_1_1 0 0.0
    92     418  x_1_1 d_1_1 g_1_1 s_1_1 b_1_1 dut 1e-05 1e-05 1 1.0 0 0 0 1 1 1 1e-12 1e-6 1e-12 1e-6 1 1 1 0 0 2 0 0 0 0 0 0 1 0 1 2 1 0 0 0 0 1e-4 1 3.9 3e-9 2.8e-9 3e-9 1e-7 1.7e17 1e23 1e20 0 0.1 0 0 0 1 0 1 0 0 0 1 0 1 0 0 0 0 0 0 0 0 0 0 0 0 0 0 0 0 0 0 1 0.5 {-1} 0.5 {-0.0186} 0 0 1e-7 1.74e-7 0 {-3} 5e-7 0 2.2 0.53 {-0.032} 0 5.3 {-0.032} 0 0.05 1e-9 1e-18 {-4.65e-11} 0 0 1e-7 1.67 8e4 1 0 0 0 {-0.047} 0 1 200 0 100 0 100 0 0 0 1 {-0.08} 0 0 1 0.08 {-0.07} 0.56 0 2.4e-4 0 0 0.5 0.39 8.6e-3 0 0.56 5e9 5e-6 0 0.01 0 1e-3 1 0 0 0 0 3 0 0 15 0.43 0.054 0.075 1 0.05 0 6e-3 1.1 3 0.054 0.054 0.075 0.43 0.054 0.075 5e-9 1 1 1 1 3e-9 0 2.3e9 0.5 0.8 0 5e-11 5e-11 1e-12 0.6 0.6 5e-11 1e-7 0.6 0 0 {-1} 1 0 1 15 1e-10 1e-10 0.1 0.1 0.1 0.1 1 1 10 10 1e-4 1e-4 1e-14 1e-14 1e-13 1e-14 0 0 0 0 0 0 20 20 20 0.02 0.02 0.02 0.02 0.02 0.02 10 10 10 10 10 10 0 0 0 5e-4 5e-4 0.5 0.5 0.33 0.33 1e-10 1e-10 5e-10 5e-10 0.33 0.33 0.8 0.8 0.8 0.8 0.8 0.8 25 {-1.5} {-0.11} 0 0.022 6.71e-3 {-3.35e-3} 4.1e-3 0 8.13e-3 0 1 1 3 3 0 0 0 0 0 0 0 0 1e-6 1e-6 0 0 0 0 0 1 1 1 1 0 0 0 0 0 0 0 1 0 1 0 0 0 0 0 1e-6 0.28e-6 0.22e-6 0 0 0 0 0 0 0 0
    96     421  e_ds_1_2 d_1_2 0 v_sweep 0 1
    97     422  v_gs_1_2 g_1_2 0 0.6
    98     423  v_s_1_2 s_1_2 0 0
    99     424  v_bs_1_2 b_1_2 0 0.0
   100     425  x_1_2 d_1_2 g_1_2 s_1_2 b_1_2 dut 1e-05 1e-05 1 1.0 0 0 0 1 1 1 1e-12 1e-6 1e-12 1e-6 1 1 1 0 0 2 0 0 0 0 0 0 1 0 1 2 1 0 0 0 0 1e-4 1 3.9 3e-9 2.8e-9 3e-9 1e-7 1.7e17 1e23 1e20 0 0.1 0 0 0 1 0 1 0 0 0 1 0 1 0 0 0 0 0 0 0 0 0 0 0 0 0 0 0 0 0 0 1 0.5 {-1} 0.5 {-0.0186} 0 0 1e-7 1.74e-7 0 {-3} 5e-7 0 2.2 0.53 {-0.032} 0 5.3 {-0.032} 0 0.05 1e-9 1e-18 {-4.65e-11} 0 0 1e-7 1.67 8e4 1 0 0 0 {-0.047} 0 1 200 0 100 0 100 0 0 0 1 {-0.08} 0 0 1 0.08 {-0.07} 0.56 0 2.4e-4 0 0 0.5 0.39 8.6e-3 0 0.56 5e9 5e-6 0 0.01 0 1e-3 1 0 0 0 0 3 0 0 15 0.43 0.054 0.075 1 0.05 0 6e-3 1.1 3 0.054 0.054 0.075 0.43 0.054 0.075 5e-9 1 1 1 1 3e-9 0 2.3e9 0.5 0.8 0 5e-11 5e-11 1e-12 0.6 0.6 5e-11 1e-7 0.6 0 0 {-1} 1 0 1 15 1e-10 1e-10 0.1 0.1 0.1 0.1 1 1 10 10 1e-4 1e-4 1e-14 1e-14 1e-13 1e-14 0 0 0 0 0 0 20 20 20 0.02 0.02 0.02 0.02 0.02 0.02 10 10 10 10 10 10 0 0 0 5e-4 5e-4 0.5 0.5 0.33 0.33 1e-10 1e-10 5e-10 5e-10 0.33 0.33 0.8 0.8 0.8 0.8 0.8 0.8 25 {-1.5} {-0.11} 0 0.022 6.71e-3 {-3.35e-3} 4.1e-3 0 8.13e-3 0 1 1 3 3 0 0 0 0 0 0 0 0 1e-6 1e-6 0 0 0 0 0 1 1 1 1 0 0 0 0 0 0 0 1 0 1 0 0 0 0 0 1e-6 0.28e-6 0.22e-6 0 0 0 0 0 0 0 0
   104     428  e_ds_1_3 d_1_3 0 v_sweep 0 1
   105     429  v_gs_1_3 g_1_3 0 0.8
   106     430  v_s_1_3 s_1_3 0 0
   107     431  v_bs_1_3 b_1_3 0 0.0
   108     432  x_1_3 d_1_3 g_1_3 s_1_3 b_1_3 dut 1e-05 1e-05 1 1.0 0 0 0 1 1 1 1e-12 1e-6 1e-12 1e-6 1 1 1 0 0 2 0 0 0 0 0 0 1 0 1 2 1 0 0 0 0 1e-4 1 3.9 3e-9 2.8e-9 3e-9 1e-7 1.7e17 1e23 1e20 0 0.1 0 0 0 1 0 1 0 0 0 1 0 1 0 0 0 0 0 0 0 0 0 0 0 0 0 0 0 0 0 0 1 0.5 {-1} 0.5 {-0.0186} 0 0 1e-7 1.74e-7 0 {-3} 5e-7 0 2.2 0.53 {-0.032} 0 5.3 {-0.032} 0 0.05 1e-9 1e-18 {-4.65e-11} 0 0 1e-7 1.67 8e4 1 0 0 0 {-0.047} 0 1 200 0 100 0 100 0 0 0 1 {-0.08} 0 0 1 0.08 {-0.07} 0.56 0 2.4e-4 0 0 0.5 0.39 8.6e-3 0 0.56 5e9 5e-6 0 0.01 0 1e-3 1 0 0 0 0 3 0 0 15 0.43 0.054 0.075 1 0.05 0 6e-3 1.1 3 0.054 0.054 0.075 0.43 0.054 0.075 5e-9 1 1 1 1 3e-9 0 2.3e9 0.5 0.8 0 5e-11 5e-11 1e-12 0.6 0.6 5e-11 1e-7 0.6 0 0 {-1} 1 0 1 15 1e-10 1e-10 0.1 0.1 0.1 0.1 1 1 10 10 1e-4 1e-4 1e-14 1e-14 1e-13 1e-14 0 0 0 0 0 0 20 20 20 0.02 0.02 0.02 0.02 0.02 0.02 10 10 10 10 10 10 0 0 0 5e-4 5e-4 0.5 0.5 0.33 0.33 1e-10 1e-10 5e-10 5e-10 0.33 0.33 0.8 0.8 0.8 0.8 0.8 0.8 25 {-1.5} {-0.11} 0 0.022 6.71e-3 {-3.35e-3} 4.1e-3 0 8.13e-3 0 1 1 3 3 0 0 0 0 0 0 0 0 1e-6 1e-6 0 0 0 0 0 1 1 1 1 0 0 0 0 0 0 0 1 0 1 0 0 0 0 0 1e-6 0.28e-6 0.22e-6 0 0 0 0 0 0 0 0
   112     435  e_ds_1_5 d_1_5 0 v_sweep 0 1
   113     436  v_gs_1_5 g_1_5 0 1.2
   114     437  v_s_1_5 s_1_5 0 0
   115     438  v_bs_1_5 b_1_5 0 0.0
   116     439  x_1_5 d_1_5 g_1_5 s_1_5 b_1_5 dut 1e-05 1e-05 1 1.0 0 0 0 1 1 1 1e-12 1e-6 1e-12 1e-6 1 1 1 0 0 2 0 0 0 0 0 0 1 0 1 2 1 0 0 0 0 1e-4 1 3.9 3e-9 2.8e-9 3e-9 1e-7 1.7e17 1e23 1e20 0 0.1 0 0 0 1 0 1 0 0 0 1 0 1 0 0 0 0 0 0 0 0 0 0 0 0 0 0 0 0 0 0 1 0.5 {-1} 0.5 {-0.0186} 0 0 1e-7 1.74e-7 0 {-3} 5e-7 0 2.2 0.53 {-0.032} 0 5.3 {-0.032} 0 0.05 1e-9 1e-18 {-4.65e-11} 0 0 1e-7 1.67 8e4 1 0 0 0 {-0.047} 0 1 200 0 100 0 100 0 0 0 1 {-0.08} 0 0 1 0.08 {-0.07} 0.56 0 2.4e-4 0 0 0.5 0.39 8.6e-3 0 0.56 5e9 5e-6 0 0.01 0 1e-3 1 0 0 0 0 3 0 0 15 0.43 0.054 0.075 1 0.05 0 6e-3 1.1 3 0.054 0.054 0.075 0.43 0.054 0.075 5e-9 1 1 1 1 3e-9 0 2.3e9 0.5 0.8 0 5e-11 5e-11 1e-12 0.6 0.6 5e-11 1e-7 0.6 0 0 {-1} 1 0 1 15 1e-10 1e-10 0.1 0.1 0.1 0.1 1 1 10 10 1e-4 1e-4 1e-14 1e-14 1e-13 1e-14 0 0 0 0 0 0 20 20 20 0.02 0.02 0.02 0.02 0.02 0.02 10 10 10 10 10 10 0 0 0 5e-4 5e-4 0.5 0.5 0.33 0.33 1e-10 1e-10 5e-10 5e-10 0.33 0.33 0.8 0.8 0.8 0.8 0.8 0.8 25 {-1.5} {-0.11} 0 0.022 6.71e-3 {-3.35e-3} 4.1e-3 0 8.13e-3 0 1 1 3 3 0 0 0 0 0 0 0 0 1e-6 1e-6 0 0 0 0 0 1 1 1 1 0 0 0 0 0 0 0 1 0 1 0 0 0 0 0 1e-6 0.28e-6 0.22e-6 0 0 0 0 0 0 0 0
   120     442  e_ds_1_6 d_1_6 0 v_sweep 0 1
   121     443  v_gs_1_6 g_1_6 0 1.4
   122     444  v_s_1_6 s_1_6 0 0
   123     445  v_bs_1_6 b_1_6 0 0.0
   124     446  x_1_6 d_1_6 g_1_6 s_1_6 b_1_6 dut 1e-05 1e-05 1 1.0 0 0 0 1 1 1 1e-12 1e-6 1e-12 1e-6 1 1 1 0 0 2 0 0 0 0 0 0 1 0 1 2 1 0 0 0 0 1e-4 1 3.9 3e-9 2.8e-9 3e-9 1e-7 1.7e17 1e23 1e20 0 0.1 0 0 0 1 0 1 0 0 0 1 0 1 0 0 0 0 0 0 0 0 0 0 0 0 0 0 0 0 0 0 1 0.5 {-1} 0.5 {-0.0186} 0 0 1e-7 1.74e-7 0 {-3} 5e-7 0 2.2 0.53 {-0.032} 0 5.3 {-0.032} 0 0.05 1e-9 1e-18 {-4.65e-11} 0 0 1e-7 1.67 8e4 1 0 0 0 {-0.047} 0 1 200 0 100 0 100 0 0 0 1 {-0.08} 0 0 1 0.08 {-0.07} 0.56 0 2.4e-4 0 0 0.5 0.39 8.6e-3 0 0.56 5e9 5e-6 0 0.01 0 1e-3 1 0 0 0 0 3 0 0 15 0.43 0.054 0.075 1 0.05 0 6e-3 1.1 3 0.054 0.054 0.075 0.43 0.054 0.075 5e-9 1 1 1 1 3e-9 0 2.3e9 0.5 0.8 0 5e-11 5e-11 1e-12 0.6 0.6 5e-11 1e-7 0.6 0 0 {-1} 1 0 1 15 1e-10 1e-10 0.1 0.1 0.1 0.1 1 1 10 10 1e-4 1e-4 1e-14 1e-14 1e-13 1e-14 0 0 0 0 0 0 20 20 20 0.02 0.02 0.02 0.02 0.02 0.02 10 10 10 10 10 10 0 0 0 5e-4 5e-4 0.5 0.5 0.33 0.33 1e-10 1e-10 5e-10 5e-10 0.33 0.33 0.8 0.8 0.8 0.8 0.8 0.8 25 {-1.5} {-0.11} 0 0.022 6.71e-3 {-3.35e-3} 4.1e-3 0 8.13e-3 0 1 1 3 3 0 0 0 0 0 0 0 0 1e-6 1e-6 0 0 0 0 0 1 1 1 1 0 0 0 0 0 0 0 1 0 1 0 0 0 0 0 1e-6 0.28e-6 0.22e-6 0 0 0 0 0 0 0 0
   128     449  e_ds_1_7 d_1_7 0 v_sweep 0 1
   129     450  v_gs_1_7 g_1_7 0 1.6
   130     451  v_s_1_7 s_1_7 0 0
   131     452  v_bs_1_7 b_1_7 0 0.0
   132     453  x_1_7 d_1_7 g_1_7 s_1_7 b_1_7 dut 1e-05 1e-05 1 1.0 0 0 0 1 1 1 1e-12 1e-6 1e-12 1e-6 1 1 1 0 0 2 0 0 0 0 0 0 1 0 1 2 1 0 0 0 0 1e-4 1 3.9 3e-9 2.8e-9 3e-9 1e-7 1.7e17 1e23 1e20 0 0.1 0 0 0 1 0 1 0 0 0 1 0 1 0 0 0 0 0 0 0 0 0 0 0 0 0 0 0 0 0 0 1 0.5 {-1} 0.5 {-0.0186} 0 0 1e-7 1.74e-7 0 {-3} 5e-7 0 2.2 0.53 {-0.032} 0 5.3 {-0.032} 0 0.05 1e-9 1e-18 {-4.65e-11} 0 0 1e-7 1.67 8e4 1 0 0 0 {-0.047} 0 1 200 0 100 0 100 0 0 0 1 {-0.08} 0 0 1 0.08 {-0.07} 0.56 0 2.4e-4 0 0 0.5 0.39 8.6e-3 0 0.56 5e9 5e-6 0 0.01 0 1e-3 1 0 0 0 0 3 0 0 15 0.43 0.054 0.075 1 0.05 0 6e-3 1.1 3 0.054 0.054 0.075 0.43 0.054 0.075 5e-9 1 1 1 1 3e-9 0 2.3e9 0.5 0.8 0 5e-11 5e-11 1e-12 0.6 0.6 5e-11 1e-7 0.6 0 0 {-1} 1 0 1 15 1e-10 1e-10 0.1 0.1 0.1 0.1 1 1 10 10 1e-4 1e-4 1e-14 1e-14 1e-13 1e-14 0 0 0 0 0 0 20 20 20 0.02 0.02 0.02 0.02 0.02 0.02 10 10 10 10 10 10 0 0 0 5e-4 5e-4 0.5 0.5 0.33 0.33 1e-10 1e-10 5e-10 5e-10 0.33 0.33 0.8 0.8 0.8 0.8 0.8 0.8 25 {-1.5} {-0.11} 0 0.022 6.71e-3 {-3.35e-3} 4.1e-3 0 8.13e-3 0 1 1 3 3 0 0 0 0 0 0 0 0 1e-6 1e-6 0 0 0 0 0 1 1 1 1 0 0 0 0 0 0 0 1 0 1 0 0 0 0 0 1e-6 0.28e-6 0.22e-6 0 0 0 0 0 0 0 0
   136     456  e_ds_2_0 d_2_0 0 v_sweep 0 1
   137     457  v_gs_2_0 g_2_0 0 0.2
   138     458  v_s_2_0 s_2_0 0 0
   139     459  v_bs_2_0 b_2_0 0 -1.0
   140     460  x_2_0 d_2_0 g_2_0 s_2_0 b_2_0 dut 5e-06 5e-06 1 1.0 0 0 0 1 1 1 1e-12 1e-6 1e-12 1e-6 1 1 1 0 0 2 0 0 0 0 0 0 1 0 1 2 1 0 0 0 0 1e-4 1 3.9 3e-9 2.8e-9 3e-9 1e-7 1.7e17 1e23 1e20 0 0.1 0 0 0 1 0 1 0 0 0 1 0 1 0 0 0 0 0 0 0 0 0 0 0 0 0 0 0 0 0 0 1 0.5 {-1} 0.5 {-0.0186} 0 0 1e-7 1.74e-7 0 {-3} 5e-7 0 2.2 0.53 {-0.032} 0 5.3 {-0.032} 0 0.05 1e-9 1e-18 {-4.65e-11} 0 0 1e-7 1.67 8e4 1 0 0 0 {-0.047} 0 1 200 0 100 0 100 0 0 0 1 {-0.08} 0 0 1 0.08 {-0.07} 0.56 0 2.4e-4 0 0 0.5 0.39 8.6e-3 0 0.56 5e9 5e-6 0 0.01 0 1e-3 1 0 0 0 0 3 0 0 15 0.43 0.054 0.075 1 0.05 0 6e-3 1.1 3 0.054 0.054 0.075 0.43 0.054 0.075 5e-9 1 1 1 1 3e-9 0 2.3e9 0.5 0.8 0 5e-11 5e-11 1e-12 0.6 0.6 5e-11 1e-7 0.6 0 0 {-1} 1 0 1 15 1e-10 1e-10 0.1 0.1 0.1 0.1 1 1 10 10 1e-4 1e-4 1e-14 1e-14 1e-13 1e-14 0 0 0 0 0 0 20 20 20 0.02 0.02 0.02 0.02 0.02 0.02 10 10 10 10 10 10 0 0 0 5e-4 5e-4 0.5 0.5 0.33 0.33 1e-10 1e-10 5e-10 5e-10 0.33 0.33 0.8 0.8 0.8 0.8 0.8 0.8 25 {-1.5} {-0.11} 0 0.022 6.71e-3 {-3.35e-3} 4.1e-3 0 8.13e-3 0 1 1 3 3 0 0 0 0 0 0 0 0 1e-6 1e-6 0 0 0 0 0 1 1 1 1 0 0 0 0 0 0 0 1 0 1 0 0 0 0 0 1e-6 0.28e-6 0.22e-6 0 0 0 0 0 0 0 0
   144     463  e_ds_2_1 d_2_1 0 v_sweep 0 1
   145     464  v_gs_2_1 g_2_1 0 0.4
   146     465  v_s_2_1 s_2_1 0 0
   147     466  v_bs_2_1 b_2_1 0 -1.0
   148     467  x_2_1 d_2_1 g_2_1 s_2_1 b_2_1 dut 5e-06 5e-06 1 1.0 0 0 0 1 1 1 1e-12 1e-6 1e-12 1e-6 1 1 1 0 0 2 0 0 0 0 0 0 1 0 1 2 1 0 0 0 0 1e-4 1 3.9 3e-9 2.8e-9 3e-9 1e-7 1.7e17 1e23 1e20 0 0.1 0 0 0 1 0 1 0 0 0 1 0 1 0 0 0 0 0 0 0 0 0 0 0 0 0 0 0 0 0 0 1 0.5 {-1} 0.5 {-0.0186} 0 0 1e-7 1.74e-7 0 {-3} 5e-7 0 2.2 0.53 {-0.032} 0 5.3 {-0.032} 0 0.05 1e-9 1e-18 {-4.65e-11} 0 0 1e-7 1.67 8e4 1 0 0 0 {-0.047} 0 1 200 0 100 0 100 0 0 0 1 {-0.08} 0 0 1 0.08 {-0.07} 0.56 0 2.4e-4 0 0 0.5 0.39 8.6e-3 0 0.56 5e9 5e-6 0 0.01 0 1e-3 1 0 0 0 0 3 0 0 15 0.43 0.054 0.075 1 0.05 0 6e-3 1.1 3 0.054 0.054 0.075 0.43 0.054 0.075 5e-9 1 1 1 1 3e-9 0 2.3e9 0.5 0.8 0 5e-11 5e-11 1e-12 0.6 0.6 5e-11 1e-7 0.6 0 0 {-1} 1 0 1 15 1e-10 1e-10 0.1 0.1 0.1 0.1 1 1 10 10 1e-4 1e-4 1e-14 1e-14 1e-13 1e-14 0 0 0 0 0 0 20 20 20 0.02 0.02 0.02 0.02 0.02 0.02 10 10 10 10 10 10 0 0 0 5e-4 5e-4 0.5 0.5 0.33 0.33 1e-10 1e-10 5e-10 5e-10 0.33 0.33 0.8 0.8 0.8 0.8 0.8 0.8 25 {-1.5} {-0.11} 0 0.022 6.71e-3 {-3.35e-3} 4.1e-3 0 8.13e-3 0 1 1 3 3 0 0 0 0 0 0 0 0 1e-6 1e-6 0 0 0 0 0 1 1 1 1 0 0 0 0 0 0 0 1 0 1 0 0 0 0 0 1e-6 0.28e-6 0.22e-6 0 0 0 0 0 0 0 0
   152     470  e_ds_2_2 d_2_2 0 v_sweep 0 1
   153     471  v_gs_2_2 g_2_2 0 0.6
   154     472  v_s_2_2 s_2_2 0 0
   155     473  v_bs_2_2 b_2_2 0 -1.0
   156     474  x_2_2 d_2_2 g_2_2 s_2_2 b_2_2 dut 5e-06 5e-06 1 1.0 0 0 0 1 1 1 1e-12 1e-6 1e-12 1e-6 1 1 1 0 0 2 0 0 0 0 0 0 1 0 1 2 1 0 0 0 0 1e-4 1 3.9 3e-9 2.8e-9 3e-9 1e-7 1.7e17 1e23 1e20 0 0.1 0 0 0 1 0 1 0 0 0 1 0 1 0 0 0 0 0 0 0 0 0 0 0 0 0 0 0 0 0 0 1 0.5 {-1} 0.5 {-0.0186} 0 0 1e-7 1.74e-7 0 {-3} 5e-7 0 2.2 0.53 {-0.032} 0 5.3 {-0.032} 0 0.05 1e-9 1e-18 {-4.65e-11} 0 0 1e-7 1.67 8e4 1 0 0 0 {-0.047} 0 1 200 0 100 0 100 0 0 0 1 {-0.08} 0 0 1 0.08 {-0.07} 0.56 0 2.4e-4 0 0 0.5 0.39 8.6e-3 0 0.56 5e9 5e-6 0 0.01 0 1e-3 1 0 0 0 0 3 0 0 15 0.43 0.054 0.075 1 0.05 0 6e-3 1.1 3 0.054 0.054 0.075 0.43 0.054 0.075 5e-9 1 1 1 1 3e-9 0 2.3e9 0.5 0.8 0 5e-11 5e-11 1e-12 0.6 0.6 5e-11 1e-7 0.6 0 0 {-1} 1 0 1 15 1e-10 1e-10 0.1 0.1 0.1 0.1 1 1 10 10 1e-4 1e-4 1e-14 1e-14 1e-13 1e-14 0 0 0 0 0 0 20 20 20 0.02 0.02 0.02 0.02 0.02 0.02 10 10 10 10 10 10 0 0 0 5e-4 5e-4 0.5 0.5 0.33 0.33 1e-10 1e-10 5e-10 5e-10 0.33 0.33 0.8 0.8 0.8 0.8 0.8 0.8 25 {-1.5} {-0.11} 0 0.022 6.71e-3 {-3.35e-3} 4.1e-3 0 8.13e-3 0 1 1 3 3 0 0 0 0 0 0 0 0 1e-6 1e-6 0 0 0 0 0 1 1 1 1 0 0 0 0 0 0 0 1 0 1 0 0 0 0 0 1e-6 0.28e-6 0.22e-6 0 0 0 0 0 0 0 0
   160     477  e_ds_2_3 d_2_3 0 v_sweep 0 1
   161     478  v_gs_2_3 g_2_3 0 0.8
   162     479  v_s_2_3 s_2_3 0 0
   163     480  v_bs_2_3 b_2_3 0 -1.0
   164     481  x_2_3 d_2_3 g_2_3 s_2_3 b_2_3 dut 5e-06 5e-06 1 1.0 0 0 0 1 1 1 1e-12 1e-6 1e-12 1e-6 1 1 1 0 0 2 0 0 0 0 0 0 1 0 1 2 1 0 0 0 0 1e-4 1 3.9 3e-9 2.8e-9 3e-9 1e-7 1.7e17 1e23 1e20 0 0.1 0 0 0 1 0 1 0 0 0 1 0 1 0 0 0 0 0 0 0 0 0 0 0 0 0 0 0 0 0 0 1 0.5 {-1} 0.5 {-0.0186} 0 0 1e-7 1.74e-7 0 {-3} 5e-7 0 2.2 0.53 {-0.032} 0 5.3 {-0.032} 0 0.05 1e-9 1e-18 {-4.65e-11} 0 0 1e-7 1.67 8e4 1 0 0 0 {-0.047} 0 1 200 0 100 0 100 0 0 0 1 {-0.08} 0 0 1 0.08 {-0.07} 0.56 0 2.4e-4 0 0 0.5 0.39 8.6e-3 0 0.56 5e9 5e-6 0 0.01 0 1e-3 1 0 0 0 0 3 0 0 15 0.43 0.054 0.075 1 0.05 0 6e-3 1.1 3 0.054 0.054 0.075 0.43 0.054 0.075 5e-9 1 1 1 1 3e-9 0 2.3e9 0.5 0.8 0 5e-11 5e-11 1e-12 0.6 0.6 5e-11 1e-7 0.6 0 0 {-1} 1 0 1 15 1e-10 1e-10 0.1 0.1 0.1 0.1 1 1 10 10 1e-4 1e-4 1e-14 1e-14 1e-13 1e-14 0 0 0 0 0 0 20 20 20 0.02 0.02 0.02 0.02 0.02 0.02 10 10 10 10 10 10 0 0 0 5e-4 5e-4 0.5 0.5 0.33 0.33 1e-10 1e-10 5e-10 5e-10 0.33 0.33 0.8 0.8 0.8 0.8 0.8 0.8 25 {-1.5} {-0.11} 0 0.022 6.71e-3 {-3.35e-3} 4.1e-3 0 8.13e-3 0 1 1 3 3 0 0 0 0 0 0 0 0 1e-6 1e-6 0 0 0 0 0 1 1 1 1 0 0 0 0 0 0 0 1 0 1 0 0 0 0 0 1e-6 0.28e-6 0.22e-6 0 0 0 0 0 0 0 0
   168     484  e_ds_2_4 d_2_4 0 v_sweep 0 1
   169     485  v_gs_2_4 g_2_4 0 1.0
   170     486  v_s_2_4 s_2_4 0 0
   171     487  v_bs_2_4 b_2_4 0 -1.0
   172     488  x_2_4 d_2_4 g_2_4 s_2_4 b_2_4 dut 5e-06 5e-06 1 1.0 0 0 0 1 1 1 1e-12 1e-6 1e-12 1e-6 1 1 1 0 0 2 0 0 0 0 0 0 1 0 1 2 1 0 0 0 0 1e-4 1 3.9 3e-9 2.8e-9 3e-9 1e-7 1.7e17 1e23 1e20 0 0.1 0 0 0 1 0 1 0 0 0 1 0 1 0 0 0 0 0 0 0 0 0 0 0 0 0 0 0 0 0 0 1 0.5 {-1} 0.5 {-0.0186} 0 0 1e-7 1.74e-7 0 {-3} 5e-7 0 2.2 0.53 {-0.032} 0 5.3 {-0.032} 0 0.05 1e-9 1e-18 {-4.65e-11} 0 0 1e-7 1.67 8e4 1 0 0 0 {-0.047} 0 1 200 0 100 0 100 0 0 0 1 {-0.08} 0 0 1 0.08 {-0.07} 0.56 0 2.4e-4 0 0 0.5 0.39 8.6e-3 0 0.56 5e9 5e-6 0 0.01 0 1e-3 1 0 0 0 0 3 0 0 15 0.43 0.054 0.075 1 0.05 0 6e-3 1.1 3 0.054 0.054 0.075 0.43 0.054 0.075 5e-9 1 1 1 1 3e-9 0 2.3e9 0.5 0.8 0 5e-11 5e-11 1e-12 0.6 0.6 5e-11 1e-7 0.6 0 0 {-1} 1 0 1 15 1e-10 1e-10 0.1 0.1 0.1 0.1 1 1 10 10 1e-4 1e-4 1e-14 1e-14 1e-13 1e-14 0 0 0 0 0 0 20 20 20 0.02 0.02 0.02 0.02 0.02 0.02 10 10 10 10 10 10 0 0 0 5e-4 5e-4 0.5 0.5 0.33 0.33 1e-10 1e-10 5e-10 5e-10 0.33 0.33 0.8 0.8 0.8 0.8 0.8 0.8 25 {-1.5} {-0.11} 0 0.022 6.71e-3 {-3.35e-3} 4.1e-3 0 8.13e-3 0 1 1 3 3 0 0 0 0 0 0 0 0 1e-6 1e-6 0 0 0 0 0 1 1 1 1 0 0 0 0 0 0 0 1 0 1 0 0 0 0 0 1e-6 0.28e-6 0.22e-6 0 0 0 0 0 0 0 0
   176     491  e_ds_2_5 d_2_5 0 v_sweep 0 1
   177     492  v_gs_2_5 g_2_5 0 1.2
   178     493  v_s_2_5 s_2_5 0 0
   179     494  v_bs_2_5 b_2_5 0 -1.0
   180     495  x_2_5 d_2_5 g_2_5 s_2_5 b_2_5 dut 5e-06 5e-06 1 1.0 0 0 0 1 1 1 1e-12 1e-6 1e-12 1e-6 1 1 1 0 0 2 0 0 0 0 0 0 1 0 1 2 1 0 0 0 0 1e-4 1 3.9 3e-9 2.8e-9 3e-9 1e-7 1.7e17 1e23 1e20 0 0.1 0 0 0 1 0 1 0 0 0 1 0 1 0 0 0 0 0 0 0 0 0 0 0 0 0 0 0 0 0 0 1 0.5 {-1} 0.5 {-0.0186} 0 0 1e-7 1.74e-7 0 {-3} 5e-7 0 2.2 0.53 {-0.032} 0 5.3 {-0.032} 0 0.05 1e-9 1e-18 {-4.65e-11} 0 0 1e-7 1.67 8e4 1 0 0 0 {-0.047} 0 1 200 0 100 0 100 0 0 0 1 {-0.08} 0 0 1 0.08 {-0.07} 0.56 0 2.4e-4 0 0 0.5 0.39 8.6e-3 0 0.56 5e9 5e-6 0 0.01 0 1e-3 1 0 0 0 0 3 0 0 15 0.43 0.054 0.075 1 0.05 0 6e-3 1.1 3 0.054 0.054 0.075 0.43 0.054 0.075 5e-9 1 1 1 1 3e-9 0 2.3e9 0.5 0.8 0 5e-11 5e-11 1e-12 0.6 0.6 5e-11 1e-7 0.6 0 0 {-1} 1 0 1 15 1e-10 1e-10 0.1 0.1 0.1 0.1 1 1 10 10 1e-4 1e-4 1e-14 1e-14 1e-13 1e-14 0 0 0 0 0 0 20 20 20 0.02 0.02 0.02 0.02 0.02 0.02 10 10 10 10 10 10 0 0 0 5e-4 5e-4 0.5 0.5 0.33 0.33 1e-10 1e-10 5e-10 5e-10 0.33 0.33 0.8 0.8 0.8 0.8 0.8 0.8 25 {-1.5} {-0.11} 0 0.022 6.71e-3 {-3.35e-3} 4.1e-3 0 8.13e-3 0 1 1 3 3 0 0 0 0 0 0 0 0 1e-6 1e-6 0 0 0 0 0 1 1 1 1 0 0 0 0 0 0 0 1 0 1 0 0 0 0 0 1e-6 0.28e-6 0.22e-6 0 0 0 0 0 0 0 0
   184     498  e_ds_2_6 d_2_6 0 v_sweep 0 1
   185     499  v_gs_2_6 g_2_6 0 1.4
   186     500  v_s_2_6 s_2_6 0 0
   187     501  v_bs_2_6 b_2_6 0 -1.0
   188     502  x_2_6 d_2_6 g_2_6 s_2_6 b_2_6 dut 5e-06 5e-06 1 1.0 0 0 0 1 1 1 1e-12 1e-6 1e-12 1e-6 1 1 1 0 0 2 0 0 0 0 0 0 1 0 1 2 1 0 0 0 0 1e-4 1 3.9 3e-9 2.8e-9 3e-9 1e-7 1.7e17 1e23 1e20 0 0.1 0 0 0 1 0 1 0 0 0 1 0 1 0 0 0 0 0 0 0 0 0 0 0 0 0 0 0 0 0 0 1 0.5 {-1} 0.5 {-0.0186} 0 0 1e-7 1.74e-7 0 {-3} 5e-7 0 2.2 0.53 {-0.032} 0 5.3 {-0.032} 0 0.05 1e-9 1e-18 {-4.65e-11} 0 0 1e-7 1.67 8e4 1 0 0 0 {-0.047} 0 1 200 0 100 0 100 0 0 0 1 {-0.08} 0 0 1 0.08 {-0.07} 0.56 0 2.4e-4 0 0 0.5 0.39 8.6e-3 0 0.56 5e9 5e-6 0 0.01 0 1e-3 1 0 0 0 0 3 0 0 15 0.43 0.054 0.075 1 0.05 0 6e-3 1.1 3 0.054 0.054 0.075 0.43 0.054 0.075 5e-9 1 1 1 1 3e-9 0 2.3e9 0.5 0.8 0 5e-11 5e-11 1e-12 0.6 0.6 5e-11 1e-7 0.6 0 0 {-1} 1 0 1 15 1e-10 1e-10 0.1 0.1 0.1 0.1 1 1 10 10 1e-4 1e-4 1e-14 1e-14 1e-13 1e-14 0 0 0 0 0 0 20 20 20 0.02 0.02 0.02 0.02 0.02 0.02 10 10 10 10 10 10 0 0 0 5e-4 5e-4 0.5 0.5 0.33 0.33 1e-10 1e-10 5e-10 5e-10 0.33 0.33 0.8 0.8 0.8 0.8 0.8 0.8 25 {-1.5} {-0.11} 0 0.022 6.71e-3 {-3.35e-3} 4.1e-3 0 8.13e-3 0 1 1 3 3 0 0 0 0 0 0 0 0 1e-6 1e-6 0 0 0 0 0 1 1 1 1 0 0 0 0 0 0 0 1 0 1 0 0 0 0 0 1e-6 0.28e-6 0.22e-6 0 0 0 0 0 0 0 0
   192     505  e_ds_2_7 d_2_7 0 v_sweep 0 1
   193     506  v_gs_2_7 g_2_7 0 1.6
   194     507  v_s_2_7 s_2_7 0 0
   195     508  v_bs_2_7 b_2_7 0 -1.0
   196     509  x_2_7 d_2_7 g_2_7 s_2_7 b_2_7 dut 5e-06 5e-06 1 1.0 0 0 0 1 1 1 1e-12 1e-6 1e-12 1e-6 1 1 1 0 0 2 0 0 0 0 0 0 1 0 1 2 1 0 0 0 0 1e-4 1 3.9 3e-9 2.8e-9 3e-9 1e-7 1.7e17 1e23 1e20 0 0.1 0 0 0 1 0 1 0 0 0 1 0 1 0 0 0 0 0 0 0 0 0 0 0 0 0 0 0 0 0 0 1 0.5 {-1} 0.5 {-0.0186} 0 0 1e-7 1.74e-7 0 {-3} 5e-7 0 2.2 0.53 {-0.032} 0 5.3 {-0.032} 0 0.05 1e-9 1e-18 {-4.65e-11} 0 0 1e-7 1.67 8e4 1 0 0 0 {-0.047} 0 1 200 0 100 0 100 0 0 0 1 {-0.08} 0 0 1 0.08 {-0.07} 0.56 0 2.4e-4 0 0 0.5 0.39 8.6e-3 0 0.56 5e9 5e-6 0 0.01 0 1e-3 1 0 0 0 0 3 0 0 15 0.43 0.054 0.075 1 0.05 0 6e-3 1.1 3 0.054 0.054 0.075 0.43 0.054 0.075 5e-9 1 1 1 1 3e-9 0 2.3e9 0.5 0.8 0 5e-11 5e-11 1e-12 0.6 0.6 5e-11 1e-7 0.6 0 0 {-1} 1 0 1 15 1e-10 1e-10 0.1 0.1 0.1 0.1 1 1 10 10 1e-4 1e-4 1e-14 1e-14 1e-13 1e-14 0 0 0 0 0 0 20 20 20 0.02 0.02 0.02 0.02 0.02 0.02 10 10 10 10 10 10 0 0 0 5e-4 5e-4 0.5 0.5 0.33 0.33 1e-10 1e-10 5e-10 5e-10 0.33 0.33 0.8 0.8 0.8 0.8 0.8 0.8 25 {-1.5} {-0.11} 0 0.022 6.71e-3 {-3.35e-3} 4.1e-3 0 8.13e-3 0 1 1 3 3 0 0 0 0 0 0 0 0 1e-6 1e-6 0 0 0 0 0 1 1 1 1 0 0 0 0 0 0 0 1 0 1 0 0 0 0 0 1e-6 0.28e-6 0.22e-6 0 0 0 0 0 0 0 0
   200     512  e_ds_3_0 d_3_0 0 v_sweep 0 1
   201     513  v_gs_3_0 g_3_0 0 0.2
   202     514  v_s_3_0 s_3_0 0 0
   203     515  v_bs_3_0 b_3_0 0 0.0
   204     516  x_3_0 d_3_0 g_3_0 s_3_0 b_3_0 dut 5e-06 5e-06 1 1.0 0 0 0 1 1 1 1e-12 1e-6 1e-12 1e-6 1 1 1 0 0 2 0 0 0 0 0 0 1 0 1 2 1 0 0 0 0 1e-4 1 3.9 3e-9 2.8e-9 3e-9 1e-7 1.7e17 1e23 1e20 0 0.1 0 0 0 1 0 1 0 0 0 1 0 1 0 0 0 0 0 0 0 0 0 0 0 0 0 0 0 0 0 0 1 0.5 {-1} 0.5 {-0.0186} 0 0 1e-7 1.74e-7 0 {-3} 5e-7 0 2.2 0.53 {-0.032} 0 5.3 {-0.032} 0 0.05 1e-9 1e-18 {-4.65e-11} 0 0 1e-7 1.67 8e4 1 0 0 0 {-0.047} 0 1 200 0 100 0 100 0 0 0 1 {-0.08} 0 0 1 0.08 {-0.07} 0.56 0 2.4e-4 0 0 0.5 0.39 8.6e-3 0 0.56 5e9 5e-6 0 0.01 0 1e-3 1 0 0 0 0 3 0 0 15 0.43 0.054 0.075 1 0.05 0 6e-3 1.1 3 0.054 0.054 0.075 0.43 0.054 0.075 5e-9 1 1 1 1 3e-9 0 2.3e9 0.5 0.8 0 5e-11 5e-11 1e-12 0.6 0.6 5e-11 1e-7 0.6 0 0 {-1} 1 0 1 15 1e-10 1e-10 0.1 0.1 0.1 0.1 1 1 10 10 1e-4 1e-4 1e-14 1e-14 1e-13 1e-14 0 0 0 0 0 0 20 20 20 0.02 0.02 0.02 0.02 0.02 0.02 10 10 10 10 10 10 0 0 0 5e-4 5e-4 0.5 0.5 0.33 0.33 1e-10 1e-10 5e-10 5e-10 0.33 0.33 0.8 0.8 0.8 0.8 0.8 0.8 25 {-1.5} {-0.11} 0 0.022 6.71e-3 {-3.35e-3} 4.1e-3 0 8.13e-3 0 1 1 3 3 0 0 0 0 0 0 0 0 1e-6 1e-6 0 0 0 0 0 1 1 1 1 0 0 0 0 0 0 0 1 0 1 0 0 0 0 0 1e-6 0.28e-6 0.22e-6 0 0 0 0 0 0 0 0
   208     519  e_ds_3_1 d_3_1 0 v_sweep 0 1
   209     520  v_gs_3_1 g_3_1 0 0.4
   210     521  v_s_3_1 s_3_1 0 0
   211     522  v_bs_3_1 b_3_1 0 0.0
   212     523  x_3_1 d_3_1 g_3_1 s_3_1 b_3_1 dut 5e-06 5e-06 1 1.0 0 0 0 1 1 1 1e-12 1e-6 1e-12 1e-6 1 1 1 0 0 2 0 0 0 0 0 0 1 0 1 2 1 0 0 0 0 1e-4 1 3.9 3e-9 2.8e-9 3e-9 1e-7 1.7e17 1e23 1e20 0 0.1 0 0 0 1 0 1 0 0 0 1 0 1 0 0 0 0 0 0 0 0 0 0 0 0 0 0 0 0 0 0 1 0.5 {-1} 0.5 {-0.0186} 0 0 1e-7 1.74e-7 0 {-3} 5e-7 0 2.2 0.53 {-0.032} 0 5.3 {-0.032} 0 0.05 1e-9 1e-18 {-4.65e-11} 0 0 1e-7 1.67 8e4 1 0 0 0 {-0.047} 0 1 200 0 100 0 100 0 0 0 1 {-0.08} 0 0 1 0.08 {-0.07} 0.56 0 2.4e-4 0 0 0.5 0.39 8.6e-3 0 0.56 5e9 5e-6 0 0.01 0 1e-3 1 0 0 0 0 3 0 0 15 0.43 0.054 0.075 1 0.05 0 6e-3 1.1 3 0.054 0.054 0.075 0.43 0.054 0.075 5e-9 1 1 1 1 3e-9 0 2.3e9 0.5 0.8 0 5e-11 5e-11 1e-12 0.6 0.6 5e-11 1e-7 0.6 0 0 {-1} 1 0 1 15 1e-10 1e-10 0.1 0.1 0.1 0.1 1 1 10 10 1e-4 1e-4 1e-14 1e-14 1e-13 1e-14 0 0 0 0 0 0 20 20 20 0.02 0.02 0.02 0.02 0.02 0.02 10 10 10 10 10 10 0 0 0 5e-4 5e-4 0.5 0.5 0.33 0.33 1e-10 1e-10 5e-10 5e-10 0.33 0.33 0.8 0.8 0.8 0.8 0.8 0.8 25 {-1.5} {-0.11} 0 0.022 6.71e-3 {-3.35e-3} 4.1e-3 0 8.13e-3 0 1 1 3 3 0 0 0 0 0 0 0 0 1e-6 1e-6 0 0 0 0 0 1 1 1 1 0 0 0 0 0 0 0 1 0 1 0 0 0 0 0 1e-6 0.28e-6 0.22e-6 0 0 0 0 0 0 0 0
   216     526  e_ds_3_2 d_3_2 0 v_sweep 0 1
   217     527  v_gs_3_2 g_3_2 0 0.6
   218     528  v_s_3_2 s_3_2 0 0
   219     529  v_bs_3_2 b_3_2 0 0.0
   220     530  x_3_2 d_3_2 g_3_2 s_3_2 b_3_2 dut 5e-06 5e-06 1 1.0 0 0 0 1 1 1 1e-12 1e-6 1e-12 1e-6 1 1 1 0 0 2 0 0 0 0 0 0 1 0 1 2 1 0 0 0 0 1e-4 1 3.9 3e-9 2.8e-9 3e-9 1e-7 1.7e17 1e23 1e20 0 0.1 0 0 0 1 0 1 0 0 0 1 0 1 0 0 0 0 0 0 0 0 0 0 0 0 0 0 0 0 0 0 1 0.5 {-1} 0.5 {-0.0186} 0 0 1e-7 1.74e-7 0 {-3} 5e-7 0 2.2 0.53 {-0.032} 0 5.3 {-0.032} 0 0.05 1e-9 1e-18 {-4.65e-11} 0 0 1e-7 1.67 8e4 1 0 0 0 {-0.047} 0 1 200 0 100 0 100 0 0 0 1 {-0.08} 0 0 1 0.08 {-0.07} 0.56 0 2.4e-4 0 0 0.5 0.39 8.6e-3 0 0.56 5e9 5e-6 0 0.01 0 1e-3 1 0 0 0 0 3 0 0 15 0.43 0.054 0.075 1 0.05 0 6e-3 1.1 3 0.054 0.054 0.075 0.43 0.054 0.075 5e-9 1 1 1 1 3e-9 0 2.3e9 0.5 0.8 0 5e-11 5e-11 1e-12 0.6 0.6 5e-11 1e-7 0.6 0 0 {-1} 1 0 1 15 1e-10 1e-10 0.1 0.1 0.1 0.1 1 1 10 10 1e-4 1e-4 1e-14 1e-14 1e-13 1e-14 0 0 0 0 0 0 20 20 20 0.02 0.02 0.02 0.02 0.02 0.02 10 10 10 10 10 10 0 0 0 5e-4 5e-4 0.5 0.5 0.33 0.33 1e-10 1e-10 5e-10 5e-10 0.33 0.33 0.8 0.8 0.8 0.8 0.8 0.8 25 {-1.5} {-0.11} 0 0.022 6.71e-3 {-3.35e-3} 4.1e-3 0 8.13e-3 0 1 1 3 3 0 0 0 0 0 0 0 0 1e-6 1e-6 0 0 0 0 0 1 1 1 1 0 0 0 0 0 0 0 1 0 1 0 0 0 0 0 1e-6 0.28e-6 0.22e-6 0 0 0 0 0 0 0 0
   224     533  e_ds_3_3 d_3_3 0 v_sweep 0 1
   225     534  v_gs_3_3 g_3_3 0 0.8
   226     535  v_s_3_3 s_3_3 0 0
   227     536  v_bs_3_3 b_3_3 0 0.0
   228     537  x_3_3 d_3_3 g_3_3 s_3_3 b_3_3 dut 5e-06 5e-06 1 1.0 0 0 0 1 1 1 1e-12 1e-6 1e-12 1e-6 1 1 1 0 0 2 0 0 0 0 0 0 1 0 1 2 1 0 0 0 0 1e-4 1 3.9 3e-9 2.8e-9 3e-9 1e-7 1.7e17 1e23 1e20 0 0.1 0 0 0 1 0 1 0 0 0 1 0 1 0 0 0 0 0 0 0 0 0 0 0 0 0 0 0 0 0 0 1 0.5 {-1} 0.5 {-0.0186} 0 0 1e-7 1.74e-7 0 {-3} 5e-7 0 2.2 0.53 {-0.032} 0 5.3 {-0.032} 0 0.05 1e-9 1e-18 {-4.65e-11} 0 0 1e-7 1.67 8e4 1 0 0 0 {-0.047} 0 1 200 0 100 0 100 0 0 0 1 {-0.08} 0 0 1 0.08 {-0.07} 0.56 0 2.4e-4 0 0 0.5 0.39 8.6e-3 0 0.56 5e9 5e-6 0 0.01 0 1e-3 1 0 0 0 0 3 0 0 15 0.43 0.054 0.075 1 0.05 0 6e-3 1.1 3 0.054 0.054 0.075 0.43 0.054 0.075 5e-9 1 1 1 1 3e-9 0 2.3e9 0.5 0.8 0 5e-11 5e-11 1e-12 0.6 0.6 5e-11 1e-7 0.6 0 0 {-1} 1 0 1 15 1e-10 1e-10 0.1 0.1 0.1 0.1 1 1 10 10 1e-4 1e-4 1e-14 1e-14 1e-13 1e-14 0 0 0 0 0 0 20 20 20 0.02 0.02 0.02 0.02 0.02 0.02 10 10 10 10 10 10 0 0 0 5e-4 5e-4 0.5 0.5 0.33 0.33 1e-10 1e-10 5e-10 5e-10 0.33 0.33 0.8 0.8 0.8 0.8 0.8 0.8 25 {-1.5} {-0.11} 0 0.022 6.71e-3 {-3.35e-3} 4.1e-3 0 8.13e-3 0 1 1 3 3 0 0 0 0 0 0 0 0 1e-6 1e-6 0 0 0 0 0 1 1 1 1 0 0 0 0 0 0 0 1 0 1 0 0 0 0 0 1e-6 0.28e-6 0.22e-6 0 0 0 0 0 0 0 0
   232     540  e_ds_3_4 d_3_4 0 v_sweep 0 1
   233     541  v_gs_3_4 g_3_4 0 1.0
   234     542  v_s_3_4 s_3_4 0 0
   235     543  v_bs_3_4 b_3_4 0 0.0
   236     544  x_3_4 d_3_4 g_3_4 s_3_4 b_3_4 dut 5e-06 5e-06 1 1.0 0 0 0 1 1 1 1e-12 1e-6 1e-12 1e-6 1 1 1 0 0 2 0 0 0 0 0 0 1 0 1 2 1 0 0 0 0 1e-4 1 3.9 3e-9 2.8e-9 3e-9 1e-7 1.7e17 1e23 1e20 0 0.1 0 0 0 1 0 1 0 0 0 1 0 1 0 0 0 0 0 0 0 0 0 0 0 0 0 0 0 0 0 0 1 0.5 {-1} 0.5 {-0.0186} 0 0 1e-7 1.74e-7 0 {-3} 5e-7 0 2.2 0.53 {-0.032} 0 5.3 {-0.032} 0 0.05 1e-9 1e-18 {-4.65e-11} 0 0 1e-7 1.67 8e4 1 0 0 0 {-0.047} 0 1 200 0 100 0 100 0 0 0 1 {-0.08} 0 0 1 0.08 {-0.07} 0.56 0 2.4e-4 0 0 0.5 0.39 8.6e-3 0 0.56 5e9 5e-6 0 0.01 0 1e-3 1 0 0 0 0 3 0 0 15 0.43 0.054 0.075 1 0.05 0 6e-3 1.1 3 0.054 0.054 0.075 0.43 0.054 0.075 5e-9 1 1 1 1 3e-9 0 2.3e9 0.5 0.8 0 5e-11 5e-11 1e-12 0.6 0.6 5e-11 1e-7 0.6 0 0 {-1} 1 0 1 15 1e-10 1e-10 0.1 0.1 0.1 0.1 1 1 10 10 1e-4 1e-4 1e-14 1e-14 1e-13 1e-14 0 0 0 0 0 0 20 20 20 0.02 0.02 0.02 0.02 0.02 0.02 10 10 10 10 10 10 0 0 0 5e-4 5e-4 0.5 0.5 0.33 0.33 1e-10 1e-10 5e-10 5e-10 0.33 0.33 0.8 0.8 0.8 0.8 0.8 0.8 25 {-1.5} {-0.11} 0 0.022 6.71e-3 {-3.35e-3} 4.1e-3 0 8.13e-3 0 1 1 3 3 0 0 0 0 0 0 0 0 1e-6 1e-6 0 0 0 0 0 1 1 1 1 0 0 0 0 0 0 0 1 0 1 0 0 0 0 0 1e-6 0.28e-6 0.22e-6 0 0 0 0 0 0 0 0
   240     547  e_ds_3_5 d_3_5 0 v_sweep 0 1
   241     548  v_gs_3_5 g_3_5 0 1.2
   242     549  v_s_3_5 s_3_5 0 0
   243     550  v_bs_3_5 b_3_5 0 0.0
   244     551  x_3_5 d_3_5 g_3_5 s_3_5 b_3_5 dut 5e-06 5e-06 1 1.0 0 0 0 1 1 1 1e-12 1e-6 1e-12 1e-6 1 1 1 0 0 2 0 0 0 0 0 0 1 0 1 2 1 0 0 0 0 1e-4 1 3.9 3e-9 2.8e-9 3e-9 1e-7 1.7e17 1e23 1e20 0 0.1 0 0 0 1 0 1 0 0 0 1 0 1 0 0 0 0 0 0 0 0 0 0 0 0 0 0 0 0 0 0 1 0.5 {-1} 0.5 {-0.0186} 0 0 1e-7 1.74e-7 0 {-3} 5e-7 0 2.2 0.53 {-0.032} 0 5.3 {-0.032} 0 0.05 1e-9 1e-18 {-4.65e-11} 0 0 1e-7 1.67 8e4 1 0 0 0 {-0.047} 0 1 200 0 100 0 100 0 0 0 1 {-0.08} 0 0 1 0.08 {-0.07} 0.56 0 2.4e-4 0 0 0.5 0.39 8.6e-3 0 0.56 5e9 5e-6 0 0.01 0 1e-3 1 0 0 0 0 3 0 0 15 0.43 0.054 0.075 1 0.05 0 6e-3 1.1 3 0.054 0.054 0.075 0.43 0.054 0.075 5e-9 1 1 1 1 3e-9 0 2.3e9 0.5 0.8 0 5e-11 5e-11 1e-12 0.6 0.6 5e-11 1e-7 0.6 0 0 {-1} 1 0 1 15 1e-10 1e-10 0.1 0.1 0.1 0.1 1 1 10 10 1e-4 1e-4 1e-14 1e-14 1e-13 1e-14 0 0 0 0 0 0 20 20 20 0.02 0.02 0.02 0.02 0.02 0.02 10 10 10 10 10 10 0 0 0 5e-4 5e-4 0.5 0.5 0.33 0.33 1e-10 1e-10 5e-10 5e-10 0.33 0.33 0.8 0.8 0.8 0.8 0.8 0.8 25 {-1.5} {-0.11} 0 0.022 6.71e-3 {-3.35e-3} 4.1e-3 0 8.13e-3 0 1 1 3 3 0 0 0 0 0 0 0 0 1e-6 1e-6 0 0 0 0 0 1 1 1 1 0 0 0 0 0 0 0 1 0 1 0 0 0 0 0 1e-6 0.28e-6 0.22e-6 0 0 0 0 0 0 0 0
   248     554  e_ds_3_6 d_3_6 0 v_sweep 0 1
   249     555  v_gs_3_6 g_3_6 0 1.4
   250     556  v_s_3_6 s_3_6 0 0
   251     557  v_bs_3_6 b_3_6 0 0.0
   252     558  x_3_6 d_3_6 g_3_6 s_3_6 b_3_6 dut 5e-06 5e-06 1 1.0 0 0 0 1 1 1 1e-12 1e-6 1e-12 1e-6 1 1 1 0 0 2 0 0 0 0 0 0 1 0 1 2 1 0 0 0 0 1e-4 1 3.9 3e-9 2.8e-9 3e-9 1e-7 1.7e17 1e23 1e20 0 0.1 0 0 0 1 0 1 0 0 0 1 0 1 0 0 0 0 0 0 0 0 0 0 0 0 0 0 0 0 0 0 1 0.5 {-1} 0.5 {-0.0186} 0 0 1e-7 1.74e-7 0 {-3} 5e-7 0 2.2 0.53 {-0.032} 0 5.3 {-0.032} 0 0.05 1e-9 1e-18 {-4.65e-11} 0 0 1e-7 1.67 8e4 1 0 0 0 {-0.047} 0 1 200 0 100 0 100 0 0 0 1 {-0.08} 0 0 1 0.08 {-0.07} 0.56 0 2.4e-4 0 0 0.5 0.39 8.6e-3 0 0.56 5e9 5e-6 0 0.01 0 1e-3 1 0 0 0 0 3 0 0 15 0.43 0.054 0.075 1 0.05 0 6e-3 1.1 3 0.054 0.054 0.075 0.43 0.054 0.075 5e-9 1 1 1 1 3e-9 0 2.3e9 0.5 0.8 0 5e-11 5e-11 1e-12 0.6 0.6 5e-11 1e-7 0.6 0 0 {-1} 1 0 1 15 1e-10 1e-10 0.1 0.1 0.1 0.1 1 1 10 10 1e-4 1e-4 1e-14 1e-14 1e-13 1e-14 0 0 0 0 0 0 20 20 20 0.02 0.02 0.02 0.02 0.02 0.02 10 10 10 10 10 10 0 0 0 5e-4 5e-4 0.5 0.5 0.33 0.33 1e-10 1e-10 5e-10 5e-10 0.33 0.33 0.8 0.8 0.8 0.8 0.8 0.8 25 {-1.5} {-0.11} 0 0.022 6.71e-3 {-3.35e-3} 4.1e-3 0 8.13e-3 0 1 1 3 3 0 0 0 0 0 0 0 0 1e-6 1e-6 0 0 0 0 0 1 1 1 1 0 0 0 0 0 0 0 1 0 1 0 0 0 0 0 1e-6 0.28e-6 0.22e-6 0 0 0 0 0 0 0 0
   256     561  e_ds_3_7 d_3_7 0 v_sweep 0 1
   257     562  v_gs_3_7 g_3_7 0 1.6
   258     563  v_s_3_7 s_3_7 0 0
   259     564  v_bs_3_7 b_3_7 0 0.0
   260     565  x_3_7 d_3_7 g_3_7 s_3_7 b_3_7 dut 5e-06 5e-06 1 1.0 0 0 0 1 1 1 1e-12 1e-6 1e-12 1e-6 1 1 1 0 0 2 0 0 0 0 0 0 1 0 1 2 1 0 0 0 0 1e-4 1 3.9 3e-9 2.8e-9 3e-9 1e-7 1.7e17 1e23 1e20 0 0.1 0 0 0 1 0 1 0 0 0 1 0 1 0 0 0 0 0 0 0 0 0 0 0 0 0 0 0 0 0 0 1 0.5 {-1} 0.5 {-0.0186} 0 0 1e-7 1.74e-7 0 {-3} 5e-7 0 2.2 0.53 {-0.032} 0 5.3 {-0.032} 0 0.05 1e-9 1e-18 {-4.65e-11} 0 0 1e-7 1.67 8e4 1 0 0 0 {-0.047} 0 1 200 0 100 0 100 0 0 0 1 {-0.08} 0 0 1 0.08 {-0.07} 0.56 0 2.4e-4 0 0 0.5 0.39 8.6e-3 0 0.56 5e9 5e-6 0 0.01 0 1e-3 1 0 0 0 0 3 0 0 15 0.43 0.054 0.075 1 0.05 0 6e-3 1.1 3 0.054 0.054 0.075 0.43 0.054 0.075 5e-9 1 1 1 1 3e-9 0 2.3e9 0.5 0.8 0 5e-11 5e-11 1e-12 0.6 0.6 5e-11 1e-7 0.6 0 0 {-1} 1 0 1 15 1e-10 1e-10 0.1 0.1 0.1 0.1 1 1 10 10 1e-4 1e-4 1e-14 1e-14 1e-13 1e-14 0 0 0 0 0 0 20 20 20 0.02 0.02 0.02 0.02 0.02 0.02 10 10 10 10 10 10 0 0 0 5e-4 5e-4 0.5 0.5 0.33 0.33 1e-10 1e-10 5e-10 5e-10 0.33 0.33 0.8 0.8 0.8 0.8 0.8 0.8 25 {-1.5} {-0.11} 0 0.022 6.71e-3 {-3.35e-3} 4.1e-3 0 8.13e-3 0 1 1 3 3 0 0 0 0 0 0 0 0 1e-6 1e-6 0 0 0 0 0 1 1 1 1 0 0 0 0 0 0 0 1 0 1 0 0 0 0 0 1e-6 0.28e-6 0.22e-6 0 0 0 0 0 0 0 0
   264     568  e_ds_4_0 d_4_0 0 v_sweep 0 1
   265     569  v_gs_4_0 g_4_0 0 0.2
   266     570  v_s_4_0 s_4_0 0 0
   267     571  v_bs_4_0 b_4_0 0 -1.0
   268     572  x_4_0 d_4_0 g_4_0 s_4_0 b_4_0 dut 1e-06 1e-06 1 1.0 0 0 0 1 1 1 1e-12 1e-6 1e-12 1e-6 1 1 1 0 0 2 0 0 0 0 0 0 1 0 1 2 1 0 0 0 0 1e-4 1 3.9 3e-9 2.8e-9 3e-9 1e-7 1.7e17 1e23 1e20 0 0.1 0 0 0 1 0 1 0 0 0 1 0 1 0 0 0 0 0 0 0 0 0 0 0 0 0 0 0 0 0 0 1 0.5 {-1} 0.5 {-0.0186} 0 0 1e-7 1.74e-7 0 {-3} 5e-7 0 2.2 0.53 {-0.032} 0 5.3 {-0.032} 0 0.05 1e-9 1e-18 {-4.65e-11} 0 0 1e-7 1.67 8e4 1 0 0 0 {-0.047} 0 1 200 0 100 0 100 0 0 0 1 {-0.08} 0 0 1 0.08 {-0.07} 0.56 0 2.4e-4 0 0 0.5 0.39 8.6e-3 0 0.56 5e9 5e-6 0 0.01 0 1e-3 1 0 0 0 0 3 0 0 15 0.43 0.054 0.075 1 0.05 0 6e-3 1.1 3 0.054 0.054 0.075 0.43 0.054 0.075 5e-9 1 1 1 1 3e-9 0 2.3e9 0.5 0.8 0 5e-11 5e-11 1e-12 0.6 0.6 5e-11 1e-7 0.6 0 0 {-1} 1 0 1 15 1e-10 1e-10 0.1 0.1 0.1 0.1 1 1 10 10 1e-4 1e-4 1e-14 1e-14 1e-13 1e-14 0 0 0 0 0 0 20 20 20 0.02 0.02 0.02 0.02 0.02 0.02 10 10 10 10 10 10 0 0 0 5e-4 5e-4 0.5 0.5 0.33 0.33 1e-10 1e-10 5e-10 5e-10 0.33 0.33 0.8 0.8 0.8 0.8 0.8 0.8 25 {-1.5} {-0.11} 0 0.022 6.71e-3 {-3.35e-3} 4.1e-3 0 8.13e-3 0 1 1 3 3 0 0 0 0 0 0 0 0 1e-6 1e-6 0 0 0 0 0 1 1 1 1 0 0 0 0 0 0 0 1 0 1 0 0 0 0 0 1e-6 0.28e-6 0.22e-6 0 0 0 0 0 0 0 0
   272     575  e_ds_4_1 d_4_1 0 v_sweep 0 1
   273     576  v_gs_4_1 g_4_1 0 0.4
   274     577  v_s_4_1 s_4_1 0 0
   275     578  v_bs_4_1 b_4_1 0 -1.0
   276     579  x_4_1 d_4_1 g_4_1 s_4_1 b_4_1 dut 1e-06 1e-06 1 1.0 0 0 0 1 1 1 1e-12 1e-6 1e-12 1e-6 1 1 1 0 0 2 0 0 0 0 0 0 1 0 1 2 1 0 0 0 0 1e-4 1 3.9 3e-9 2.8e-9 3e-9 1e-7 1.7e17 1e23 1e20 0 0.1 0 0 0 1 0 1 0 0 0 1 0 1 0 0 0 0 0 0 0 0 0 0 0 0 0 0 0 0 0 0 1 0.5 {-1} 0.5 {-0.0186} 0 0 1e-7 1.74e-7 0 {-3} 5e-7 0 2.2 0.53 {-0.032} 0 5.3 {-0.032} 0 0.05 1e-9 1e-18 {-4.65e-11} 0 0 1e-7 1.67 8e4 1 0 0 0 {-0.047} 0 1 200 0 100 0 100 0 0 0 1 {-0.08} 0 0 1 0.08 {-0.07} 0.56 0 2.4e-4 0 0 0.5 0.39 8.6e-3 0 0.56 5e9 5e-6 0 0.01 0 1e-3 1 0 0 0 0 3 0 0 15 0.43 0.054 0.075 1 0.05 0 6e-3 1.1 3 0.054 0.054 0.075 0.43 0.054 0.075 5e-9 1 1 1 1 3e-9 0 2.3e9 0.5 0.8 0 5e-11 5e-11 1e-12 0.6 0.6 5e-11 1e-7 0.6 0 0 {-1} 1 0 1 15 1e-10 1e-10 0.1 0.1 0.1 0.1 1 1 10 10 1e-4 1e-4 1e-14 1e-14 1e-13 1e-14 0 0 0 0 0 0 20 20 20 0.02 0.02 0.02 0.02 0.02 0.02 10 10 10 10 10 10 0 0 0 5e-4 5e-4 0.5 0.5 0.33 0.33 1e-10 1e-10 5e-10 5e-10 0.33 0.33 0.8 0.8 0.8 0.8 0.8 0.8 25 {-1.5} {-0.11} 0 0.022 6.71e-3 {-3.35e-3} 4.1e-3 0 8.13e-3 0 1 1 3 3 0 0 0 0 0 0 0 0 1e-6 1e-6 0 0 0 0 0 1 1 1 1 0 0 0 0 0 0 0 1 0 1 0 0 0 0 0 1e-6 0.28e-6 0.22e-6 0 0 0 0 0 0 0 0
   280     582  e_ds_4_2 d_4_2 0 v_sweep 0 1
   281     583  v_gs_4_2 g_4_2 0 0.6
   282     584  v_s_4_2 s_4_2 0 0
   283     585  v_bs_4_2 b_4_2 0 -1.0
   284     586  x_4_2 d_4_2 g_4_2 s_4_2 b_4_2 dut 1e-06 1e-06 1 1.0 0 0 0 1 1 1 1e-12 1e-6 1e-12 1e-6 1 1 1 0 0 2 0 0 0 0 0 0 1 0 1 2 1 0 0 0 0 1e-4 1 3.9 3e-9 2.8e-9 3e-9 1e-7 1.7e17 1e23 1e20 0 0.1 0 0 0 1 0 1 0 0 0 1 0 1 0 0 0 0 0 0 0 0 0 0 0 0 0 0 0 0 0 0 1 0.5 {-1} 0.5 {-0.0186} 0 0 1e-7 1.74e-7 0 {-3} 5e-7 0 2.2 0.53 {-0.032} 0 5.3 {-0.032} 0 0.05 1e-9 1e-18 {-4.65e-11} 0 0 1e-7 1.67 8e4 1 0 0 0 {-0.047} 0 1 200 0 100 0 100 0 0 0 1 {-0.08} 0 0 1 0.08 {-0.07} 0.56 0 2.4e-4 0 0 0.5 0.39 8.6e-3 0 0.56 5e9 5e-6 0 0.01 0 1e-3 1 0 0 0 0 3 0 0 15 0.43 0.054 0.075 1 0.05 0 6e-3 1.1 3 0.054 0.054 0.075 0.43 0.054 0.075 5e-9 1 1 1 1 3e-9 0 2.3e9 0.5 0.8 0 5e-11 5e-11 1e-12 0.6 0.6 5e-11 1e-7 0.6 0 0 {-1} 1 0 1 15 1e-10 1e-10 0.1 0.1 0.1 0.1 1 1 10 10 1e-4 1e-4 1e-14 1e-14 1e-13 1e-14 0 0 0 0 0 0 20 20 20 0.02 0.02 0.02 0.02 0.02 0.02 10 10 10 10 10 10 0 0 0 5e-4 5e-4 0.5 0.5 0.33 0.33 1e-10 1e-10 5e-10 5e-10 0.33 0.33 0.8 0.8 0.8 0.8 0.8 0.8 25 {-1.5} {-0.11} 0 0.022 6.71e-3 {-3.35e-3} 4.1e-3 0 8.13e-3 0 1 1 3 3 0 0 0 0 0 0 0 0 1e-6 1e-6 0 0 0 0 0 1 1 1 1 0 0 0 0 0 0 0 1 0 1 0 0 0 0 0 1e-6 0.28e-6 0.22e-6 0 0 0 0 0 0 0 0
   288     589  e_ds_4_3 d_4_3 0 v_sweep 0 1
   289     590  v_gs_4_3 g_4_3 0 0.8
   290     591  v_s_4_3 s_4_3 0 0
   291     592  v_bs_4_3 b_4_3 0 -1.0
   292     593  x_4_3 d_4_3 g_4_3 s_4_3 b_4_3 dut 1e-06 1e-06 1 1.0 0 0 0 1 1 1 1e-12 1e-6 1e-12 1e-6 1 1 1 0 0 2 0 0 0 0 0 0 1 0 1 2 1 0 0 0 0 1e-4 1 3.9 3e-9 2.8e-9 3e-9 1e-7 1.7e17 1e23 1e20 0 0.1 0 0 0 1 0 1 0 0 0 1 0 1 0 0 0 0 0 0 0 0 0 0 0 0 0 0 0 0 0 0 1 0.5 {-1} 0.5 {-0.0186} 0 0 1e-7 1.74e-7 0 {-3} 5e-7 0 2.2 0.53 {-0.032} 0 5.3 {-0.032} 0 0.05 1e-9 1e-18 {-4.65e-11} 0 0 1e-7 1.67 8e4 1 0 0 0 {-0.047} 0 1 200 0 100 0 100 0 0 0 1 {-0.08} 0 0 1 0.08 {-0.07} 0.56 0 2.4e-4 0 0 0.5 0.39 8.6e-3 0 0.56 5e9 5e-6 0 0.01 0 1e-3 1 0 0 0 0 3 0 0 15 0.43 0.054 0.075 1 0.05 0 6e-3 1.1 3 0.054 0.054 0.075 0.43 0.054 0.075 5e-9 1 1 1 1 3e-9 0 2.3e9 0.5 0.8 0 5e-11 5e-11 1e-12 0.6 0.6 5e-11 1e-7 0.6 0 0 {-1} 1 0 1 15 1e-10 1e-10 0.1 0.1 0.1 0.1 1 1 10 10 1e-4 1e-4 1e-14 1e-14 1e-13 1e-14 0 0 0 0 0 0 20 20 20 0.02 0.02 0.02 0.02 0.02 0.02 10 10 10 10 10 10 0 0 0 5e-4 5e-4 0.5 0.5 0.33 0.33 1e-10 1e-10 5e-10 5e-10 0.33 0.33 0.8 0.8 0.8 0.8 0.8 0.8 25 {-1.5} {-0.11} 0 0.022 6.71e-3 {-3.35e-3} 4.1e-3 0 8.13e-3 0 1 1 3 3 0 0 0 0 0 0 0 0 1e-6 1e-6 0 0 0 0 0 1 1 1 1 0 0 0 0 0 0 0 1 0 1 0 0 0 0 0 1e-6 0.28e-6 0.22e-6 0 0 0 0 0 0 0 0
   296     596  e_ds_4_4 d_4_4 0 v_sweep 0 1
   297     597  v_gs_4_4 g_4_4 0 1.0
   298     598  v_s_4_4 s_4_4 0 0
   299     599  v_bs_4_4 b_4_4 0 -1.0
   300     600  x_4_4 d_4_4 g_4_4 s_4_4 b_4_4 dut 1e-06 1e-06 1 1.0 0 0 0 1 1 1 1e-12 1e-6 1e-12 1e-6 1 1 1 0 0 2 0 0 0 0 0 0 1 0 1 2 1 0 0 0 0 1e-4 1 3.9 3e-9 2.8e-9 3e-9 1e-7 1.7e17 1e23 1e20 0 0.1 0 0 0 1 0 1 0 0 0 1 0 1 0 0 0 0 0 0 0 0 0 0 0 0 0 0 0 0 0 0 1 0.5 {-1} 0.5 {-0.0186} 0 0 1e-7 1.74e-7 0 {-3} 5e-7 0 2.2 0.53 {-0.032} 0 5.3 {-0.032} 0 0.05 1e-9 1e-18 {-4.65e-11} 0 0 1e-7 1.67 8e4 1 0 0 0 {-0.047} 0 1 200 0 100 0 100 0 0 0 1 {-0.08} 0 0 1 0.08 {-0.07} 0.56 0 2.4e-4 0 0 0.5 0.39 8.6e-3 0 0.56 5e9 5e-6 0 0.01 0 1e-3 1 0 0 0 0 3 0 0 15 0.43 0.054 0.075 1 0.05 0 6e-3 1.1 3 0.054 0.054 0.075 0.43 0.054 0.075 5e-9 1 1 1 1 3e-9 0 2.3e9 0.5 0.8 0 5e-11 5e-11 1e-12 0.6 0.6 5e-11 1e-7 0.6 0 0 {-1} 1 0 1 15 1e-10 1e-10 0.1 0.1 0.1 0.1 1 1 10 10 1e-4 1e-4 1e-14 1e-14 1e-13 1e-14 0 0 0 0 0 0 20 20 20 0.02 0.02 0.02 0.02 0.02 0.02 10 10 10 10 10 10 0 0 0 5e-4 5e-4 0.5 0.5 0.33 0.33 1e-10 1e-10 5e-10 5e-10 0.33 0.33 0.8 0.8 0.8 0.8 0.8 0.8 25 {-1.5} {-0.11} 0 0.022 6.71e-3 {-3.35e-3} 4.1e-3 0 8.13e-3 0 1 1 3 3 0 0 0 0 0 0 0 0 1e-6 1e-6 0 0 0 0 0 1 1 1 1 0 0 0 0 0 0 0 1 0 1 0 0 0 0 0 1e-6 0.28e-6 0.22e-6 0 0 0 0 0 0 0 0
   304     603  e_ds_4_5 d_4_5 0 v_sweep 0 1
   305     604  v_gs_4_5 g_4_5 0 1.2
   306     605  v_s_4_5 s_4_5 0 0
   307     606  v_bs_4_5 b_4_5 0 -1.0
   308     607  x_4_5 d_4_5 g_4_5 s_4_5 b_4_5 dut 1e-06 1e-06 1 1.0 0 0 0 1 1 1 1e-12 1e-6 1e-12 1e-6 1 1 1 0 0 2 0 0 0 0 0 0 1 0 1 2 1 0 0 0 0 1e-4 1 3.9 3e-9 2.8e-9 3e-9 1e-7 1.7e17 1e23 1e20 0 0.1 0 0 0 1 0 1 0 0 0 1 0 1 0 0 0 0 0 0 0 0 0 0 0 0 0 0 0 0 0 0 1 0.5 {-1} 0.5 {-0.0186} 0 0 1e-7 1.74e-7 0 {-3} 5e-7 0 2.2 0.53 {-0.032} 0 5.3 {-0.032} 0 0.05 1e-9 1e-18 {-4.65e-11} 0 0 1e-7 1.67 8e4 1 0 0 0 {-0.047} 0 1 200 0 100 0 100 0 0 0 1 {-0.08} 0 0 1 0.08 {-0.07} 0.56 0 2.4e-4 0 0 0.5 0.39 8.6e-3 0 0.56 5e9 5e-6 0 0.01 0 1e-3 1 0 0 0 0 3 0 0 15 0.43 0.054 0.075 1 0.05 0 6e-3 1.1 3 0.054 0.054 0.075 0.43 0.054 0.075 5e-9 1 1 1 1 3e-9 0 2.3e9 0.5 0.8 0 5e-11 5e-11 1e-12 0.6 0.6 5e-11 1e-7 0.6 0 0 {-1} 1 0 1 15 1e-10 1e-10 0.1 0.1 0.1 0.1 1 1 10 10 1e-4 1e-4 1e-14 1e-14 1e-13 1e-14 0 0 0 0 0 0 20 20 20 0.02 0.02 0.02 0.02 0.02 0.02 10 10 10 10 10 10 0 0 0 5e-4 5e-4 0.5 0.5 0.33 0.33 1e-10 1e-10 5e-10 5e-10 0.33 0.33 0.8 0.8 0.8 0.8 0.8 0.8 25 {-1.5} {-0.11} 0 0.022 6.71e-3 {-3.35e-3} 4.1e-3 0 8.13e-3 0 1 1 3 3 0 0 0 0 0 0 0 0 1e-6 1e-6 0 0 0 0 0 1 1 1 1 0 0 0 0 0 0 0 1 0 1 0 0 0 0 0 1e-6 0.28e-6 0.22e-6 0 0 0 0 0 0 0 0
   312     610  e_ds_4_6 d_4_6 0 v_sweep 0 1
   313     611  v_gs_4_6 g_4_6 0 1.4
   314     612  v_s_4_6 s_4_6 0 0
   315     613  v_bs_4_6 b_4_6 0 -1.0
   316     614  x_4_6 d_4_6 g_4_6 s_4_6 b_4_6 dut 1e-06 1e-06 1 1.0 0 0 0 1 1 1 1e-12 1e-6 1e-12 1e-6 1 1 1 0 0 2 0 0 0 0 0 0 1 0 1 2 1 0 0 0 0 1e-4 1 3.9 3e-9 2.8e-9 3e-9 1e-7 1.7e17 1e23 1e20 0 0.1 0 0 0 1 0 1 0 0 0 1 0 1 0 0 0 0 0 0 0 0 0 0 0 0 0 0 0 0 0 0 1 0.5 {-1} 0.5 {-0.0186} 0 0 1e-7 1.74e-7 0 {-3} 5e-7 0 2.2 0.53 {-0.032} 0 5.3 {-0.032} 0 0.05 1e-9 1e-18 {-4.65e-11} 0 0 1e-7 1.67 8e4 1 0 0 0 {-0.047} 0 1 200 0 100 0 100 0 0 0 1 {-0.08} 0 0 1 0.08 {-0.07} 0.56 0 2.4e-4 0 0 0.5 0.39 8.6e-3 0 0.56 5e9 5e-6 0 0.01 0 1e-3 1 0 0 0 0 3 0 0 15 0.43 0.054 0.075 1 0.05 0 6e-3 1.1 3 0.054 0.054 0.075 0.43 0.054 0.075 5e-9 1 1 1 1 3e-9 0 2.3e9 0.5 0.8 0 5e-11 5e-11 1e-12 0.6 0.6 5e-11 1e-7 0.6 0 0 {-1} 1 0 1 15 1e-10 1e-10 0.1 0.1 0.1 0.1 1 1 10 10 1e-4 1e-4 1e-14 1e-14 1e-13 1e-14 0 0 0 0 0 0 20 20 20 0.02 0.02 0.02 0.02 0.02 0.02 10 10 10 10 10 10 0 0 0 5e-4 5e-4 0.5 0.5 0.33 0.33 1e-10 1e-10 5e-10 5e-10 0.33 0.33 0.8 0.8 0.8 0.8 0.8 0.8 25 {-1.5} {-0.11} 0 0.022 6.71e-3 {-3.35e-3} 4.1e-3 0 8.13e-3 0 1 1 3 3 0 0 0 0 0 0 0 0 1e-6 1e-6 0 0 0 0 0 1 1 1 1 0 0 0 0 0 0 0 1 0 1 0 0 0 0 0 1e-6 0.28e-6 0.22e-6 0 0 0 0 0 0 0 0
   320     617  e_ds_4_7 d_4_7 0 v_sweep 0 1
   321     618  v_gs_4_7 g_4_7 0 1.6
   322     619  v_s_4_7 s_4_7 0 0
   323     620  v_bs_4_7 b_4_7 0 -1.0
   324     621  x_4_7 d_4_7 g_4_7 s_4_7 b_4_7 dut 1e-06 1e-06 1 1.0 0 0 0 1 1 1 1e-12 1e-6 1e-12 1e-6 1 1 1 0 0 2 0 0 0 0 0 0 1 0 1 2 1 0 0 0 0 1e-4 1 3.9 3e-9 2.8e-9 3e-9 1e-7 1.7e17 1e23 1e20 0 0.1 0 0 0 1 0 1 0 0 0 1 0 1 0 0 0 0 0 0 0 0 0 0 0 0 0 0 0 0 0 0 1 0.5 {-1} 0.5 {-0.0186} 0 0 1e-7 1.74e-7 0 {-3} 5e-7 0 2.2 0.53 {-0.032} 0 5.3 {-0.032} 0 0.05 1e-9 1e-18 {-4.65e-11} 0 0 1e-7 1.67 8e4 1 0 0 0 {-0.047} 0 1 200 0 100 0 100 0 0 0 1 {-0.08} 0 0 1 0.08 {-0.07} 0.56 0 2.4e-4 0 0 0.5 0.39 8.6e-3 0 0.56 5e9 5e-6 0 0.01 0 1e-3 1 0 0 0 0 3 0 0 15 0.43 0.054 0.075 1 0.05 0 6e-3 1.1 3 0.054 0.054 0.075 0.43 0.054 0.075 5e-9 1 1 1 1 3e-9 0 2.3e9 0.5 0.8 0 5e-11 5e-11 1e-12 0.6 0.6 5e-11 1e-7 0.6 0 0 {-1} 1 0 1 15 1e-10 1e-10 0.1 0.1 0.1 0.1 1 1 10 10 1e-4 1e-4 1e-14 1e-14 1e-13 1e-14 0 0 0 0 0 0 20 20 20 0.02 0.02 0.02 0.02 0.02 0.02 10 10 10 10 10 10 0 0 0 5e-4 5e-4 0.5 0.5 0.33 0.33 1e-10 1e-10 5e-10 5e-10 0.33 0.33 0.8 0.8 0.8 0.8 0.8 0.8 25 {-1.5} {-0.11} 0 0.022 6.71e-3 {-3.35e-3} 4.1e-3 0 8.13e-3 0 1 1 3 3 0 0 0 0 0 0 0 0 1e-6 1e-6 0 0 0 0 0 1 1 1 1 0 0 0 0 0 0 0 1 0 1 0 0 0 0 0 1e-6 0.28e-6 0.22e-6 0 0 0 0 0 0 0 0
   328     624  e_ds_5_0 d_5_0 0 v_sweep 0 1
   329     625  v_gs_5_0 g_5_0 0 0.2
   330     626  v_s_5_0 s_5_0 0 0
   331     627  v_bs_5_0 b_5_0 0 0.0
   332     628  x_5_0 d_5_0 g_5_0 s_5_0 b_5_0 dut 1e-06 1e-06 1 1.0 0 0 0 1 1 1 1e-12 1e-6 1e-12 1e-6 1 1 1 0 0 2 0 0 0 0 0 0 1 0 1 2 1 0 0 0 0 1e-4 1 3.9 3e-9 2.8e-9 3e-9 1e-7 1.7e17 1e23 1e20 0 0.1 0 0 0 1 0 1 0 0 0 1 0 1 0 0 0 0 0 0 0 0 0 0 0 0 0 0 0 0 0 0 1 0.5 {-1} 0.5 {-0.0186} 0 0 1e-7 1.74e-7 0 {-3} 5e-7 0 2.2 0.53 {-0.032} 0 5.3 {-0.032} 0 0.05 1e-9 1e-18 {-4.65e-11} 0 0 1e-7 1.67 8e4 1 0 0 0 {-0.047} 0 1 200 0 100 0 100 0 0 0 1 {-0.08} 0 0 1 0.08 {-0.07} 0.56 0 2.4e-4 0 0 0.5 0.39 8.6e-3 0 0.56 5e9 5e-6 0 0.01 0 1e-3 1 0 0 0 0 3 0 0 15 0.43 0.054 0.075 1 0.05 0 6e-3 1.1 3 0.054 0.054 0.075 0.43 0.054 0.075 5e-9 1 1 1 1 3e-9 0 2.3e9 0.5 0.8 0 5e-11 5e-11 1e-12 0.6 0.6 5e-11 1e-7 0.6 0 0 {-1} 1 0 1 15 1e-10 1e-10 0.1 0.1 0.1 0.1 1 1 10 10 1e-4 1e-4 1e-14 1e-14 1e-13 1e-14 0 0 0 0 0 0 20 20 20 0.02 0.02 0.02 0.02 0.02 0.02 10 10 10 10 10 10 0 0 0 5e-4 5e-4 0.5 0.5 0.33 0.33 1e-10 1e-10 5e-10 5e-10 0.33 0.33 0.8 0.8 0.8 0.8 0.8 0.8 25 {-1.5} {-0.11} 0 0.022 6.71e-3 {-3.35e-3} 4.1e-3 0 8.13e-3 0 1 1 3 3 0 0 0 0 0 0 0 0 1e-6 1e-6 0 0 0 0 0 1 1 1 1 0 0 0 0 0 0 0 1 0 1 0 0 0 0 0 1e-6 0.28e-6 0.22e-6 0 0 0 0 0 0 0 0
   336     631  e_ds_5_1 d_5_1 0 v_sweep 0 1
   337     632  v_gs_5_1 g_5_1 0 0.4
   338     633  v_s_5_1 s_5_1 0 0
   339     634  v_bs_5_1 b_5_1 0 0.0
   340     635  x_5_1 d_5_1 g_5_1 s_5_1 b_5_1 dut 1e-06 1e-06 1 1.0 0 0 0 1 1 1 1e-12 1e-6 1e-12 1e-6 1 1 1 0 0 2 0 0 0 0 0 0 1 0 1 2 1 0 0 0 0 1e-4 1 3.9 3e-9 2.8e-9 3e-9 1e-7 1.7e17 1e23 1e20 0 0.1 0 0 0 1 0 1 0 0 0 1 0 1 0 0 0 0 0 0 0 0 0 0 0 0 0 0 0 0 0 0 1 0.5 {-1} 0.5 {-0.0186} 0 0 1e-7 1.74e-7 0 {-3} 5e-7 0 2.2 0.53 {-0.032} 0 5.3 {-0.032} 0 0.05 1e-9 1e-18 {-4.65e-11} 0 0 1e-7 1.67 8e4 1 0 0 0 {-0.047} 0 1 200 0 100 0 100 0 0 0 1 {-0.08} 0 0 1 0.08 {-0.07} 0.56 0 2.4e-4 0 0 0.5 0.39 8.6e-3 0 0.56 5e9 5e-6 0 0.01 0 1e-3 1 0 0 0 0 3 0 0 15 0.43 0.054 0.075 1 0.05 0 6e-3 1.1 3 0.054 0.054 0.075 0.43 0.054 0.075 5e-9 1 1 1 1 3e-9 0 2.3e9 0.5 0.8 0 5e-11 5e-11 1e-12 0.6 0.6 5e-11 1e-7 0.6 0 0 {-1} 1 0 1 15 1e-10 1e-10 0.1 0.1 0.1 0.1 1 1 10 10 1e-4 1e-4 1e-14 1e-14 1e-13 1e-14 0 0 0 0 0 0 20 20 20 0.02 0.02 0.02 0.02 0.02 0.02 10 10 10 10 10 10 0 0 0 5e-4 5e-4 0.5 0.5 0.33 0.33 1e-10 1e-10 5e-10 5e-10 0.33 0.33 0.8 0.8 0.8 0.8 0.8 0.8 25 {-1.5} {-0.11} 0 0.022 6.71e-3 {-3.35e-3} 4.1e-3 0 8.13e-3 0 1 1 3 3 0 0 0 0 0 0 0 0 1e-6 1e-6 0 0 0 0 0 1 1 1 1 0 0 0 0 0 0 0 1 0 1 0 0 0 0 0 1e-6 0.28e-6 0.22e-6 0 0 0 0 0 0 0 0
   344     638  e_ds_5_2 d_5_2 0 v_sweep 0 1
   345     639  v_gs_5_2 g_5_2 0 0.6
   346     640  v_s_5_2 s_5_2 0 0
   347     641  v_bs_5_2 b_5_2 0 0.0
   348     642  x_5_2 d_5_2 g_5_2 s_5_2 b_5_2 dut 1e-06 1e-06 1 1.0 0 0 0 1 1 1 1e-12 1e-6 1e-12 1e-6 1 1 1 0 0 2 0 0 0 0 0 0 1 0 1 2 1 0 0 0 0 1e-4 1 3.9 3e-9 2.8e-9 3e-9 1e-7 1.7e17 1e23 1e20 0 0.1 0 0 0 1 0 1 0 0 0 1 0 1 0 0 0 0 0 0 0 0 0 0 0 0 0 0 0 0 0 0 1 0.5 {-1} 0.5 {-0.0186} 0 0 1e-7 1.74e-7 0 {-3} 5e-7 0 2.2 0.53 {-0.032} 0 5.3 {-0.032} 0 0.05 1e-9 1e-18 {-4.65e-11} 0 0 1e-7 1.67 8e4 1 0 0 0 {-0.047} 0 1 200 0 100 0 100 0 0 0 1 {-0.08} 0 0 1 0.08 {-0.07} 0.56 0 2.4e-4 0 0 0.5 0.39 8.6e-3 0 0.56 5e9 5e-6 0 0.01 0 1e-3 1 0 0 0 0 3 0 0 15 0.43 0.054 0.075 1 0.05 0 6e-3 1.1 3 0.054 0.054 0.075 0.43 0.054 0.075 5e-9 1 1 1 1 3e-9 0 2.3e9 0.5 0.8 0 5e-11 5e-11 1e-12 0.6 0.6 5e-11 1e-7 0.6 0 0 {-1} 1 0 1 15 1e-10 1e-10 0.1 0.1 0.1 0.1 1 1 10 10 1e-4 1e-4 1e-14 1e-14 1e-13 1e-14 0 0 0 0 0 0 20 20 20 0.02 0.02 0.02 0.02 0.02 0.02 10 10 10 10 10 10 0 0 0 5e-4 5e-4 0.5 0.5 0.33 0.33 1e-10 1e-10 5e-10 5e-10 0.33 0.33 0.8 0.8 0.8 0.8 0.8 0.8 25 {-1.5} {-0.11} 0 0.022 6.71e-3 {-3.35e-3} 4.1e-3 0 8.13e-3 0 1 1 3 3 0 0 0 0 0 0 0 0 1e-6 1e-6 0 0 0 0 0 1 1 1 1 0 0 0 0 0 0 0 1 0 1 0 0 0 0 0 1e-6 0.28e-6 0.22e-6 0 0 0 0 0 0 0 0
   352     645  e_ds_5_3 d_5_3 0 v_sweep 0 1
   353     646  v_gs_5_3 g_5_3 0 0.8
   354     647  v_s_5_3 s_5_3 0 0
   355     648  v_bs_5_3 b_5_3 0 0.0
   356     649  x_5_3 d_5_3 g_5_3 s_5_3 b_5_3 dut 1e-06 1e-06 1 1.0 0 0 0 1 1 1 1e-12 1e-6 1e-12 1e-6 1 1 1 0 0 2 0 0 0 0 0 0 1 0 1 2 1 0 0 0 0 1e-4 1 3.9 3e-9 2.8e-9 3e-9 1e-7 1.7e17 1e23 1e20 0 0.1 0 0 0 1 0 1 0 0 0 1 0 1 0 0 0 0 0 0 0 0 0 0 0 0 0 0 0 0 0 0 1 0.5 {-1} 0.5 {-0.0186} 0 0 1e-7 1.74e-7 0 {-3} 5e-7 0 2.2 0.53 {-0.032} 0 5.3 {-0.032} 0 0.05 1e-9 1e-18 {-4.65e-11} 0 0 1e-7 1.67 8e4 1 0 0 0 {-0.047} 0 1 200 0 100 0 100 0 0 0 1 {-0.08} 0 0 1 0.08 {-0.07} 0.56 0 2.4e-4 0 0 0.5 0.39 8.6e-3 0 0.56 5e9 5e-6 0 0.01 0 1e-3 1 0 0 0 0 3 0 0 15 0.43 0.054 0.075 1 0.05 0 6e-3 1.1 3 0.054 0.054 0.075 0.43 0.054 0.075 5e-9 1 1 1 1 3e-9 0 2.3e9 0.5 0.8 0 5e-11 5e-11 1e-12 0.6 0.6 5e-11 1e-7 0.6 0 0 {-1} 1 0 1 15 1e-10 1e-10 0.1 0.1 0.1 0.1 1 1 10 10 1e-4 1e-4 1e-14 1e-14 1e-13 1e-14 0 0 0 0 0 0 20 20 20 0.02 0.02 0.02 0.02 0.02 0.02 10 10 10 10 10 10 0 0 0 5e-4 5e-4 0.5 0.5 0.33 0.33 1e-10 1e-10 5e-10 5e-10 0.33 0.33 0.8 0.8 0.8 0.8 0.8 0.8 25 {-1.5} {-0.11} 0 0.022 6.71e-3 {-3.35e-3} 4.1e-3 0 8.13e-3 0 1 1 3 3 0 0 0 0 0 0 0 0 1e-6 1e-6 0 0 0 0 0 1 1 1 1 0 0 0 0 0 0 0 1 0 1 0 0 0 0 0 1e-6 0.28e-6 0.22e-6 0 0 0 0 0 0 0 0
   360     652  e_ds_5_4 d_5_4 0 v_sweep 0 1
   361     653  v_gs_5_4 g_5_4 0 1.0
   362     654  v_s_5_4 s_5_4 0 0
   363     655  v_bs_5_4 b_5_4 0 0.0
   364     656  x_5_4 d_5_4 g_5_4 s_5_4 b_5_4 dut 1e-06 1e-06 1 1.0 0 0 0 1 1 1 1e-12 1e-6 1e-12 1e-6 1 1 1 0 0 2 0 0 0 0 0 0 1 0 1 2 1 0 0 0 0 1e-4 1 3.9 3e-9 2.8e-9 3e-9 1e-7 1.7e17 1e23 1e20 0 0.1 0 0 0 1 0 1 0 0 0 1 0 1 0 0 0 0 0 0 0 0 0 0 0 0 0 0 0 0 0 0 1 0.5 {-1} 0.5 {-0.0186} 0 0 1e-7 1.74e-7 0 {-3} 5e-7 0 2.2 0.53 {-0.032} 0 5.3 {-0.032} 0 0.05 1e-9 1e-18 {-4.65e-11} 0 0 1e-7 1.67 8e4 1 0 0 0 {-0.047} 0 1 200 0 100 0 100 0 0 0 1 {-0.08} 0 0 1 0.08 {-0.07} 0.56 0 2.4e-4 0 0 0.5 0.39 8.6e-3 0 0.56 5e9 5e-6 0 0.01 0 1e-3 1 0 0 0 0 3 0 0 15 0.43 0.054 0.075 1 0.05 0 6e-3 1.1 3 0.054 0.054 0.075 0.43 0.054 0.075 5e-9 1 1 1 1 3e-9 0 2.3e9 0.5 0.8 0 5e-11 5e-11 1e-12 0.6 0.6 5e-11 1e-7 0.6 0 0 {-1} 1 0 1 15 1e-10 1e-10 0.1 0.1 0.1 0.1 1 1 10 10 1e-4 1e-4 1e-14 1e-14 1e-13 1e-14 0 0 0 0 0 0 20 20 20 0.02 0.02 0.02 0.02 0.02 0.02 10 10 10 10 10 10 0 0 0 5e-4 5e-4 0.5 0.5 0.33 0.33 1e-10 1e-10 5e-10 5e-10 0.33 0.33 0.8 0.8 0.8 0.8 0.8 0.8 25 {-1.5} {-0.11} 0 0.022 6.71e-3 {-3.35e-3} 4.1e-3 0 8.13e-3 0 1 1 3 3 0 0 0 0 0 0 0 0 1e-6 1e-6 0 0 0 0 0 1 1 1 1 0 0 0 0 0 0 0 1 0 1 0 0 0 0 0 1e-6 0.28e-6 0.22e-6 0 0 0 0 0 0 0 0
   368     659  e_ds_5_5 d_5_5 0 v_sweep 0 1
   369     660  v_gs_5_5 g_5_5 0 1.2
   370     661  v_s_5_5 s_5_5 0 0
   371     662  v_bs_5_5 b_5_5 0 0.0
   372     663  x_5_5 d_5_5 g_5_5 s_5_5 b_5_5 dut 1e-06 1e-06 1 1.0 0 0 0 1 1 1 1e-12 1e-6 1e-12 1e-6 1 1 1 0 0 2 0 0 0 0 0 0 1 0 1 2 1 0 0 0 0 1e-4 1 3.9 3e-9 2.8e-9 3e-9 1e-7 1.7e17 1e23 1e20 0 0.1 0 0 0 1 0 1 0 0 0 1 0 1 0 0 0 0 0 0 0 0 0 0 0 0 0 0 0 0 0 0 1 0.5 {-1} 0.5 {-0.0186} 0 0 1e-7 1.74e-7 0 {-3} 5e-7 0 2.2 0.53 {-0.032} 0 5.3 {-0.032} 0 0.05 1e-9 1e-18 {-4.65e-11} 0 0 1e-7 1.67 8e4 1 0 0 0 {-0.047} 0 1 200 0 100 0 100 0 0 0 1 {-0.08} 0 0 1 0.08 {-0.07} 0.56 0 2.4e-4 0 0 0.5 0.39 8.6e-3 0 0.56 5e9 5e-6 0 0.01 0 1e-3 1 0 0 0 0 3 0 0 15 0.43 0.054 0.075 1 0.05 0 6e-3 1.1 3 0.054 0.054 0.075 0.43 0.054 0.075 5e-9 1 1 1 1 3e-9 0 2.3e9 0.5 0.8 0 5e-11 5e-11 1e-12 0.6 0.6 5e-11 1e-7 0.6 0 0 {-1} 1 0 1 15 1e-10 1e-10 0.1 0.1 0.1 0.1 1 1 10 10 1e-4 1e-4 1e-14 1e-14 1e-13 1e-14 0 0 0 0 0 0 20 20 20 0.02 0.02 0.02 0.02 0.02 0.02 10 10 10 10 10 10 0 0 0 5e-4 5e-4 0.5 0.5 0.33 0.33 1e-10 1e-10 5e-10 5e-10 0.33 0.33 0.8 0.8 0.8 0.8 0.8 0.8 25 {-1.5} {-0.11} 0 0.022 6.71e-3 {-3.35e-3} 4.1e-3 0 8.13e-3 0 1 1 3 3 0 0 0 0 0 0 0 0 1e-6 1e-6 0 0 0 0 0 1 1 1 1 0 0 0 0 0 0 0 1 0 1 0 0 0 0 0 1e-6 0.28e-6 0.22e-6 0 0 0 0 0 0 0 0
   376     666  e_ds_5_6 d_5_6 0 v_sweep 0 1
   377     667  v_gs_5_6 g_5_6 0 1.4
   378     668  v_s_5_6 s_5_6 0 0
   379     669  v_bs_5_6 b_5_6 0 0.0
   380     670  x_5_6 d_5_6 g_5_6 s_5_6 b_5_6 dut 1e-06 1e-06 1 1.0 0 0 0 1 1 1 1e-12 1e-6 1e-12 1e-6 1 1 1 0 0 2 0 0 0 0 0 0 1 0 1 2 1 0 0 0 0 1e-4 1 3.9 3e-9 2.8e-9 3e-9 1e-7 1.7e17 1e23 1e20 0 0.1 0 0 0 1 0 1 0 0 0 1 0 1 0 0 0 0 0 0 0 0 0 0 0 0 0 0 0 0 0 0 1 0.5 {-1} 0.5 {-0.0186} 0 0 1e-7 1.74e-7 0 {-3} 5e-7 0 2.2 0.53 {-0.032} 0 5.3 {-0.032} 0 0.05 1e-9 1e-18 {-4.65e-11} 0 0 1e-7 1.67 8e4 1 0 0 0 {-0.047} 0 1 200 0 100 0 100 0 0 0 1 {-0.08} 0 0 1 0.08 {-0.07} 0.56 0 2.4e-4 0 0 0.5 0.39 8.6e-3 0 0.56 5e9 5e-6 0 0.01 0 1e-3 1 0 0 0 0 3 0 0 15 0.43 0.054 0.075 1 0.05 0 6e-3 1.1 3 0.054 0.054 0.075 0.43 0.054 0.075 5e-9 1 1 1 1 3e-9 0 2.3e9 0.5 0.8 0 5e-11 5e-11 1e-12 0.6 0.6 5e-11 1e-7 0.6 0 0 {-1} 1 0 1 15 1e-10 1e-10 0.1 0.1 0.1 0.1 1 1 10 10 1e-4 1e-4 1e-14 1e-14 1e-13 1e-14 0 0 0 0 0 0 20 20 20 0.02 0.02 0.02 0.02 0.02 0.02 10 10 10 10 10 10 0 0 0 5e-4 5e-4 0.5 0.5 0.33 0.33 1e-10 1e-10 5e-10 5e-10 0.33 0.33 0.8 0.8 0.8 0.8 0.8 0.8 25 {-1.5} {-0.11} 0 0.022 6.71e-3 {-3.35e-3} 4.1e-3 0 8.13e-3 0 1 1 3 3 0 0 0 0 0 0 0 0 1e-6 1e-6 0 0 0 0 0 1 1 1 1 0 0 0 0 0 0 0 1 0 1 0 0 0 0 0 1e-6 0.28e-6 0.22e-6 0 0 0 0 0 0 0 0
   384     673  e_ds_5_7 d_5_7 0 v_sweep 0 1
   385     674  v_gs_5_7 g_5_7 0 1.6
   386     675  v_s_5_7 s_5_7 0 0
   387     676  v_bs_5_7 b_5_7 0 0.0
   388     677  x_5_7 d_5_7 g_5_7 s_5_7 b_5_7 dut 1e-06 1e-06 1 1.0 0 0 0 1 1 1 1e-12 1e-6 1e-12 1e-6 1 1 1 0 0 2 0 0 0 0 0 0 1 0 1 2 1 0 0 0 0 1e-4 1 3.9 3e-9 2.8e-9 3e-9 1e-7 1.7e17 1e23 1e20 0 0.1 0 0 0 1 0 1 0 0 0 1 0 1 0 0 0 0 0 0 0 0 0 0 0 0 0 0 0 0 0 0 1 0.5 {-1} 0.5 {-0.0186} 0 0 1e-7 1.74e-7 0 {-3} 5e-7 0 2.2 0.53 {-0.032} 0 5.3 {-0.032} 0 0.05 1e-9 1e-18 {-4.65e-11} 0 0 1e-7 1.67 8e4 1 0 0 0 {-0.047} 0 1 200 0 100 0 100 0 0 0 1 {-0.08} 0 0 1 0.08 {-0.07} 0.56 0 2.4e-4 0 0 0.5 0.39 8.6e-3 0 0.56 5e9 5e-6 0 0.01 0 1e-3 1 0 0 0 0 3 0 0 15 0.43 0.054 0.075 1 0.05 0 6e-3 1.1 3 0.054 0.054 0.075 0.43 0.054 0.075 5e-9 1 1 1 1 3e-9 0 2.3e9 0.5 0.8 0 5e-11 5e-11 1e-12 0.6 0.6 5e-11 1e-7 0.6 0 0 {-1} 1 0 1 15 1e-10 1e-10 0.1 0.1 0.1 0.1 1 1 10 10 1e-4 1e-4 1e-14 1e-14 1e-13 1e-14 0 0 0 0 0 0 20 20 20 0.02 0.02 0.02 0.02 0.02 0.02 10 10 10 10 10 10 0 0 0 5e-4 5e-4 0.5 0.5 0.33 0.33 1e-10 1e-10 5e-10 5e-10 0.33 0.33 0.8 0.8 0.8 0.8 0.8 0.8 25 {-1.5} {-0.11} 0 0.022 6.71e-3 {-3.35e-3} 4.1e-3 0 8.13e-3 0 1 1 3 3 0 0 0 0 0 0 0 0 1e-6 1e-6 0 0 0 0 0 1 1 1 1 0 0 0 0 0 0 0 1 0 1 0 0 0 0 0 1e-6 0.28e-6 0.22e-6 0 0 0 0 0 0 0 0
   392     680  e_ds_6_0 d_6_0 0 v_sweep 0 1
   393     681  v_gs_6_0 g_6_0 0 0.2
   394     682  v_s_6_0 s_6_0 0 0
   395     683  v_bs_6_0 b_6_0 0 -1.0
   396     684  x_6_0 d_6_0 g_6_0 s_6_0 b_6_0 dut 5e-06 1e-05 1 1.0 0 0 0 1 1 1 1e-12 1e-6 1e-12 1e-6 1 1 1 0 0 2 0 0 0 0 0 0 1 0 1 2 1 0 0 0 0 1e-4 1 3.9 3e-9 2.8e-9 3e-9 1e-7 1.7e17 1e23 1e20 0 0.1 0 0 0 1 0 1 0 0 0 1 0 1 0 0 0 0 0 0 0 0 0 0 0 0 0 0 0 0 0 0 1 0.5 {-1} 0.5 {-0.0186} 0 0 1e-7 1.74e-7 0 {-3} 5e-7 0 2.2 0.53 {-0.032} 0 5.3 {-0.032} 0 0.05 1e-9 1e-18 {-4.65e-11} 0 0 1e-7 1.67 8e4 1 0 0 0 {-0.047} 0 1 200 0 100 0 100 0 0 0 1 {-0.08} 0 0 1 0.08 {-0.07} 0.56 0 2.4e-4 0 0 0.5 0.39 8.6e-3 0 0.56 5e9 5e-6 0 0.01 0 1e-3 1 0 0 0 0 3 0 0 15 0.43 0.054 0.075 1 0.05 0 6e-3 1.1 3 0.054 0.054 0.075 0.43 0.054 0.075 5e-9 1 1 1 1 3e-9 0 2.3e9 0.5 0.8 0 5e-11 5e-11 1e-12 0.6 0.6 5e-11 1e-7 0.6 0 0 {-1} 1 0 1 15 1e-10 1e-10 0.1 0.1 0.1 0.1 1 1 10 10 1e-4 1e-4 1e-14 1e-14 1e-13 1e-14 0 0 0 0 0 0 20 20 20 0.02 0.02 0.02 0.02 0.02 0.02 10 10 10 10 10 10 0 0 0 5e-4 5e-4 0.5 0.5 0.33 0.33 1e-10 1e-10 5e-10 5e-10 0.33 0.33 0.8 0.8 0.8 0.8 0.8 0.8 25 {-1.5} {-0.11} 0 0.022 6.71e-3 {-3.35e-3} 4.1e-3 0 8.13e-3 0 1 1 3 3 0 0 0 0 0 0 0 0 1e-6 1e-6 0 0 0 0 0 1 1 1 1 0 0 0 0 0 0 0 1 0 1 0 0 0 0 0 1e-6 0.28e-6 0.22e-6 0 0 0 0 0 0 0 0
   400     687  e_ds_6_1 d_6_1 0 v_sweep 0 1
   401     688  v_gs_6_1 g_6_1 0 0.4
   402     689  v_s_6_1 s_6_1 0 0
   403     690  v_bs_6_1 b_6_1 0 -1.0
   404     691  x_6_1 d_6_1 g_6_1 s_6_1 b_6_1 dut 5e-06 1e-05 1 1.0 0 0 0 1 1 1 1e-12 1e-6 1e-12 1e-6 1 1 1 0 0 2 0 0 0 0 0 0 1 0 1 2 1 0 0 0 0 1e-4 1 3.9 3e-9 2.8e-9 3e-9 1e-7 1.7e17 1e23 1e20 0 0.1 0 0 0 1 0 1 0 0 0 1 0 1 0 0 0 0 0 0 0 0 0 0 0 0 0 0 0 0 0 0 1 0.5 {-1} 0.5 {-0.0186} 0 0 1e-7 1.74e-7 0 {-3} 5e-7 0 2.2 0.53 {-0.032} 0 5.3 {-0.032} 0 0.05 1e-9 1e-18 {-4.65e-11} 0 0 1e-7 1.67 8e4 1 0 0 0 {-0.047} 0 1 200 0 100 0 100 0 0 0 1 {-0.08} 0 0 1 0.08 {-0.07} 0.56 0 2.4e-4 0 0 0.5 0.39 8.6e-3 0 0.56 5e9 5e-6 0 0.01 0 1e-3 1 0 0 0 0 3 0 0 15 0.43 0.054 0.075 1 0.05 0 6e-3 1.1 3 0.054 0.054 0.075 0.43 0.054 0.075 5e-9 1 1 1 1 3e-9 0 2.3e9 0.5 0.8 0 5e-11 5e-11 1e-12 0.6 0.6 5e-11 1e-7 0.6 0 0 {-1} 1 0 1 15 1e-10 1e-10 0.1 0.1 0.1 0.1 1 1 10 10 1e-4 1e-4 1e-14 1e-14 1e-13 1e-14 0 0 0 0 0 0 20 20 20 0.02 0.02 0.02 0.02 0.02 0.02 10 10 10 10 10 10 0 0 0 5e-4 5e-4 0.5 0.5 0.33 0.33 1e-10 1e-10 5e-10 5e-10 0.33 0.33 0.8 0.8 0.8 0.8 0.8 0.8 25 {-1.5} {-0.11} 0 0.022 6.71e-3 {-3.35e-3} 4.1e-3 0 8.13e-3 0 1 1 3 3 0 0 0 0 0 0 0 0 1e-6 1e-6 0 0 0 0 0 1 1 1 1 0 0 0 0 0 0 0 1 0 1 0 0 0 0 0 1e-6 0.28e-6 0.22e-6 0 0 0 0 0 0 0 0
   408     694  e_ds_6_2 d_6_2 0 v_sweep 0 1
   409     695  v_gs_6_2 g_6_2 0 0.6
   410     696  v_s_6_2 s_6_2 0 0
   411     697  v_bs_6_2 b_6_2 0 -1.0
   412     698  x_6_2 d_6_2 g_6_2 s_6_2 b_6_2 dut 5e-06 1e-05 1 1.0 0 0 0 1 1 1 1e-12 1e-6 1e-12 1e-6 1 1 1 0 0 2 0 0 0 0 0 0 1 0 1 2 1 0 0 0 0 1e-4 1 3.9 3e-9 2.8e-9 3e-9 1e-7 1.7e17 1e23 1e20 0 0.1 0 0 0 1 0 1 0 0 0 1 0 1 0 0 0 0 0 0 0 0 0 0 0 0 0 0 0 0 0 0 1 0.5 {-1} 0.5 {-0.0186} 0 0 1e-7 1.74e-7 0 {-3} 5e-7 0 2.2 0.53 {-0.032} 0 5.3 {-0.032} 0 0.05 1e-9 1e-18 {-4.65e-11} 0 0 1e-7 1.67 8e4 1 0 0 0 {-0.047} 0 1 200 0 100 0 100 0 0 0 1 {-0.08} 0 0 1 0.08 {-0.07} 0.56 0 2.4e-4 0 0 0.5 0.39 8.6e-3 0 0.56 5e9 5e-6 0 0.01 0 1e-3 1 0 0 0 0 3 0 0 15 0.43 0.054 0.075 1 0.05 0 6e-3 1.1 3 0.054 0.054 0.075 0.43 0.054 0.075 5e-9 1 1 1 1 3e-9 0 2.3e9 0.5 0.8 0 5e-11 5e-11 1e-12 0.6 0.6 5e-11 1e-7 0.6 0 0 {-1} 1 0 1 15 1e-10 1e-10 0.1 0.1 0.1 0.1 1 1 10 10 1e-4 1e-4 1e-14 1e-14 1e-13 1e-14 0 0 0 0 0 0 20 20 20 0.02 0.02 0.02 0.02 0.02 0.02 10 10 10 10 10 10 0 0 0 5e-4 5e-4 0.5 0.5 0.33 0.33 1e-10 1e-10 5e-10 5e-10 0.33 0.33 0.8 0.8 0.8 0.8 0.8 0.8 25 {-1.5} {-0.11} 0 0.022 6.71e-3 {-3.35e-3} 4.1e-3 0 8.13e-3 0 1 1 3 3 0 0 0 0 0 0 0 0 1e-6 1e-6 0 0 0 0 0 1 1 1 1 0 0 0 0 0 0 0 1 0 1 0 0 0 0 0 1e-6 0.28e-6 0.22e-6 0 0 0 0 0 0 0 0
   416     701  e_ds_6_3 d_6_3 0 v_sweep 0 1
   417     702  v_gs_6_3 g_6_3 0 0.8
   418     703  v_s_6_3 s_6_3 0 0
   419     704  v_bs_6_3 b_6_3 0 -1.0
   420     705  x_6_3 d_6_3 g_6_3 s_6_3 b_6_3 dut 5e-06 1e-05 1 1.0 0 0 0 1 1 1 1e-12 1e-6 1e-12 1e-6 1 1 1 0 0 2 0 0 0 0 0 0 1 0 1 2 1 0 0 0 0 1e-4 1 3.9 3e-9 2.8e-9 3e-9 1e-7 1.7e17 1e23 1e20 0 0.1 0 0 0 1 0 1 0 0 0 1 0 1 0 0 0 0 0 0 0 0 0 0 0 0 0 0 0 0 0 0 1 0.5 {-1} 0.5 {-0.0186} 0 0 1e-7 1.74e-7 0 {-3} 5e-7 0 2.2 0.53 {-0.032} 0 5.3 {-0.032} 0 0.05 1e-9 1e-18 {-4.65e-11} 0 0 1e-7 1.67 8e4 1 0 0 0 {-0.047} 0 1 200 0 100 0 100 0 0 0 1 {-0.08} 0 0 1 0.08 {-0.07} 0.56 0 2.4e-4 0 0 0.5 0.39 8.6e-3 0 0.56 5e9 5e-6 0 0.01 0 1e-3 1 0 0 0 0 3 0 0 15 0.43 0.054 0.075 1 0.05 0 6e-3 1.1 3 0.054 0.054 0.075 0.43 0.054 0.075 5e-9 1 1 1 1 3e-9 0 2.3e9 0.5 0.8 0 5e-11 5e-11 1e-12 0.6 0.6 5e-11 1e-7 0.6 0 0 {-1} 1 0 1 15 1e-10 1e-10 0.1 0.1 0.1 0.1 1 1 10 10 1e-4 1e-4 1e-14 1e-14 1e-13 1e-14 0 0 0 0 0 0 20 20 20 0.02 0.02 0.02 0.02 0.02 0.02 10 10 10 10 10 10 0 0 0 5e-4 5e-4 0.5 0.5 0.33 0.33 1e-10 1e-10 5e-10 5e-10 0.33 0.33 0.8 0.8 0.8 0.8 0.8 0.8 25 {-1.5} {-0.11} 0 0.022 6.71e-3 {-3.35e-3} 4.1e-3 0 8.13e-3 0 1 1 3 3 0 0 0 0 0 0 0 0 1e-6 1e-6 0 0 0 0 0 1 1 1 1 0 0 0 0 0 0 0 1 0 1 0 0 0 0 0 1e-6 0.28e-6 0.22e-6 0 0 0 0 0 0 0 0
   424     708  e_ds_6_4 d_6_4 0 v_sweep 0 1
   425     709  v_gs_6_4 g_6_4 0 1.0
   426     710  v_s_6_4 s_6_4 0 0
   427     711  v_bs_6_4 b_6_4 0 -1.0
   428     712  x_6_4 d_6_4 g_6_4 s_6_4 b_6_4 dut 5e-06 1e-05 1 1.0 0 0 0 1 1 1 1e-12 1e-6 1e-12 1e-6 1 1 1 0 0 2 0 0 0 0 0 0 1 0 1 2 1 0 0 0 0 1e-4 1 3.9 3e-9 2.8e-9 3e-9 1e-7 1.7e17 1e23 1e20 0 0.1 0 0 0 1 0 1 0 0 0 1 0 1 0 0 0 0 0 0 0 0 0 0 0 0 0 0 0 0 0 0 1 0.5 {-1} 0.5 {-0.0186} 0 0 1e-7 1.74e-7 0 {-3} 5e-7 0 2.2 0.53 {-0.032} 0 5.3 {-0.032} 0 0.05 1e-9 1e-18 {-4.65e-11} 0 0 1e-7 1.67 8e4 1 0 0 0 {-0.047} 0 1 200 0 100 0 100 0 0 0 1 {-0.08} 0 0 1 0.08 {-0.07} 0.56 0 2.4e-4 0 0 0.5 0.39 8.6e-3 0 0.56 5e9 5e-6 0 0.01 0 1e-3 1 0 0 0 0 3 0 0 15 0.43 0.054 0.075 1 0.05 0 6e-3 1.1 3 0.054 0.054 0.075 0.43 0.054 0.075 5e-9 1 1 1 1 3e-9 0 2.3e9 0.5 0.8 0 5e-11 5e-11 1e-12 0.6 0.6 5e-11 1e-7 0.6 0 0 {-1} 1 0 1 15 1e-10 1e-10 0.1 0.1 0.1 0.1 1 1 10 10 1e-4 1e-4 1e-14 1e-14 1e-13 1e-14 0 0 0 0 0 0 20 20 20 0.02 0.02 0.02 0.02 0.02 0.02 10 10 10 10 10 10 0 0 0 5e-4 5e-4 0.5 0.5 0.33 0.33 1e-10 1e-10 5e-10 5e-10 0.33 0.33 0.8 0.8 0.8 0.8 0.8 0.8 25 {-1.5} {-0.11} 0 0.022 6.71e-3 {-3.35e-3} 4.1e-3 0 8.13e-3 0 1 1 3 3 0 0 0 0 0 0 0 0 1e-6 1e-6 0 0 0 0 0 1 1 1 1 0 0 0 0 0 0 0 1 0 1 0 0 0 0 0 1e-6 0.28e-6 0.22e-6 0 0 0 0 0 0 0 0
   432     715  e_ds_6_5 d_6_5 0 v_sweep 0 1
   433     716  v_gs_6_5 g_6_5 0 1.2
   434     717  v_s_6_5 s_6_5 0 0
   435     718  v_bs_6_5 b_6_5 0 -1.0
   436     719  x_6_5 d_6_5 g_6_5 s_6_5 b_6_5 dut 5e-06 1e-05 1 1.0 0 0 0 1 1 1 1e-12 1e-6 1e-12 1e-6 1 1 1 0 0 2 0 0 0 0 0 0 1 0 1 2 1 0 0 0 0 1e-4 1 3.9 3e-9 2.8e-9 3e-9 1e-7 1.7e17 1e23 1e20 0 0.1 0 0 0 1 0 1 0 0 0 1 0 1 0 0 0 0 0 0 0 0 0 0 0 0 0 0 0 0 0 0 1 0.5 {-1} 0.5 {-0.0186} 0 0 1e-7 1.74e-7 0 {-3} 5e-7 0 2.2 0.53 {-0.032} 0 5.3 {-0.032} 0 0.05 1e-9 1e-18 {-4.65e-11} 0 0 1e-7 1.67 8e4 1 0 0 0 {-0.047} 0 1 200 0 100 0 100 0 0 0 1 {-0.08} 0 0 1 0.08 {-0.07} 0.56 0 2.4e-4 0 0 0.5 0.39 8.6e-3 0 0.56 5e9 5e-6 0 0.01 0 1e-3 1 0 0 0 0 3 0 0 15 0.43 0.054 0.075 1 0.05 0 6e-3 1.1 3 0.054 0.054 0.075 0.43 0.054 0.075 5e-9 1 1 1 1 3e-9 0 2.3e9 0.5 0.8 0 5e-11 5e-11 1e-12 0.6 0.6 5e-11 1e-7 0.6 0 0 {-1} 1 0 1 15 1e-10 1e-10 0.1 0.1 0.1 0.1 1 1 10 10 1e-4 1e-4 1e-14 1e-14 1e-13 1e-14 0 0 0 0 0 0 20 20 20 0.02 0.02 0.02 0.02 0.02 0.02 10 10 10 10 10 10 0 0 0 5e-4 5e-4 0.5 0.5 0.33 0.33 1e-10 1e-10 5e-10 5e-10 0.33 0.33 0.8 0.8 0.8 0.8 0.8 0.8 25 {-1.5} {-0.11} 0 0.022 6.71e-3 {-3.35e-3} 4.1e-3 0 8.13e-3 0 1 1 3 3 0 0 0 0 0 0 0 0 1e-6 1e-6 0 0 0 0 0 1 1 1 1 0 0 0 0 0 0 0 1 0 1 0 0 0 0 0 1e-6 0.28e-6 0.22e-6 0 0 0 0 0 0 0 0
   440     722  e_ds_6_6 d_6_6 0 v_sweep 0 1
   441     723  v_gs_6_6 g_6_6 0 1.4
   442     724  v_s_6_6 s_6_6 0 0
   443     725  v_bs_6_6 b_6_6 0 -1.0
   444     726  x_6_6 d_6_6 g_6_6 s_6_6 b_6_6 dut 5e-06 1e-05 1 1.0 0 0 0 1 1 1 1e-12 1e-6 1e-12 1e-6 1 1 1 0 0 2 0 0 0 0 0 0 1 0 1 2 1 0 0 0 0 1e-4 1 3.9 3e-9 2.8e-9 3e-9 1e-7 1.7e17 1e23 1e20 0 0.1 0 0 0 1 0 1 0 0 0 1 0 1 0 0 0 0 0 0 0 0 0 0 0 0 0 0 0 0 0 0 1 0.5 {-1} 0.5 {-0.0186} 0 0 1e-7 1.74e-7 0 {-3} 5e-7 0 2.2 0.53 {-0.032} 0 5.3 {-0.032} 0 0.05 1e-9 1e-18 {-4.65e-11} 0 0 1e-7 1.67 8e4 1 0 0 0 {-0.047} 0 1 200 0 100 0 100 0 0 0 1 {-0.08} 0 0 1 0.08 {-0.07} 0.56 0 2.4e-4 0 0 0.5 0.39 8.6e-3 0 0.56 5e9 5e-6 0 0.01 0 1e-3 1 0 0 0 0 3 0 0 15 0.43 0.054 0.075 1 0.05 0 6e-3 1.1 3 0.054 0.054 0.075 0.43 0.054 0.075 5e-9 1 1 1 1 3e-9 0 2.3e9 0.5 0.8 0 5e-11 5e-11 1e-12 0.6 0.6 5e-11 1e-7 0.6 0 0 {-1} 1 0 1 15 1e-10 1e-10 0.1 0.1 0.1 0.1 1 1 10 10 1e-4 1e-4 1e-14 1e-14 1e-13 1e-14 0 0 0 0 0 0 20 20 20 0.02 0.02 0.02 0.02 0.02 0.02 10 10 10 10 10 10 0 0 0 5e-4 5e-4 0.5 0.5 0.33 0.33 1e-10 1e-10 5e-10 5e-10 0.33 0.33 0.8 0.8 0.8 0.8 0.8 0.8 25 {-1.5} {-0.11} 0 0.022 6.71e-3 {-3.35e-3} 4.1e-3 0 8.13e-3 0 1 1 3 3 0 0 0 0 0 0 0 0 1e-6 1e-6 0 0 0 0 0 1 1 1 1 0 0 0 0 0 0 0 1 0 1 0 0 0 0 0 1e-6 0.28e-6 0.22e-6 0 0 0 0 0 0 0 0
   448     729  e_ds_6_7 d_6_7 0 v_sweep 0 1
   449     730  v_gs_6_7 g_6_7 0 1.6
   450     731  v_s_6_7 s_6_7 0 0
   451     732  v_bs_6_7 b_6_7 0 -1.0
   452     733  x_6_7 d_6_7 g_6_7 s_6_7 b_6_7 dut 5e-06 1e-05 1 1.0 0 0 0 1 1 1 1e-12 1e-6 1e-12 1e-6 1 1 1 0 0 2 0 0 0 0 0 0 1 0 1 2 1 0 0 0 0 1e-4 1 3.9 3e-9 2.8e-9 3e-9 1e-7 1.7e17 1e23 1e20 0 0.1 0 0 0 1 0 1 0 0 0 1 0 1 0 0 0 0 0 0 0 0 0 0 0 0 0 0 0 0 0 0 1 0.5 {-1} 0.5 {-0.0186} 0 0 1e-7 1.74e-7 0 {-3} 5e-7 0 2.2 0.53 {-0.032} 0 5.3 {-0.032} 0 0.05 1e-9 1e-18 {-4.65e-11} 0 0 1e-7 1.67 8e4 1 0 0 0 {-0.047} 0 1 200 0 100 0 100 0 0 0 1 {-0.08} 0 0 1 0.08 {-0.07} 0.56 0 2.4e-4 0 0 0.5 0.39 8.6e-3 0 0.56 5e9 5e-6 0 0.01 0 1e-3 1 0 0 0 0 3 0 0 15 0.43 0.054 0.075 1 0.05 0 6e-3 1.1 3 0.054 0.054 0.075 0.43 0.054 0.075 5e-9 1 1 1 1 3e-9 0 2.3e9 0.5 0.8 0 5e-11 5e-11 1e-12 0.6 0.6 5e-11 1e-7 0.6 0 0 {-1} 1 0 1 15 1e-10 1e-10 0.1 0.1 0.1 0.1 1 1 10 10 1e-4 1e-4 1e-14 1e-14 1e-13 1e-14 0 0 0 0 0 0 20 20 20 0.02 0.02 0.02 0.02 0.02 0.02 10 10 10 10 10 10 0 0 0 5e-4 5e-4 0.5 0.5 0.33 0.33 1e-10 1e-10 5e-10 5e-10 0.33 0.33 0.8 0.8 0.8 0.8 0.8 0.8 25 {-1.5} {-0.11} 0 0.022 6.71e-3 {-3.35e-3} 4.1e-3 0 8.13e-3 0 1 1 3 3 0 0 0 0 0 0 0 0 1e-6 1e-6 0 0 0 0 0 1 1 1 1 0 0 0 0 0 0 0 1 0 1 0 0 0 0 0 1e-6 0.28e-6 0.22e-6 0 0 0 0 0 0 0 0
   456     736  e_ds_7_0 d_7_0 0 v_sweep 0 1
   457     737  v_gs_7_0 g_7_0 0 0.2
   458     738  v_s_7_0 s_7_0 0 0
   459     739  v_bs_7_0 b_7_0 0 0.0
   460     740  x_7_0 d_7_0 g_7_0 s_7_0 b_7_0 dut 5e-06 1e-05 1 1.0 0 0 0 1 1 1 1e-12 1e-6 1e-12 1e-6 1 1 1 0 0 2 0 0 0 0 0 0 1 0 1 2 1 0 0 0 0 1e-4 1 3.9 3e-9 2.8e-9 3e-9 1e-7 1.7e17 1e23 1e20 0 0.1 0 0 0 1 0 1 0 0 0 1 0 1 0 0 0 0 0 0 0 0 0 0 0 0 0 0 0 0 0 0 1 0.5 {-1} 0.5 {-0.0186} 0 0 1e-7 1.74e-7 0 {-3} 5e-7 0 2.2 0.53 {-0.032} 0 5.3 {-0.032} 0 0.05 1e-9 1e-18 {-4.65e-11} 0 0 1e-7 1.67 8e4 1 0 0 0 {-0.047} 0 1 200 0 100 0 100 0 0 0 1 {-0.08} 0 0 1 0.08 {-0.07} 0.56 0 2.4e-4 0 0 0.5 0.39 8.6e-3 0 0.56 5e9 5e-6 0 0.01 0 1e-3 1 0 0 0 0 3 0 0 15 0.43 0.054 0.075 1 0.05 0 6e-3 1.1 3 0.054 0.054 0.075 0.43 0.054 0.075 5e-9 1 1 1 1 3e-9 0 2.3e9 0.5 0.8 0 5e-11 5e-11 1e-12 0.6 0.6 5e-11 1e-7 0.6 0 0 {-1} 1 0 1 15 1e-10 1e-10 0.1 0.1 0.1 0.1 1 1 10 10 1e-4 1e-4 1e-14 1e-14 1e-13 1e-14 0 0 0 0 0 0 20 20 20 0.02 0.02 0.02 0.02 0.02 0.02 10 10 10 10 10 10 0 0 0 5e-4 5e-4 0.5 0.5 0.33 0.33 1e-10 1e-10 5e-10 5e-10 0.33 0.33 0.8 0.8 0.8 0.8 0.8 0.8 25 {-1.5} {-0.11} 0 0.022 6.71e-3 {-3.35e-3} 4.1e-3 0 8.13e-3 0 1 1 3 3 0 0 0 0 0 0 0 0 1e-6 1e-6 0 0 0 0 0 1 1 1 1 0 0 0 0 0 0 0 1 0 1 0 0 0 0 0 1e-6 0.28e-6 0.22e-6 0 0 0 0 0 0 0 0
   464     743  e_ds_7_1 d_7_1 0 v_sweep 0 1
   465     744  v_gs_7_1 g_7_1 0 0.4
   466     745  v_s_7_1 s_7_1 0 0
   467     746  v_bs_7_1 b_7_1 0 0.0
   468     747  x_7_1 d_7_1 g_7_1 s_7_1 b_7_1 dut 5e-06 1e-05 1 1.0 0 0 0 1 1 1 1e-12 1e-6 1e-12 1e-6 1 1 1 0 0 2 0 0 0 0 0 0 1 0 1 2 1 0 0 0 0 1e-4 1 3.9 3e-9 2.8e-9 3e-9 1e-7 1.7e17 1e23 1e20 0 0.1 0 0 0 1 0 1 0 0 0 1 0 1 0 0 0 0 0 0 0 0 0 0 0 0 0 0 0 0 0 0 1 0.5 {-1} 0.5 {-0.0186} 0 0 1e-7 1.74e-7 0 {-3} 5e-7 0 2.2 0.53 {-0.032} 0 5.3 {-0.032} 0 0.05 1e-9 1e-18 {-4.65e-11} 0 0 1e-7 1.67 8e4 1 0 0 0 {-0.047} 0 1 200 0 100 0 100 0 0 0 1 {-0.08} 0 0 1 0.08 {-0.07} 0.56 0 2.4e-4 0 0 0.5 0.39 8.6e-3 0 0.56 5e9 5e-6 0 0.01 0 1e-3 1 0 0 0 0 3 0 0 15 0.43 0.054 0.075 1 0.05 0 6e-3 1.1 3 0.054 0.054 0.075 0.43 0.054 0.075 5e-9 1 1 1 1 3e-9 0 2.3e9 0.5 0.8 0 5e-11 5e-11 1e-12 0.6 0.6 5e-11 1e-7 0.6 0 0 {-1} 1 0 1 15 1e-10 1e-10 0.1 0.1 0.1 0.1 1 1 10 10 1e-4 1e-4 1e-14 1e-14 1e-13 1e-14 0 0 0 0 0 0 20 20 20 0.02 0.02 0.02 0.02 0.02 0.02 10 10 10 10 10 10 0 0 0 5e-4 5e-4 0.5 0.5 0.33 0.33 1e-10 1e-10 5e-10 5e-10 0.33 0.33 0.8 0.8 0.8 0.8 0.8 0.8 25 {-1.5} {-0.11} 0 0.022 6.71e-3 {-3.35e-3} 4.1e-3 0 8.13e-3 0 1 1 3 3 0 0 0 0 0 0 0 0 1e-6 1e-6 0 0 0 0 0 1 1 1 1 0 0 0 0 0 0 0 1 0 1 0 0 0 0 0 1e-6 0.28e-6 0.22e-6 0 0 0 0 0 0 0 0
   472     750  e_ds_7_2 d_7_2 0 v_sweep 0 1
   473     751  v_gs_7_2 g_7_2 0 0.6
   474     752  v_s_7_2 s_7_2 0 0
   475     753  v_bs_7_2 b_7_2 0 0.0
   476     754  x_7_2 d_7_2 g_7_2 s_7_2 b_7_2 dut 5e-06 1e-05 1 1.0 0 0 0 1 1 1 1e-12 1e-6 1e-12 1e-6 1 1 1 0 0 2 0 0 0 0 0 0 1 0 1 2 1 0 0 0 0 1e-4 1 3.9 3e-9 2.8e-9 3e-9 1e-7 1.7e17 1e23 1e20 0 0.1 0 0 0 1 0 1 0 0 0 1 0 1 0 0 0 0 0 0 0 0 0 0 0 0 0 0 0 0 0 0 1 0.5 {-1} 0.5 {-0.0186} 0 0 1e-7 1.74e-7 0 {-3} 5e-7 0 2.2 0.53 {-0.032} 0 5.3 {-0.032} 0 0.05 1e-9 1e-18 {-4.65e-11} 0 0 1e-7 1.67 8e4 1 0 0 0 {-0.047} 0 1 200 0 100 0 100 0 0 0 1 {-0.08} 0 0 1 0.08 {-0.07} 0.56 0 2.4e-4 0 0 0.5 0.39 8.6e-3 0 0.56 5e9 5e-6 0 0.01 0 1e-3 1 0 0 0 0 3 0 0 15 0.43 0.054 0.075 1 0.05 0 6e-3 1.1 3 0.054 0.054 0.075 0.43 0.054 0.075 5e-9 1 1 1 1 3e-9 0 2.3e9 0.5 0.8 0 5e-11 5e-11 1e-12 0.6 0.6 5e-11 1e-7 0.6 0 0 {-1} 1 0 1 15 1e-10 1e-10 0.1 0.1 0.1 0.1 1 1 10 10 1e-4 1e-4 1e-14 1e-14 1e-13 1e-14 0 0 0 0 0 0 20 20 20 0.02 0.02 0.02 0.02 0.02 0.02 10 10 10 10 10 10 0 0 0 5e-4 5e-4 0.5 0.5 0.33 0.33 1e-10 1e-10 5e-10 5e-10 0.33 0.33 0.8 0.8 0.8 0.8 0.8 0.8 25 {-1.5} {-0.11} 0 0.022 6.71e-3 {-3.35e-3} 4.1e-3 0 8.13e-3 0 1 1 3 3 0 0 0 0 0 0 0 0 1e-6 1e-6 0 0 0 0 0 1 1 1 1 0 0 0 0 0 0 0 1 0 1 0 0 0 0 0 1e-6 0.28e-6 0.22e-6 0 0 0 0 0 0 0 0
   480     757  e_ds_7_3 d_7_3 0 v_sweep 0 1
   481     758  v_gs_7_3 g_7_3 0 0.8
   482     759  v_s_7_3 s_7_3 0 0
   483     760  v_bs_7_3 b_7_3 0 0.0
   484     761  x_7_3 d_7_3 g_7_3 s_7_3 b_7_3 dut 5e-06 1e-05 1 1.0 0 0 0 1 1 1 1e-12 1e-6 1e-12 1e-6 1 1 1 0 0 2 0 0 0 0 0 0 1 0 1 2 1 0 0 0 0 1e-4 1 3.9 3e-9 2.8e-9 3e-9 1e-7 1.7e17 1e23 1e20 0 0.1 0 0 0 1 0 1 0 0 0 1 0 1 0 0 0 0 0 0 0 0 0 0 0 0 0 0 0 0 0 0 1 0.5 {-1} 0.5 {-0.0186} 0 0 1e-7 1.74e-7 0 {-3} 5e-7 0 2.2 0.53 {-0.032} 0 5.3 {-0.032} 0 0.05 1e-9 1e-18 {-4.65e-11} 0 0 1e-7 1.67 8e4 1 0 0 0 {-0.047} 0 1 200 0 100 0 100 0 0 0 1 {-0.08} 0 0 1 0.08 {-0.07} 0.56 0 2.4e-4 0 0 0.5 0.39 8.6e-3 0 0.56 5e9 5e-6 0 0.01 0 1e-3 1 0 0 0 0 3 0 0 15 0.43 0.054 0.075 1 0.05 0 6e-3 1.1 3 0.054 0.054 0.075 0.43 0.054 0.075 5e-9 1 1 1 1 3e-9 0 2.3e9 0.5 0.8 0 5e-11 5e-11 1e-12 0.6 0.6 5e-11 1e-7 0.6 0 0 {-1} 1 0 1 15 1e-10 1e-10 0.1 0.1 0.1 0.1 1 1 10 10 1e-4 1e-4 1e-14 1e-14 1e-13 1e-14 0 0 0 0 0 0 20 20 20 0.02 0.02 0.02 0.02 0.02 0.02 10 10 10 10 10 10 0 0 0 5e-4 5e-4 0.5 0.5 0.33 0.33 1e-10 1e-10 5e-10 5e-10 0.33 0.33 0.8 0.8 0.8 0.8 0.8 0.8 25 {-1.5} {-0.11} 0 0.022 6.71e-3 {-3.35e-3} 4.1e-3 0 8.13e-3 0 1 1 3 3 0 0 0 0 0 0 0 0 1e-6 1e-6 0 0 0 0 0 1 1 1 1 0 0 0 0 0 0 0 1 0 1 0 0 0 0 0 1e-6 0.28e-6 0.22e-6 0 0 0 0 0 0 0 0
   488     764  e_ds_7_4 d_7_4 0 v_sweep 0 1
   489     765  v_gs_7_4 g_7_4 0 1.0
   490     766  v_s_7_4 s_7_4 0 0
   491     767  v_bs_7_4 b_7_4 0 0.0
   492     768  x_7_4 d_7_4 g_7_4 s_7_4 b_7_4 dut 5e-06 1e-05 1 1.0 0 0 0 1 1 1 1e-12 1e-6 1e-12 1e-6 1 1 1 0 0 2 0 0 0 0 0 0 1 0 1 2 1 0 0 0 0 1e-4 1 3.9 3e-9 2.8e-9 3e-9 1e-7 1.7e17 1e23 1e20 0 0.1 0 0 0 1 0 1 0 0 0 1 0 1 0 0 0 0 0 0 0 0 0 0 0 0 0 0 0 0 0 0 1 0.5 {-1} 0.5 {-0.0186} 0 0 1e-7 1.74e-7 0 {-3} 5e-7 0 2.2 0.53 {-0.032} 0 5.3 {-0.032} 0 0.05 1e-9 1e-18 {-4.65e-11} 0 0 1e-7 1.67 8e4 1 0 0 0 {-0.047} 0 1 200 0 100 0 100 0 0 0 1 {-0.08} 0 0 1 0.08 {-0.07} 0.56 0 2.4e-4 0 0 0.5 0.39 8.6e-3 0 0.56 5e9 5e-6 0 0.01 0 1e-3 1 0 0 0 0 3 0 0 15 0.43 0.054 0.075 1 0.05 0 6e-3 1.1 3 0.054 0.054 0.075 0.43 0.054 0.075 5e-9 1 1 1 1 3e-9 0 2.3e9 0.5 0.8 0 5e-11 5e-11 1e-12 0.6 0.6 5e-11 1e-7 0.6 0 0 {-1} 1 0 1 15 1e-10 1e-10 0.1 0.1 0.1 0.1 1 1 10 10 1e-4 1e-4 1e-14 1e-14 1e-13 1e-14 0 0 0 0 0 0 20 20 20 0.02 0.02 0.02 0.02 0.02 0.02 10 10 10 10 10 10 0 0 0 5e-4 5e-4 0.5 0.5 0.33 0.33 1e-10 1e-10 5e-10 5e-10 0.33 0.33 0.8 0.8 0.8 0.8 0.8 0.8 25 {-1.5} {-0.11} 0 0.022 6.71e-3 {-3.35e-3} 4.1e-3 0 8.13e-3 0 1 1 3 3 0 0 0 0 0 0 0 0 1e-6 1e-6 0 0 0 0 0 1 1 1 1 0 0 0 0 0 0 0 1 0 1 0 0 0 0 0 1e-6 0.28e-6 0.22e-6 0 0 0 0 0 0 0 0
   496     771  e_ds_7_5 d_7_5 0 v_sweep 0 1
   497     772  v_gs_7_5 g_7_5 0 1.2
   498     773  v_s_7_5 s_7_5 0 0
   499     774  v_bs_7_5 b_7_5 0 0.0
   500     775  x_7_5 d_7_5 g_7_5 s_7_5 b_7_5 dut 5e-06 1e-05 1 1.0 0 0 0 1 1 1 1e-12 1e-6 1e-12 1e-6 1 1 1 0 0 2 0 0 0 0 0 0 1 0 1 2 1 0 0 0 0 1e-4 1 3.9 3e-9 2.8e-9 3e-9 1e-7 1.7e17 1e23 1e20 0 0.1 0 0 0 1 0 1 0 0 0 1 0 1 0 0 0 0 0 0 0 0 0 0 0 0 0 0 0 0 0 0 1 0.5 {-1} 0.5 {-0.0186} 0 0 1e-7 1.74e-7 0 {-3} 5e-7 0 2.2 0.53 {-0.032} 0 5.3 {-0.032} 0 0.05 1e-9 1e-18 {-4.65e-11} 0 0 1e-7 1.67 8e4 1 0 0 0 {-0.047} 0 1 200 0 100 0 100 0 0 0 1 {-0.08} 0 0 1 0.08 {-0.07} 0.56 0 2.4e-4 0 0 0.5 0.39 8.6e-3 0 0.56 5e9 5e-6 0 0.01 0 1e-3 1 0 0 0 0 3 0 0 15 0.43 0.054 0.075 1 0.05 0 6e-3 1.1 3 0.054 0.054 0.075 0.43 0.054 0.075 5e-9 1 1 1 1 3e-9 0 2.3e9 0.5 0.8 0 5e-11 5e-11 1e-12 0.6 0.6 5e-11 1e-7 0.6 0 0 {-1} 1 0 1 15 1e-10 1e-10 0.1 0.1 0.1 0.1 1 1 10 10 1e-4 1e-4 1e-14 1e-14 1e-13 1e-14 0 0 0 0 0 0 20 20 20 0.02 0.02 0.02 0.02 0.02 0.02 10 10 10 10 10 10 0 0 0 5e-4 5e-4 0.5 0.5 0.33 0.33 1e-10 1e-10 5e-10 5e-10 0.33 0.33 0.8 0.8 0.8 0.8 0.8 0.8 25 {-1.5} {-0.11} 0 0.022 6.71e-3 {-3.35e-3} 4.1e-3 0 8.13e-3 0 1 1 3 3 0 0 0 0 0 0 0 0 1e-6 1e-6 0 0 0 0 0 1 1 1 1 0 0 0 0 0 0 0 1 0 1 0 0 0 0 0 1e-6 0.28e-6 0.22e-6 0 0 0 0 0 0 0 0
   504     778  e_ds_7_6 d_7_6 0 v_sweep 0 1
   505     779  v_gs_7_6 g_7_6 0 1.4
   506     780  v_s_7_6 s_7_6 0 0
   507     781  v_bs_7_6 b_7_6 0 0.0
   508     782  x_7_6 d_7_6 g_7_6 s_7_6 b_7_6 dut 5e-06 1e-05 1 1.0 0 0 0 1 1 1 1e-12 1e-6 1e-12 1e-6 1 1 1 0 0 2 0 0 0 0 0 0 1 0 1 2 1 0 0 0 0 1e-4 1 3.9 3e-9 2.8e-9 3e-9 1e-7 1.7e17 1e23 1e20 0 0.1 0 0 0 1 0 1 0 0 0 1 0 1 0 0 0 0 0 0 0 0 0 0 0 0 0 0 0 0 0 0 1 0.5 {-1} 0.5 {-0.0186} 0 0 1e-7 1.74e-7 0 {-3} 5e-7 0 2.2 0.53 {-0.032} 0 5.3 {-0.032} 0 0.05 1e-9 1e-18 {-4.65e-11} 0 0 1e-7 1.67 8e4 1 0 0 0 {-0.047} 0 1 200 0 100 0 100 0 0 0 1 {-0.08} 0 0 1 0.08 {-0.07} 0.56 0 2.4e-4 0 0 0.5 0.39 8.6e-3 0 0.56 5e9 5e-6 0 0.01 0 1e-3 1 0 0 0 0 3 0 0 15 0.43 0.054 0.075 1 0.05 0 6e-3 1.1 3 0.054 0.054 0.075 0.43 0.054 0.075 5e-9 1 1 1 1 3e-9 0 2.3e9 0.5 0.8 0 5e-11 5e-11 1e-12 0.6 0.6 5e-11 1e-7 0.6 0 0 {-1} 1 0 1 15 1e-10 1e-10 0.1 0.1 0.1 0.1 1 1 10 10 1e-4 1e-4 1e-14 1e-14 1e-13 1e-14 0 0 0 0 0 0 20 20 20 0.02 0.02 0.02 0.02 0.02 0.02 10 10 10 10 10 10 0 0 0 5e-4 5e-4 0.5 0.5 0.33 0.33 1e-10 1e-10 5e-10 5e-10 0.33 0.33 0.8 0.8 0.8 0.8 0.8 0.8 25 {-1.5} {-0.11} 0 0.022 6.71e-3 {-3.35e-3} 4.1e-3 0 8.13e-3 0 1 1 3 3 0 0 0 0 0 0 0 0 1e-6 1e-6 0 0 0 0 0 1 1 1 1 0 0 0 0 0 0 0 1 0 1 0 0 0 0 0 1e-6 0.28e-6 0.22e-6 0 0 0 0 0 0 0 0
   512     785  e_ds_7_7 d_7_7 0 v_sweep 0 1
   513     786  v_gs_7_7 g_7_7 0 1.6
   514     787  v_s_7_7 s_7_7 0 0
   515     788  v_bs_7_7 b_7_7 0 0.0
   516     789  x_7_7 d_7_7 g_7_7 s_7_7 b_7_7 dut 5e-06 1e-05 1 1.0 0 0 0 1 1 1 1e-12 1e-6 1e-12 1e-6 1 1 1 0 0 2 0 0 0 0 0 0 1 0 1 2 1 0 0 0 0 1e-4 1 3.9 3e-9 2.8e-9 3e-9 1e-7 1.7e17 1e23 1e20 0 0.1 0 0 0 1 0 1 0 0 0 1 0 1 0 0 0 0 0 0 0 0 0 0 0 0 0 0 0 0 0 0 1 0.5 {-1} 0.5 {-0.0186} 0 0 1e-7 1.74e-7 0 {-3} 5e-7 0 2.2 0.53 {-0.032} 0 5.3 {-0.032} 0 0.05 1e-9 1e-18 {-4.65e-11} 0 0 1e-7 1.67 8e4 1 0 0 0 {-0.047} 0 1 200 0 100 0 100 0 0 0 1 {-0.08} 0 0 1 0.08 {-0.07} 0.56 0 2.4e-4 0 0 0.5 0.39 8.6e-3 0 0.56 5e9 5e-6 0 0.01 0 1e-3 1 0 0 0 0 3 0 0 15 0.43 0.054 0.075 1 0.05 0 6e-3 1.1 3 0.054 0.054 0.075 0.43 0.054 0.075 5e-9 1 1 1 1 3e-9 0 2.3e9 0.5 0.8 0 5e-11 5e-11 1e-12 0.6 0.6 5e-11 1e-7 0.6 0 0 {-1} 1 0 1 15 1e-10 1e-10 0.1 0.1 0.1 0.1 1 1 10 10 1e-4 1e-4 1e-14 1e-14 1e-13 1e-14 0 0 0 0 0 0 20 20 20 0.02 0.02 0.02 0.02 0.02 0.02 10 10 10 10 10 10 0 0 0 5e-4 5e-4 0.5 0.5 0.33 0.33 1e-10 1e-10 5e-10 5e-10 0.33 0.33 0.8 0.8 0.8 0.8 0.8 0.8 25 {-1.5} {-0.11} 0 0.022 6.71e-3 {-3.35e-3} 4.1e-3 0 8.13e-3 0 1 1 3 3 0 0 0 0 0 0 0 0 1e-6 1e-6 0 0 0 0 0 1 1 1 1 0 0 0 0 0 0 0 1 0 1 0 0 0 0 0 1e-6 0.28e-6 0.22e-6 0 0 0 0 0 0 0 0
   520     792  e_ds_8_0 d_8_0 0 v_sweep 0 1
   521     793  v_gs_8_0 g_8_0 0 0.2
   522     794  v_s_8_0 s_8_0 0 0
   523     795  v_bs_8_0 b_8_0 0 -1.0
   524     796  x_8_0 d_8_0 g_8_0 s_8_0 b_8_0 dut 1e-05 5e-06 1 1.0 0 0 0 1 1 1 1e-12 1e-6 1e-12 1e-6 1 1 1 0 0 2 0 0 0 0 0 0 1 0 1 2 1 0 0 0 0 1e-4 1 3.9 3e-9 2.8e-9 3e-9 1e-7 1.7e17 1e23 1e20 0 0.1 0 0 0 1 0 1 0 0 0 1 0 1 0 0 0 0 0 0 0 0 0 0 0 0 0 0 0 0 0 0 1 0.5 {-1} 0.5 {-0.0186} 0 0 1e-7 1.74e-7 0 {-3} 5e-7 0 2.2 0.53 {-0.032} 0 5.3 {-0.032} 0 0.05 1e-9 1e-18 {-4.65e-11} 0 0 1e-7 1.67 8e4 1 0 0 0 {-0.047} 0 1 200 0 100 0 100 0 0 0 1 {-0.08} 0 0 1 0.08 {-0.07} 0.56 0 2.4e-4 0 0 0.5 0.39 8.6e-3 0 0.56 5e9 5e-6 0 0.01 0 1e-3 1 0 0 0 0 3 0 0 15 0.43 0.054 0.075 1 0.05 0 6e-3 1.1 3 0.054 0.054 0.075 0.43 0.054 0.075 5e-9 1 1 1 1 3e-9 0 2.3e9 0.5 0.8 0 5e-11 5e-11 1e-12 0.6 0.6 5e-11 1e-7 0.6 0 0 {-1} 1 0 1 15 1e-10 1e-10 0.1 0.1 0.1 0.1 1 1 10 10 1e-4 1e-4 1e-14 1e-14 1e-13 1e-14 0 0 0 0 0 0 20 20 20 0.02 0.02 0.02 0.02 0.02 0.02 10 10 10 10 10 10 0 0 0 5e-4 5e-4 0.5 0.5 0.33 0.33 1e-10 1e-10 5e-10 5e-10 0.33 0.33 0.8 0.8 0.8 0.8 0.8 0.8 25 {-1.5} {-0.11} 0 0.022 6.71e-3 {-3.35e-3} 4.1e-3 0 8.13e-3 0 1 1 3 3 0 0 0 0 0 0 0 0 1e-6 1e-6 0 0 0 0 0 1 1 1 1 0 0 0 0 0 0 0 1 0 1 0 0 0 0 0 1e-6 0.28e-6 0.22e-6 0 0 0 0 0 0 0 0
   528     799  e_ds_8_1 d_8_1 0 v_sweep 0 1
   529     800  v_gs_8_1 g_8_1 0 0.4
   530     801  v_s_8_1 s_8_1 0 0
   531     802  v_bs_8_1 b_8_1 0 -1.0
   532     803  x_8_1 d_8_1 g_8_1 s_8_1 b_8_1 dut 1e-05 5e-06 1 1.0 0 0 0 1 1 1 1e-12 1e-6 1e-12 1e-6 1 1 1 0 0 2 0 0 0 0 0 0 1 0 1 2 1 0 0 0 0 1e-4 1 3.9 3e-9 2.8e-9 3e-9 1e-7 1.7e17 1e23 1e20 0 0.1 0 0 0 1 0 1 0 0 0 1 0 1 0 0 0 0 0 0 0 0 0 0 0 0 0 0 0 0 0 0 1 0.5 {-1} 0.5 {-0.0186} 0 0 1e-7 1.74e-7 0 {-3} 5e-7 0 2.2 0.53 {-0.032} 0 5.3 {-0.032} 0 0.05 1e-9 1e-18 {-4.65e-11} 0 0 1e-7 1.67 8e4 1 0 0 0 {-0.047} 0 1 200 0 100 0 100 0 0 0 1 {-0.08} 0 0 1 0.08 {-0.07} 0.56 0 2.4e-4 0 0 0.5 0.39 8.6e-3 0 0.56 5e9 5e-6 0 0.01 0 1e-3 1 0 0 0 0 3 0 0 15 0.43 0.054 0.075 1 0.05 0 6e-3 1.1 3 0.054 0.054 0.075 0.43 0.054 0.075 5e-9 1 1 1 1 3e-9 0 2.3e9 0.5 0.8 0 5e-11 5e-11 1e-12 0.6 0.6 5e-11 1e-7 0.6 0 0 {-1} 1 0 1 15 1e-10 1e-10 0.1 0.1 0.1 0.1 1 1 10 10 1e-4 1e-4 1e-14 1e-14 1e-13 1e-14 0 0 0 0 0 0 20 20 20 0.02 0.02 0.02 0.02 0.02 0.02 10 10 10 10 10 10 0 0 0 5e-4 5e-4 0.5 0.5 0.33 0.33 1e-10 1e-10 5e-10 5e-10 0.33 0.33 0.8 0.8 0.8 0.8 0.8 0.8 25 {-1.5} {-0.11} 0 0.022 6.71e-3 {-3.35e-3} 4.1e-3 0 8.13e-3 0 1 1 3 3 0 0 0 0 0 0 0 0 1e-6 1e-6 0 0 0 0 0 1 1 1 1 0 0 0 0 0 0 0 1 0 1 0 0 0 0 0 1e-6 0.28e-6 0.22e-6 0 0 0 0 0 0 0 0
   536     806  e_ds_8_2 d_8_2 0 v_sweep 0 1
   537     807  v_gs_8_2 g_8_2 0 0.6
   538     808  v_s_8_2 s_8_2 0 0
   539     809  v_bs_8_2 b_8_2 0 -1.0
   540     810  x_8_2 d_8_2 g_8_2 s_8_2 b_8_2 dut 1e-05 5e-06 1 1.0 0 0 0 1 1 1 1e-12 1e-6 1e-12 1e-6 1 1 1 0 0 2 0 0 0 0 0 0 1 0 1 2 1 0 0 0 0 1e-4 1 3.9 3e-9 2.8e-9 3e-9 1e-7 1.7e17 1e23 1e20 0 0.1 0 0 0 1 0 1 0 0 0 1 0 1 0 0 0 0 0 0 0 0 0 0 0 0 0 0 0 0 0 0 1 0.5 {-1} 0.5 {-0.0186} 0 0 1e-7 1.74e-7 0 {-3} 5e-7 0 2.2 0.53 {-0.032} 0 5.3 {-0.032} 0 0.05 1e-9 1e-18 {-4.65e-11} 0 0 1e-7 1.67 8e4 1 0 0 0 {-0.047} 0 1 200 0 100 0 100 0 0 0 1 {-0.08} 0 0 1 0.08 {-0.07} 0.56 0 2.4e-4 0 0 0.5 0.39 8.6e-3 0 0.56 5e9 5e-6 0 0.01 0 1e-3 1 0 0 0 0 3 0 0 15 0.43 0.054 0.075 1 0.05 0 6e-3 1.1 3 0.054 0.054 0.075 0.43 0.054 0.075 5e-9 1 1 1 1 3e-9 0 2.3e9 0.5 0.8 0 5e-11 5e-11 1e-12 0.6 0.6 5e-11 1e-7 0.6 0 0 {-1} 1 0 1 15 1e-10 1e-10 0.1 0.1 0.1 0.1 1 1 10 10 1e-4 1e-4 1e-14 1e-14 1e-13 1e-14 0 0 0 0 0 0 20 20 20 0.02 0.02 0.02 0.02 0.02 0.02 10 10 10 10 10 10 0 0 0 5e-4 5e-4 0.5 0.5 0.33 0.33 1e-10 1e-10 5e-10 5e-10 0.33 0.33 0.8 0.8 0.8 0.8 0.8 0.8 25 {-1.5} {-0.11} 0 0.022 6.71e-3 {-3.35e-3} 4.1e-3 0 8.13e-3 0 1 1 3 3 0 0 0 0 0 0 0 0 1e-6 1e-6 0 0 0 0 0 1 1 1 1 0 0 0 0 0 0 0 1 0 1 0 0 0 0 0 1e-6 0.28e-6 0.22e-6 0 0 0 0 0 0 0 0
   544     813  e_ds_8_3 d_8_3 0 v_sweep 0 1
   545     814  v_gs_8_3 g_8_3 0 0.8
   546     815  v_s_8_3 s_8_3 0 0
   547     816  v_bs_8_3 b_8_3 0 -1.0
   548     817  x_8_3 d_8_3 g_8_3 s_8_3 b_8_3 dut 1e-05 5e-06 1 1.0 0 0 0 1 1 1 1e-12 1e-6 1e-12 1e-6 1 1 1 0 0 2 0 0 0 0 0 0 1 0 1 2 1 0 0 0 0 1e-4 1 3.9 3e-9 2.8e-9 3e-9 1e-7 1.7e17 1e23 1e20 0 0.1 0 0 0 1 0 1 0 0 0 1 0 1 0 0 0 0 0 0 0 0 0 0 0 0 0 0 0 0 0 0 1 0.5 {-1} 0.5 {-0.0186} 0 0 1e-7 1.74e-7 0 {-3} 5e-7 0 2.2 0.53 {-0.032} 0 5.3 {-0.032} 0 0.05 1e-9 1e-18 {-4.65e-11} 0 0 1e-7 1.67 8e4 1 0 0 0 {-0.047} 0 1 200 0 100 0 100 0 0 0 1 {-0.08} 0 0 1 0.08 {-0.07} 0.56 0 2.4e-4 0 0 0.5 0.39 8.6e-3 0 0.56 5e9 5e-6 0 0.01 0 1e-3 1 0 0 0 0 3 0 0 15 0.43 0.054 0.075 1 0.05 0 6e-3 1.1 3 0.054 0.054 0.075 0.43 0.054 0.075 5e-9 1 1 1 1 3e-9 0 2.3e9 0.5 0.8 0 5e-11 5e-11 1e-12 0.6 0.6 5e-11 1e-7 0.6 0 0 {-1} 1 0 1 15 1e-10 1e-10 0.1 0.1 0.1 0.1 1 1 10 10 1e-4 1e-4 1e-14 1e-14 1e-13 1e-14 0 0 0 0 0 0 20 20 20 0.02 0.02 0.02 0.02 0.02 0.02 10 10 10 10 10 10 0 0 0 5e-4 5e-4 0.5 0.5 0.33 0.33 1e-10 1e-10 5e-10 5e-10 0.33 0.33 0.8 0.8 0.8 0.8 0.8 0.8 25 {-1.5} {-0.11} 0 0.022 6.71e-3 {-3.35e-3} 4.1e-3 0 8.13e-3 0 1 1 3 3 0 0 0 0 0 0 0 0 1e-6 1e-6 0 0 0 0 0 1 1 1 1 0 0 0 0 0 0 0 1 0 1 0 0 0 0 0 1e-6 0.28e-6 0.22e-6 0 0 0 0 0 0 0 0
   552     820  e_ds_8_4 d_8_4 0 v_sweep 0 1
   553     821  v_gs_8_4 g_8_4 0 1.0
   554     822  v_s_8_4 s_8_4 0 0
   555     823  v_bs_8_4 b_8_4 0 -1.0
   556     824  x_8_4 d_8_4 g_8_4 s_8_4 b_8_4 dut 1e-05 5e-06 1 1.0 0 0 0 1 1 1 1e-12 1e-6 1e-12 1e-6 1 1 1 0 0 2 0 0 0 0 0 0 1 0 1 2 1 0 0 0 0 1e-4 1 3.9 3e-9 2.8e-9 3e-9 1e-7 1.7e17 1e23 1e20 0 0.1 0 0 0 1 0 1 0 0 0 1 0 1 0 0 0 0 0 0 0 0 0 0 0 0 0 0 0 0 0 0 1 0.5 {-1} 0.5 {-0.0186} 0 0 1e-7 1.74e-7 0 {-3} 5e-7 0 2.2 0.53 {-0.032} 0 5.3 {-0.032} 0 0.05 1e-9 1e-18 {-4.65e-11} 0 0 1e-7 1.67 8e4 1 0 0 0 {-0.047} 0 1 200 0 100 0 100 0 0 0 1 {-0.08} 0 0 1 0.08 {-0.07} 0.56 0 2.4e-4 0 0 0.5 0.39 8.6e-3 0 0.56 5e9 5e-6 0 0.01 0 1e-3 1 0 0 0 0 3 0 0 15 0.43 0.054 0.075 1 0.05 0 6e-3 1.1 3 0.054 0.054 0.075 0.43 0.054 0.075 5e-9 1 1 1 1 3e-9 0 2.3e9 0.5 0.8 0 5e-11 5e-11 1e-12 0.6 0.6 5e-11 1e-7 0.6 0 0 {-1} 1 0 1 15 1e-10 1e-10 0.1 0.1 0.1 0.1 1 1 10 10 1e-4 1e-4 1e-14 1e-14 1e-13 1e-14 0 0 0 0 0 0 20 20 20 0.02 0.02 0.02 0.02 0.02 0.02 10 10 10 10 10 10 0 0 0 5e-4 5e-4 0.5 0.5 0.33 0.33 1e-10 1e-10 5e-10 5e-10 0.33 0.33 0.8 0.8 0.8 0.8 0.8 0.8 25 {-1.5} {-0.11} 0 0.022 6.71e-3 {-3.35e-3} 4.1e-3 0 8.13e-3 0 1 1 3 3 0 0 0 0 0 0 0 0 1e-6 1e-6 0 0 0 0 0 1 1 1 1 0 0 0 0 0 0 0 1 0 1 0 0 0 0 0 1e-6 0.28e-6 0.22e-6 0 0 0 0 0 0 0 0
   560     827  e_ds_8_5 d_8_5 0 v_sweep 0 1
   561     828  v_gs_8_5 g_8_5 0 1.2
   562     829  v_s_8_5 s_8_5 0 0
   563     830  v_bs_8_5 b_8_5 0 -1.0
   564     831  x_8_5 d_8_5 g_8_5 s_8_5 b_8_5 dut 1e-05 5e-06 1 1.0 0 0 0 1 1 1 1e-12 1e-6 1e-12 1e-6 1 1 1 0 0 2 0 0 0 0 0 0 1 0 1 2 1 0 0 0 0 1e-4 1 3.9 3e-9 2.8e-9 3e-9 1e-7 1.7e17 1e23 1e20 0 0.1 0 0 0 1 0 1 0 0 0 1 0 1 0 0 0 0 0 0 0 0 0 0 0 0 0 0 0 0 0 0 1 0.5 {-1} 0.5 {-0.0186} 0 0 1e-7 1.74e-7 0 {-3} 5e-7 0 2.2 0.53 {-0.032} 0 5.3 {-0.032} 0 0.05 1e-9 1e-18 {-4.65e-11} 0 0 1e-7 1.67 8e4 1 0 0 0 {-0.047} 0 1 200 0 100 0 100 0 0 0 1 {-0.08} 0 0 1 0.08 {-0.07} 0.56 0 2.4e-4 0 0 0.5 0.39 8.6e-3 0 0.56 5e9 5e-6 0 0.01 0 1e-3 1 0 0 0 0 3 0 0 15 0.43 0.054 0.075 1 0.05 0 6e-3 1.1 3 0.054 0.054 0.075 0.43 0.054 0.075 5e-9 1 1 1 1 3e-9 0 2.3e9 0.5 0.8 0 5e-11 5e-11 1e-12 0.6 0.6 5e-11 1e-7 0.6 0 0 {-1} 1 0 1 15 1e-10 1e-10 0.1 0.1 0.1 0.1 1 1 10 10 1e-4 1e-4 1e-14 1e-14 1e-13 1e-14 0 0 0 0 0 0 20 20 20 0.02 0.02 0.02 0.02 0.02 0.02 10 10 10 10 10 10 0 0 0 5e-4 5e-4 0.5 0.5 0.33 0.33 1e-10 1e-10 5e-10 5e-10 0.33 0.33 0.8 0.8 0.8 0.8 0.8 0.8 25 {-1.5} {-0.11} 0 0.022 6.71e-3 {-3.35e-3} 4.1e-3 0 8.13e-3 0 1 1 3 3 0 0 0 0 0 0 0 0 1e-6 1e-6 0 0 0 0 0 1 1 1 1 0 0 0 0 0 0 0 1 0 1 0 0 0 0 0 1e-6 0.28e-6 0.22e-6 0 0 0 0 0 0 0 0
   568     834  e_ds_8_6 d_8_6 0 v_sweep 0 1
   569     835  v_gs_8_6 g_8_6 0 1.4
   570     836  v_s_8_6 s_8_6 0 0
   571     837  v_bs_8_6 b_8_6 0 -1.0
   572     838  x_8_6 d_8_6 g_8_6 s_8_6 b_8_6 dut 1e-05 5e-06 1 1.0 0 0 0 1 1 1 1e-12 1e-6 1e-12 1e-6 1 1 1 0 0 2 0 0 0 0 0 0 1 0 1 2 1 0 0 0 0 1e-4 1 3.9 3e-9 2.8e-9 3e-9 1e-7 1.7e17 1e23 1e20 0 0.1 0 0 0 1 0 1 0 0 0 1 0 1 0 0 0 0 0 0 0 0 0 0 0 0 0 0 0 0 0 0 1 0.5 {-1} 0.5 {-0.0186} 0 0 1e-7 1.74e-7 0 {-3} 5e-7 0 2.2 0.53 {-0.032} 0 5.3 {-0.032} 0 0.05 1e-9 1e-18 {-4.65e-11} 0 0 1e-7 1.67 8e4 1 0 0 0 {-0.047} 0 1 200 0 100 0 100 0 0 0 1 {-0.08} 0 0 1 0.08 {-0.07} 0.56 0 2.4e-4 0 0 0.5 0.39 8.6e-3 0 0.56 5e9 5e-6 0 0.01 0 1e-3 1 0 0 0 0 3 0 0 15 0.43 0.054 0.075 1 0.05 0 6e-3 1.1 3 0.054 0.054 0.075 0.43 0.054 0.075 5e-9 1 1 1 1 3e-9 0 2.3e9 0.5 0.8 0 5e-11 5e-11 1e-12 0.6 0.6 5e-11 1e-7 0.6 0 0 {-1} 1 0 1 15 1e-10 1e-10 0.1 0.1 0.1 0.1 1 1 10 10 1e-4 1e-4 1e-14 1e-14 1e-13 1e-14 0 0 0 0 0 0 20 20 20 0.02 0.02 0.02 0.02 0.02 0.02 10 10 10 10 10 10 0 0 0 5e-4 5e-4 0.5 0.5 0.33 0.33 1e-10 1e-10 5e-10 5e-10 0.33 0.33 0.8 0.8 0.8 0.8 0.8 0.8 25 {-1.5} {-0.11} 0 0.022 6.71e-3 {-3.35e-3} 4.1e-3 0 8.13e-3 0 1 1 3 3 0 0 0 0 0 0 0 0 1e-6 1e-6 0 0 0 0 0 1 1 1 1 0 0 0 0 0 0 0 1 0 1 0 0 0 0 0 1e-6 0.28e-6 0.22e-6 0 0 0 0 0 0 0 0
   576     841  e_ds_8_7 d_8_7 0 v_sweep 0 1
   577     842  v_gs_8_7 g_8_7 0 1.6
   578     843  v_s_8_7 s_8_7 0 0
   579     844  v_bs_8_7 b_8_7 0 -1.0
   580     845  x_8_7 d_8_7 g_8_7 s_8_7 b_8_7 dut 1e-05 5e-06 1 1.0 0 0 0 1 1 1 1e-12 1e-6 1e-12 1e-6 1 1 1 0 0 2 0 0 0 0 0 0 1 0 1 2 1 0 0 0 0 1e-4 1 3.9 3e-9 2.8e-9 3e-9 1e-7 1.7e17 1e23 1e20 0 0.1 0 0 0 1 0 1 0 0 0 1 0 1 0 0 0 0 0 0 0 0 0 0 0 0 0 0 0 0 0 0 1 0.5 {-1} 0.5 {-0.0186} 0 0 1e-7 1.74e-7 0 {-3} 5e-7 0 2.2 0.53 {-0.032} 0 5.3 {-0.032} 0 0.05 1e-9 1e-18 {-4.65e-11} 0 0 1e-7 1.67 8e4 1 0 0 0 {-0.047} 0 1 200 0 100 0 100 0 0 0 1 {-0.08} 0 0 1 0.08 {-0.07} 0.56 0 2.4e-4 0 0 0.5 0.39 8.6e-3 0 0.56 5e9 5e-6 0 0.01 0 1e-3 1 0 0 0 0 3 0 0 15 0.43 0.054 0.075 1 0.05 0 6e-3 1.1 3 0.054 0.054 0.075 0.43 0.054 0.075 5e-9 1 1 1 1 3e-9 0 2.3e9 0.5 0.8 0 5e-11 5e-11 1e-12 0.6 0.6 5e-11 1e-7 0.6 0 0 {-1} 1 0 1 15 1e-10 1e-10 0.1 0.1 0.1 0.1 1 1 10 10 1e-4 1e-4 1e-14 1e-14 1e-13 1e-14 0 0 0 0 0 0 20 20 20 0.02 0.02 0.02 0.02 0.02 0.02 10 10 10 10 10 10 0 0 0 5e-4 5e-4 0.5 0.5 0.33 0.33 1e-10 1e-10 5e-10 5e-10 0.33 0.33 0.8 0.8 0.8 0.8 0.8 0.8 25 {-1.5} {-0.11} 0 0.022 6.71e-3 {-3.35e-3} 4.1e-3 0 8.13e-3 0 1 1 3 3 0 0 0 0 0 0 0 0 1e-6 1e-6 0 0 0 0 0 1 1 1 1 0 0 0 0 0 0 0 1 0 1 0 0 0 0 0 1e-6 0.28e-6 0.22e-6 0 0 0 0 0 0 0 0
   584     848  e_ds_9_0 d_9_0 0 v_sweep 0 1
   585     849  v_gs_9_0 g_9_0 0 0.2
   586     850  v_s_9_0 s_9_0 0 0
   587     851  v_bs_9_0 b_9_0 0 0.0
   588     852  x_9_0 d_9_0 g_9_0 s_9_0 b_9_0 dut 1e-05 5e-06 1 1.0 0 0 0 1 1 1 1e-12 1e-6 1e-12 1e-6 1 1 1 0 0 2 0 0 0 0 0 0 1 0 1 2 1 0 0 0 0 1e-4 1 3.9 3e-9 2.8e-9 3e-9 1e-7 1.7e17 1e23 1e20 0 0.1 0 0 0 1 0 1 0 0 0 1 0 1 0 0 0 0 0 0 0 0 0 0 0 0 0 0 0 0 0 0 1 0.5 {-1} 0.5 {-0.0186} 0 0 1e-7 1.74e-7 0 {-3} 5e-7 0 2.2 0.53 {-0.032} 0 5.3 {-0.032} 0 0.05 1e-9 1e-18 {-4.65e-11} 0 0 1e-7 1.67 8e4 1 0 0 0 {-0.047} 0 1 200 0 100 0 100 0 0 0 1 {-0.08} 0 0 1 0.08 {-0.07} 0.56 0 2.4e-4 0 0 0.5 0.39 8.6e-3 0 0.56 5e9 5e-6 0 0.01 0 1e-3 1 0 0 0 0 3 0 0 15 0.43 0.054 0.075 1 0.05 0 6e-3 1.1 3 0.054 0.054 0.075 0.43 0.054 0.075 5e-9 1 1 1 1 3e-9 0 2.3e9 0.5 0.8 0 5e-11 5e-11 1e-12 0.6 0.6 5e-11 1e-7 0.6 0 0 {-1} 1 0 1 15 1e-10 1e-10 0.1 0.1 0.1 0.1 1 1 10 10 1e-4 1e-4 1e-14 1e-14 1e-13 1e-14 0 0 0 0 0 0 20 20 20 0.02 0.02 0.02 0.02 0.02 0.02 10 10 10 10 10 10 0 0 0 5e-4 5e-4 0.5 0.5 0.33 0.33 1e-10 1e-10 5e-10 5e-10 0.33 0.33 0.8 0.8 0.8 0.8 0.8 0.8 25 {-1.5} {-0.11} 0 0.022 6.71e-3 {-3.35e-3} 4.1e-3 0 8.13e-3 0 1 1 3 3 0 0 0 0 0 0 0 0 1e-6 1e-6 0 0 0 0 0 1 1 1 1 0 0 0 0 0 0 0 1 0 1 0 0 0 0 0 1e-6 0.28e-6 0.22e-6 0 0 0 0 0 0 0 0
   592     855  e_ds_9_1 d_9_1 0 v_sweep 0 1
   593     856  v_gs_9_1 g_9_1 0 0.4
   594     857  v_s_9_1 s_9_1 0 0
   595     858  v_bs_9_1 b_9_1 0 0.0
   596     859  x_9_1 d_9_1 g_9_1 s_9_1 b_9_1 dut 1e-05 5e-06 1 1.0 0 0 0 1 1 1 1e-12 1e-6 1e-12 1e-6 1 1 1 0 0 2 0 0 0 0 0 0 1 0 1 2 1 0 0 0 0 1e-4 1 3.9 3e-9 2.8e-9 3e-9 1e-7 1.7e17 1e23 1e20 0 0.1 0 0 0 1 0 1 0 0 0 1 0 1 0 0 0 0 0 0 0 0 0 0 0 0 0 0 0 0 0 0 1 0.5 {-1} 0.5 {-0.0186} 0 0 1e-7 1.74e-7 0 {-3} 5e-7 0 2.2 0.53 {-0.032} 0 5.3 {-0.032} 0 0.05 1e-9 1e-18 {-4.65e-11} 0 0 1e-7 1.67 8e4 1 0 0 0 {-0.047} 0 1 200 0 100 0 100 0 0 0 1 {-0.08} 0 0 1 0.08 {-0.07} 0.56 0 2.4e-4 0 0 0.5 0.39 8.6e-3 0 0.56 5e9 5e-6 0 0.01 0 1e-3 1 0 0 0 0 3 0 0 15 0.43 0.054 0.075 1 0.05 0 6e-3 1.1 3 0.054 0.054 0.075 0.43 0.054 0.075 5e-9 1 1 1 1 3e-9 0 2.3e9 0.5 0.8 0 5e-11 5e-11 1e-12 0.6 0.6 5e-11 1e-7 0.6 0 0 {-1} 1 0 1 15 1e-10 1e-10 0.1 0.1 0.1 0.1 1 1 10 10 1e-4 1e-4 1e-14 1e-14 1e-13 1e-14 0 0 0 0 0 0 20 20 20 0.02 0.02 0.02 0.02 0.02 0.02 10 10 10 10 10 10 0 0 0 5e-4 5e-4 0.5 0.5 0.33 0.33 1e-10 1e-10 5e-10 5e-10 0.33 0.33 0.8 0.8 0.8 0.8 0.8 0.8 25 {-1.5} {-0.11} 0 0.022 6.71e-3 {-3.35e-3} 4.1e-3 0 8.13e-3 0 1 1 3 3 0 0 0 0 0 0 0 0 1e-6 1e-6 0 0 0 0 0 1 1 1 1 0 0 0 0 0 0 0 1 0 1 0 0 0 0 0 1e-6 0.28e-6 0.22e-6 0 0 0 0 0 0 0 0
   600     862  e_ds_9_2 d_9_2 0 v_sweep 0 1
   601     863  v_gs_9_2 g_9_2 0 0.6
   602     864  v_s_9_2 s_9_2 0 0
   603     865  v_bs_9_2 b_9_2 0 0.0
   604     866  x_9_2 d_9_2 g_9_2 s_9_2 b_9_2 dut 1e-05 5e-06 1 1.0 0 0 0 1 1 1 1e-12 1e-6 1e-12 1e-6 1 1 1 0 0 2 0 0 0 0 0 0 1 0 1 2 1 0 0 0 0 1e-4 1 3.9 3e-9 2.8e-9 3e-9 1e-7 1.7e17 1e23 1e20 0 0.1 0 0 0 1 0 1 0 0 0 1 0 1 0 0 0 0 0 0 0 0 0 0 0 0 0 0 0 0 0 0 1 0.5 {-1} 0.5 {-0.0186} 0 0 1e-7 1.74e-7 0 {-3} 5e-7 0 2.2 0.53 {-0.032} 0 5.3 {-0.032} 0 0.05 1e-9 1e-18 {-4.65e-11} 0 0 1e-7 1.67 8e4 1 0 0 0 {-0.047} 0 1 200 0 100 0 100 0 0 0 1 {-0.08} 0 0 1 0.08 {-0.07} 0.56 0 2.4e-4 0 0 0.5 0.39 8.6e-3 0 0.56 5e9 5e-6 0 0.01 0 1e-3 1 0 0 0 0 3 0 0 15 0.43 0.054 0.075 1 0.05 0 6e-3 1.1 3 0.054 0.054 0.075 0.43 0.054 0.075 5e-9 1 1 1 1 3e-9 0 2.3e9 0.5 0.8 0 5e-11 5e-11 1e-12 0.6 0.6 5e-11 1e-7 0.6 0 0 {-1} 1 0 1 15 1e-10 1e-10 0.1 0.1 0.1 0.1 1 1 10 10 1e-4 1e-4 1e-14 1e-14 1e-13 1e-14 0 0 0 0 0 0 20 20 20 0.02 0.02 0.02 0.02 0.02 0.02 10 10 10 10 10 10 0 0 0 5e-4 5e-4 0.5 0.5 0.33 0.33 1e-10 1e-10 5e-10 5e-10 0.33 0.33 0.8 0.8 0.8 0.8 0.8 0.8 25 {-1.5} {-0.11} 0 0.022 6.71e-3 {-3.35e-3} 4.1e-3 0 8.13e-3 0 1 1 3 3 0 0 0 0 0 0 0 0 1e-6 1e-6 0 0 0 0 0 1 1 1 1 0 0 0 0 0 0 0 1 0 1 0 0 0 0 0 1e-6 0.28e-6 0.22e-6 0 0 0 0 0 0 0 0
   608     869  e_ds_9_3 d_9_3 0 v_sweep 0 1
   609     870  v_gs_9_3 g_9_3 0 0.8
   610     871  v_s_9_3 s_9_3 0 0
   611     872  v_bs_9_3 b_9_3 0 0.0
   612     873  x_9_3 d_9_3 g_9_3 s_9_3 b_9_3 dut 1e-05 5e-06 1 1.0 0 0 0 1 1 1 1e-12 1e-6 1e-12 1e-6 1 1 1 0 0 2 0 0 0 0 0 0 1 0 1 2 1 0 0 0 0 1e-4 1 3.9 3e-9 2.8e-9 3e-9 1e-7 1.7e17 1e23 1e20 0 0.1 0 0 0 1 0 1 0 0 0 1 0 1 0 0 0 0 0 0 0 0 0 0 0 0 0 0 0 0 0 0 1 0.5 {-1} 0.5 {-0.0186} 0 0 1e-7 1.74e-7 0 {-3} 5e-7 0 2.2 0.53 {-0.032} 0 5.3 {-0.032} 0 0.05 1e-9 1e-18 {-4.65e-11} 0 0 1e-7 1.67 8e4 1 0 0 0 {-0.047} 0 1 200 0 100 0 100 0 0 0 1 {-0.08} 0 0 1 0.08 {-0.07} 0.56 0 2.4e-4 0 0 0.5 0.39 8.6e-3 0 0.56 5e9 5e-6 0 0.01 0 1e-3 1 0 0 0 0 3 0 0 15 0.43 0.054 0.075 1 0.05 0 6e-3 1.1 3 0.054 0.054 0.075 0.43 0.054 0.075 5e-9 1 1 1 1 3e-9 0 2.3e9 0.5 0.8 0 5e-11 5e-11 1e-12 0.6 0.6 5e-11 1e-7 0.6 0 0 {-1} 1 0 1 15 1e-10 1e-10 0.1 0.1 0.1 0.1 1 1 10 10 1e-4 1e-4 1e-14 1e-14 1e-13 1e-14 0 0 0 0 0 0 20 20 20 0.02 0.02 0.02 0.02 0.02 0.02 10 10 10 10 10 10 0 0 0 5e-4 5e-4 0.5 0.5 0.33 0.33 1e-10 1e-10 5e-10 5e-10 0.33 0.33 0.8 0.8 0.8 0.8 0.8 0.8 25 {-1.5} {-0.11} 0 0.022 6.71e-3 {-3.35e-3} 4.1e-3 0 8.13e-3 0 1 1 3 3 0 0 0 0 0 0 0 0 1e-6 1e-6 0 0 0 0 0 1 1 1 1 0 0 0 0 0 0 0 1 0 1 0 0 0 0 0 1e-6 0.28e-6 0.22e-6 0 0 0 0 0 0 0 0
   616     876  e_ds_9_4 d_9_4 0 v_sweep 0 1
   617     877  v_gs_9_4 g_9_4 0 1.0
   618     878  v_s_9_4 s_9_4 0 0
   619     879  v_bs_9_4 b_9_4 0 0.0
   620     880  x_9_4 d_9_4 g_9_4 s_9_4 b_9_4 dut 1e-05 5e-06 1 1.0 0 0 0 1 1 1 1e-12 1e-6 1e-12 1e-6 1 1 1 0 0 2 0 0 0 0 0 0 1 0 1 2 1 0 0 0 0 1e-4 1 3.9 3e-9 2.8e-9 3e-9 1e-7 1.7e17 1e23 1e20 0 0.1 0 0 0 1 0 1 0 0 0 1 0 1 0 0 0 0 0 0 0 0 0 0 0 0 0 0 0 0 0 0 1 0.5 {-1} 0.5 {-0.0186} 0 0 1e-7 1.74e-7 0 {-3} 5e-7 0 2.2 0.53 {-0.032} 0 5.3 {-0.032} 0 0.05 1e-9 1e-18 {-4.65e-11} 0 0 1e-7 1.67 8e4 1 0 0 0 {-0.047} 0 1 200 0 100 0 100 0 0 0 1 {-0.08} 0 0 1 0.08 {-0.07} 0.56 0 2.4e-4 0 0 0.5 0.39 8.6e-3 0 0.56 5e9 5e-6 0 0.01 0 1e-3 1 0 0 0 0 3 0 0 15 0.43 0.054 0.075 1 0.05 0 6e-3 1.1 3 0.054 0.054 0.075 0.43 0.054 0.075 5e-9 1 1 1 1 3e-9 0 2.3e9 0.5 0.8 0 5e-11 5e-11 1e-12 0.6 0.6 5e-11 1e-7 0.6 0 0 {-1} 1 0 1 15 1e-10 1e-10 0.1 0.1 0.1 0.1 1 1 10 10 1e-4 1e-4 1e-14 1e-14 1e-13 1e-14 0 0 0 0 0 0 20 20 20 0.02 0.02 0.02 0.02 0.02 0.02 10 10 10 10 10 10 0 0 0 5e-4 5e-4 0.5 0.5 0.33 0.33 1e-10 1e-10 5e-10 5e-10 0.33 0.33 0.8 0.8 0.8 0.8 0.8 0.8 25 {-1.5} {-0.11} 0 0.022 6.71e-3 {-3.35e-3} 4.1e-3 0 8.13e-3 0 1 1 3 3 0 0 0 0 0 0 0 0 1e-6 1e-6 0 0 0 0 0 1 1 1 1 0 0 0 0 0 0 0 1 0 1 0 0 0 0 0 1e-6 0.28e-6 0.22e-6 0 0 0 0 0 0 0 0
   624     883  e_ds_9_5 d_9_5 0 v_sweep 0 1
   625     884  v_gs_9_5 g_9_5 0 1.2
   626     885  v_s_9_5 s_9_5 0 0
   627     886  v_bs_9_5 b_9_5 0 0.0
   628     887  x_9_5 d_9_5 g_9_5 s_9_5 b_9_5 dut 1e-05 5e-06 1 1.0 0 0 0 1 1 1 1e-12 1e-6 1e-12 1e-6 1 1 1 0 0 2 0 0 0 0 0 0 1 0 1 2 1 0 0 0 0 1e-4 1 3.9 3e-9 2.8e-9 3e-9 1e-7 1.7e17 1e23 1e20 0 0.1 0 0 0 1 0 1 0 0 0 1 0 1 0 0 0 0 0 0 0 0 0 0 0 0 0 0 0 0 0 0 1 0.5 {-1} 0.5 {-0.0186} 0 0 1e-7 1.74e-7 0 {-3} 5e-7 0 2.2 0.53 {-0.032} 0 5.3 {-0.032} 0 0.05 1e-9 1e-18 {-4.65e-11} 0 0 1e-7 1.67 8e4 1 0 0 0 {-0.047} 0 1 200 0 100 0 100 0 0 0 1 {-0.08} 0 0 1 0.08 {-0.07} 0.56 0 2.4e-4 0 0 0.5 0.39 8.6e-3 0 0.56 5e9 5e-6 0 0.01 0 1e-3 1 0 0 0 0 3 0 0 15 0.43 0.054 0.075 1 0.05 0 6e-3 1.1 3 0.054 0.054 0.075 0.43 0.054 0.075 5e-9 1 1 1 1 3e-9 0 2.3e9 0.5 0.8 0 5e-11 5e-11 1e-12 0.6 0.6 5e-11 1e-7 0.6 0 0 {-1} 1 0 1 15 1e-10 1e-10 0.1 0.1 0.1 0.1 1 1 10 10 1e-4 1e-4 1e-14 1e-14 1e-13 1e-14 0 0 0 0 0 0 20 20 20 0.02 0.02 0.02 0.02 0.02 0.02 10 10 10 10 10 10 0 0 0 5e-4 5e-4 0.5 0.5 0.33 0.33 1e-10 1e-10 5e-10 5e-10 0.33 0.33 0.8 0.8 0.8 0.8 0.8 0.8 25 {-1.5} {-0.11} 0 0.022 6.71e-3 {-3.35e-3} 4.1e-3 0 8.13e-3 0 1 1 3 3 0 0 0 0 0 0 0 0 1e-6 1e-6 0 0 0 0 0 1 1 1 1 0 0 0 0 0 0 0 1 0 1 0 0 0 0 0 1e-6 0.28e-6 0.22e-6 0 0 0 0 0 0 0 0
   632     890  e_ds_9_6 d_9_6 0 v_sweep 0 1
   633     891  v_gs_9_6 g_9_6 0 1.4
   634     892  v_s_9_6 s_9_6 0 0
   635     893  v_bs_9_6 b_9_6 0 0.0
   636     894  x_9_6 d_9_6 g_9_6 s_9_6 b_9_6 dut 1e-05 5e-06 1 1.0 0 0 0 1 1 1 1e-12 1e-6 1e-12 1e-6 1 1 1 0 0 2 0 0 0 0 0 0 1 0 1 2 1 0 0 0 0 1e-4 1 3.9 3e-9 2.8e-9 3e-9 1e-7 1.7e17 1e23 1e20 0 0.1 0 0 0 1 0 1 0 0 0 1 0 1 0 0 0 0 0 0 0 0 0 0 0 0 0 0 0 0 0 0 1 0.5 {-1} 0.5 {-0.0186} 0 0 1e-7 1.74e-7 0 {-3} 5e-7 0 2.2 0.53 {-0.032} 0 5.3 {-0.032} 0 0.05 1e-9 1e-18 {-4.65e-11} 0 0 1e-7 1.67 8e4 1 0 0 0 {-0.047} 0 1 200 0 100 0 100 0 0 0 1 {-0.08} 0 0 1 0.08 {-0.07} 0.56 0 2.4e-4 0 0 0.5 0.39 8.6e-3 0 0.56 5e9 5e-6 0 0.01 0 1e-3 1 0 0 0 0 3 0 0 15 0.43 0.054 0.075 1 0.05 0 6e-3 1.1 3 0.054 0.054 0.075 0.43 0.054 0.075 5e-9 1 1 1 1 3e-9 0 2.3e9 0.5 0.8 0 5e-11 5e-11 1e-12 0.6 0.6 5e-11 1e-7 0.6 0 0 {-1} 1 0 1 15 1e-10 1e-10 0.1 0.1 0.1 0.1 1 1 10 10 1e-4 1e-4 1e-14 1e-14 1e-13 1e-14 0 0 0 0 0 0 20 20 20 0.02 0.02 0.02 0.02 0.02 0.02 10 10 10 10 10 10 0 0 0 5e-4 5e-4 0.5 0.5 0.33 0.33 1e-10 1e-10 5e-10 5e-10 0.33 0.33 0.8 0.8 0.8 0.8 0.8 0.8 25 {-1.5} {-0.11} 0 0.022 6.71e-3 {-3.35e-3} 4.1e-3 0 8.13e-3 0 1 1 3 3 0 0 0 0 0 0 0 0 1e-6 1e-6 0 0 0 0 0 1 1 1 1 0 0 0 0 0 0 0 1 0 1 0 0 0 0 0 1e-6 0.28e-6 0.22e-6 0 0 0 0 0 0 0 0
   640     897  e_ds_9_7 d_9_7 0 v_sweep 0 1
   641     898  v_gs_9_7 g_9_7 0 1.6
   642     899  v_s_9_7 s_9_7 0 0
   643     900  v_bs_9_7 b_9_7 0 0.0
   644     901  x_9_7 d_9_7 g_9_7 s_9_7 b_9_7 dut 1e-05 5e-06 1 1.0 0 0 0 1 1 1 1e-12 1e-6 1e-12 1e-6 1 1 1 0 0 2 0 0 0 0 0 0 1 0 1 2 1 0 0 0 0 1e-4 1 3.9 3e-9 2.8e-9 3e-9 1e-7 1.7e17 1e23 1e20 0 0.1 0 0 0 1 0 1 0 0 0 1 0 1 0 0 0 0 0 0 0 0 0 0 0 0 0 0 0 0 0 0 1 0.5 {-1} 0.5 {-0.0186} 0 0 1e-7 1.74e-7 0 {-3} 5e-7 0 2.2 0.53 {-0.032} 0 5.3 {-0.032} 0 0.05 1e-9 1e-18 {-4.65e-11} 0 0 1e-7 1.67 8e4 1 0 0 0 {-0.047} 0 1 200 0 100 0 100 0 0 0 1 {-0.08} 0 0 1 0.08 {-0.07} 0.56 0 2.4e-4 0 0 0.5 0.39 8.6e-3 0 0.56 5e9 5e-6 0 0.01 0 1e-3 1 0 0 0 0 3 0 0 15 0.43 0.054 0.075 1 0.05 0 6e-3 1.1 3 0.054 0.054 0.075 0.43 0.054 0.075 5e-9 1 1 1 1 3e-9 0 2.3e9 0.5 0.8 0 5e-11 5e-11 1e-12 0.6 0.6 5e-11 1e-7 0.6 0 0 {-1} 1 0 1 15 1e-10 1e-10 0.1 0.1 0.1 0.1 1 1 10 10 1e-4 1e-4 1e-14 1e-14 1e-13 1e-14 0 0 0 0 0 0 20 20 20 0.02 0.02 0.02 0.02 0.02 0.02 10 10 10 10 10 10 0 0 0 5e-4 5e-4 0.5 0.5 0.33 0.33 1e-10 1e-10 5e-10 5e-10 0.33 0.33 0.8 0.8 0.8 0.8 0.8 0.8 25 {-1.5} {-0.11} 0 0.022 6.71e-3 {-3.35e-3} 4.1e-3 0 8.13e-3 0 1 1 3 3 0 0 0 0 0 0 0 0 1e-6 1e-6 0 0 0 0 0 1 1 1 1 0 0 0 0 0 0 0 1 0 1 0 0 0 0 0 1e-6 0.28e-6 0.22e-6 0 0 0 0 0 0 0 0
   650     905  v_sweep v_sweep 0 0
   653     907  .control
   656     909  alterparam dut a0=1.6669323493658108
   657     910  alterparam dut a1=0.04824186174683426
   658     911  alterparam dut a2=0.33831510895135486
   659     912  alterparam dut acde=1.3875053406892315
   660     913  alterparam dut ags=1.461013193085545
   661     914  alterparam dut bin_lketa=0.23426137580019427
   662     915  alterparam dut bin_pketa=0.9547174833633073
   663     916  alterparam dut bin_ppclm=0.03482176601624304
   664     917  alterparam dut bin_prdsw=0.7175767068245535
   665     918  alterparam dut bin_pvsat=0.5753471583527263
   666     919  alterparam dut bin_wk3=0.00381662479854345
   667     920  alterparam dut bin_wk3b=0.03636957174700447
   668     921  alterparam dut bin_wketa=0.9787254722620039
   669     922  alterparam dut cf=8.351188464209156e-11
   670     923  alterparam dut cgdl=3.858307605887325e-09
   671     924  alterparam dut cgdo=1.317604072668257e-10
   672     925  alterparam dut ckappas=7.291803097063258
   673     926  alterparam dut clc=2.4069645042633775e-07
   674     927  alterparam dut cle=0.27009070103158
   675     928  alterparam dut dlc=9.126894668593116e-08
   676     929  alterparam dut drout=1.4540223382310196
   677     930  alterparam dut dsub=0.7025834364215341
   678     931  alterparam dut dvt0=7.912105914535838
   679     932  alterparam dut dvt0w=2.5566926777240235
   680     933  alterparam dut dvt1=1.3753568906716982
   681     934  alterparam dut dvt1w=4503307.656083409
   682     935  alterparam dut dvt2=1*-0.0010658872711142298
   683     936  alterparam dut dvt2w=1*-0.02587926962052811
   684     937  alterparam dut dwg=7.192421539185264e-08
   685     938  alterparam dut eta0=0.7381329368289259
   686     939  alterparam dut etab=1*-0.22682425354497093
   687     940  alterparam dut k1=0.7400556090072814
   688     941  alterparam dut k2=1*-0.021588887208401637
   689     942  alterparam dut k3=1*-64.02878203620219
   690     943  alterparam dut k3b=7.818979340521146
   691     944  alterparam dut keta=1*-0.003494327634832345
   692     945  alterparam dut lint=1*-1.1024881374803529e-08
   693     946  alterparam dut ll=2.944241858380913e-14
   694     947  alterparam dut lwl=1*-5.44665145312596e-20
   695     948  alterparam dut moin=17.347701956985464
   696     949  alterparam dut ndep=1.2786067991378795e+17
   697     950  alterparam dut nfactor=1.305784501632896
   698     951  alterparam dut ngate=5.0085659234150704e+23
   699     952  alterparam dut noff=1.4237592661519185
   700     953  alterparam dut pclm=0.00010589727050773801
   701     954  alterparam dut pdiblc1=1.865933618205728e-07
   702     955  alterparam dut pdiblc2=3.213219875802274e-06
   703     956  alterparam dut pdiblcb=1*-0.595509368143662
   704     957  alterparam dut pvag=0.9906424983931763
   705     958  alterparam dut rdsw=1021.6640721141046
   706     959  alterparam dut toxp=7.958213331092724e-09
   707     960  alterparam dut u0=664.2016379163018
   708     961  alterparam dut ua=3.887686849410945e-09
   709     962  alterparam dut ub=5.316970950314203e-19
   710     963  alterparam dut uc=8.009473390466758e-09
   711     964  alterparam dut voff=1*-0.06448242568404003
   712     965  alterparam dut voffcv=1*-0.40642909989333953
   713     966  alterparam dut voffl=7.534117034257408e-09
   714     967  alterparam dut vsat=5271.817113608137
   715     968  alterparam dut vth0=1.45181834359204
   716     969  alterparam dut w0=4.186266760885249e-11
   717     970  alterparam dut wint=1*-3.972245518201736e-08
   718     971  alterparam dut ww=1*-1.7043818024425863e-15
   719     972  alterparam dut wwl=2.617476637824593e-20
   720     973  alterparam dut xpart=0.7998732067633417
   721     974  reset
   725     977  save v(d_5_5) i(v_s_3_4) v(d_8_2) v(d_9_2) v(d_0_5) v(d_7_7) i(v_s_8_6) v(d_6_0) v(d_1_5) i(v_s_4_4) i(v_s_6_5) v(d_4_4) i(v_s_4_5) i(v_s_7_6) i(v_s_8_1) v(d_4_2) i(v_s_7_5) i(v_s_0_5) v(d_1_2) v(d_0_4) v(d_1_3) v(d_1_0) v(d_2_7) i(v_s_1_7) v(d_7_3) v(d_3_4) v(d_2_0) v(d_3_5) v(d_0_3) i(v_s_6_1) v(d_3_6) v(d_6_6) v(d_5_7) v(d_4_1) i(v_s_9_4) v(d_2_5) v(d_5_3) i(v_s_4_2) v(d_6_7) v(d_5_6) i(v_s_6_0) v(d_0_6) i(v_s_0_1) i(v_s_7_1) v(d_2_4) i(v_s_8_4) i(v_s_8_2) v(d_9_7) i(v_s_1_3) i(v_s_2_6) v(d_4_5) v(d_5_0) i(v_s_9_0) v(d_4_6) i(v_s_1_0) i(v_s_5_4) i(v_s_6_2) i(v_s_7_2) i(v_s_8_5) v(d_8_6) i(v_s_3_3) i(v_s_9_6) i(v_s_4_7) i(v_s_0_4) v(d_4_7) i(v_s_2_7) v(d_6_5) v(d_4_3) i(v_s_1_6) i(v_s_5_5) i(v_s_5_7) v(d_6_1) i(v_s_4_1) i(v_s_5_3) i(v_s_3_6) v(d_7_0) v(d_0_2) i(v_s_9_2) v(d_0_1) i(v_s_0_3) v(d_7_2) i(v_s_4_6) v(d_8_3) v(d_5_4) v(d_0_0) i(v_s_2_3) v(d_2_3) i(v_s_8_0) v(d_8_0) i(v_s_0_0) v(d_3_1) i(v_s_7_0) i(v_s_8_7) i(v_s_7_7) i(v_s_6_4) i(v_s_6_6) i(v_s_3_0) i(v_s_1_2) v(d_2_1) v(d_8_1) v(d_2_2) i(v_s_0_7) v(d_9_5) v(d_1_7) i(v_s_9_5) v(d_3_0) v(d_9_0) i(v_s_8_3) v(d_6_2) i(v_s_4_3) i(v_s_6_7) i(v_s_5_2) i(v_s_7_3) v(d_9_6) v(d_9_1) v(d_8_7) v(d_9_3) i(v_s_9_3) i(v_s_3_5) i(v_s_3_7) i(v_s_1_1) v(d_9_4) v(d_3_3) v(d_5_1) i(v_s_1_5) i(v_s_2_0) v(d_4_0) v(d_1_6) i(v_s_0_2) v(d_0_7) i(v_s_6_3) v(d_8_4) v(d_7_1) v(d_7_6) i(v_s_5_1) i(v_s_2_4) i(v_s_9_1) i(v_s_2_2) v(d_3_2) v(d_2_6) i(v_s_0_6) i(v_s_7_4) v(d_1_1) v(d_5_2) i(v_s_5_0) i(v_s_3_2) i(v_s_5_6) i(v_s_2_5) v(d_3_7) v(d_6_3) i(v_s_3_1) i(v_s_2_1) v(d_6_4) i(v_s_4_0) v(d_7_5) i(v_s_9_7) v(d_8_5) v(d_7_4)
   728     979  dc v_sweep 0.0 1.6 0.1
   731     981  set wr_vecnames
   732     982  set wr_singlescale
   733     983  wrdata /home/gazi/Desktop/Work/custom_packages/aivalanche/aivalanche_app/src/aivalanche_app/data_store/projects/project_1.gazi.5ce9039e-e488-419b-92e8-c95a713c4994/models/model_1.0e00713a-4f68-42d4-9653-2a40c98c558f/calibration_08_08_2024-15_07_37/simulation_files/dc_sweep_10.csv v(d_5_5) i(v_s_3_4) v(d_8_2) v(d_9_2) v(d_0_5) v(d_7_7) i(v_s_8_6) v(d_6_0) v(d_1_5) i(v_s_4_4) i(v_s_6_5) v(d_4_4) i(v_s_4_5) i(v_s_7_6) i(v_s_8_1) v(d_4_2) i(v_s_7_5) i(v_s_0_5) v(d_1_2) v(d_0_4) v(d_1_3) v(d_1_0) v(d_2_7) i(v_s_1_7) v(d_7_3) v(d_3_4) v(d_2_0) v(d_3_5) v(d_0_3) i(v_s_6_1) v(d_3_6) v(d_6_6) v(d_5_7) v(d_4_1) i(v_s_9_4) v(d_2_5) v(d_5_3) i(v_s_4_2) v(d_6_7) v(d_5_6) i(v_s_6_0) v(d_0_6) i(v_s_0_1) i(v_s_7_1) v(d_2_4) i(v_s_8_4) i(v_s_8_2) v(d_9_7) i(v_s_1_3) i(v_s_2_6) v(d_4_5) v(d_5_0) i(v_s_9_0) v(d_4_6) i(v_s_1_0) i(v_s_5_4) i(v_s_6_2) i(v_s_7_2) i(v_s_8_5) v(d_8_6) i(v_s_3_3) i(v_s_9_6) i(v_s_4_7) i(v_s_0_4) v(d_4_7) i(v_s_2_7) v(d_6_5) v(d_4_3) i(v_s_1_6) i(v_s_5_5) i(v_s_5_7) v(d_6_1) i(v_s_4_1) i(v_s_5_3) i(v_s_3_6) v(d_7_0) v(d_0_2) i(v_s_9_2) v(d_0_1) i(v_s_0_3) v(d_7_2) i(v_s_4_6) v(d_8_3) v(d_5_4) v(d_0_0) i(v_s_2_3) v(d_2_3) i(v_s_8_0) v(d_8_0) i(v_s_0_0) v(d_3_1) i(v_s_7_0) i(v_s_8_7) i(v_s_7_7) i(v_s_6_4) i(v_s_6_6) i(v_s_3_0) i(v_s_1_2) v(d_2_1) v(d_8_1) v(d_2_2) i(v_s_0_7) v(d_9_5) v(d_1_7) i(v_s_9_5) v(d_3_0) v(d_9_0) i(v_s_8_3) v(d_6_2) i(v_s_4_3) i(v_s_6_7) i(v_s_5_2) i(v_s_7_3) v(d_9_6) v(d_9_1) v(d_8_7) v(d_9_3) i(v_s_9_3) i(v_s_3_5) i(v_s_3_7) i(v_s_1_1) v(d_9_4) v(d_3_3) v(d_5_1) i(v_s_1_5) i(v_s_2_0) v(d_4_0) v(d_1_6) i(v_s_0_2) v(d_0_7) i(v_s_6_3) v(d_8_4) v(d_7_1) v(d_7_6) i(v_s_5_1) i(v_s_2_4) i(v_s_9_1) i(v_s_2_2) v(d_3_2) v(d_2_6) i(v_s_0_6) i(v_s_7_4) v(d_1_1) v(d_5_2) i(v_s_5_0) i(v_s_3_2) i(v_s_5_6) i(v_s_2_5) v(d_3_7) v(d_6_3) i(v_s_3_1) i(v_s_2_1) v(d_6_4) i(v_s_4_0) v(d_7_5) i(v_s_9_7) v(d_8_5) v(d_7_4)
   735     984  .endc
   739     987  .end

****************** complete deck ***************

     1       1  **********************************************************
     0       2  .param gmin=1e-12
     0       3  .global gnd
     0       4  *param temp={temper}
     1       5  *func temp() {temper}
     0       6  *param vt={(temper+273.15)*8.6173303e-5}
     2       7  *func vt() {(temper+273.15)*8.6173303e-5}
     0       8  *func limit(x, a, b) { ternary_fcn(a>b,max(min(x,a),b),max(min(x,b),a))}
     0       9  *func pwr(x, a) { pow(x,a)}
     0      10  *func pwrs(x, a) { sgn(x)*pow(x,a)}
     0      11  *func stp(x) { u(x)}
     0      12  *func if(a, b, c) {ternary_fcn(a,b,c)}
     0      13  *func int(x) { sign(x)*floor(abs(x))}
     0      14  *func uplim(x, pos, z) { min(x,pos-z)+(1-(min(max(0,x-pos+z),2*z)/2/z-1)**2)*z }
     0      15  *func dnlim(x, neg, z) { max(x,neg+z)-(1-(min(max(0,-x+neg+z),2*z)/2/z-1)**2)*z }
     0      16  *func uplim_tanh(x, pos, z) { min(x,pos-z)+tanh(max(0,x-pos+z)/z)*z }
     0      17  *func dnlim_tanh(x, neg, z) { max(x,neg+z)-tanh(max(0,neg+z-x)/z)*z }
     2      18  * this file is generated by aivalanche
     3      19  * file id: 10
     4      20  * simulation type: dc_sweep
     5      21  **********************************************************
     7      22  * define the temperature
     8      23  .temp 25.0
    10      24  * include the dut file
     9      25  *INCLUDE /home/gazi/Desktop/Work/custom_packages/aivalanche/aivalanche_app/src/aivalanche_app/data_store/projects/project_1.gazi.5ce9039e-e488-419b-92e8-c95a713c4994/common/model_files/dut.cir
     1      26  ********** bsim4 nmos template **********
     2      27  .subckt dut d g s b params: l=10e-6 w=10e-6 nf=1 m=1 sa=0 sb=0 sc=0 sca=1 scb=1 scc=1 ad=1e-12 pd=1e-6 as=1e-12 ps=1e-6 nrs=1 nrd=1 binunit=1 paramchk=0 mobmod=0 capmod=2 rdsmod=0 igcmod=0 igbmod=0 rbodymod=0 trnqsmod=0 acnqsmod=0 fnoimod=1 tnoimod=0 diomod=1 tempmod=2 permod=1 geomod=0 rgeomod=0 rgatemod=0 wpemod=0 lmax=1e-4 wmax=1 epsrox=3.9 toxe=3e-9 toxp=2.8e-9 toxm=3e-9 xj=1e-7 ndep=1.7e17 ngate=1e23 nsd=1e20 rsh=0 rshg=0.1 phin=0 wint=0 wl=0 wln=1 ww=0 wwn=1 wwl=0 lint=0 ll=0 lln=1 lw=0 lwn=1 lwl=0 llc=0 lwc=0 lwlc=0 wlc=0 wwc=0 wwlc=0 dwg=0 dwb=0 xl=0 xw=0 dmcg=0 dmci=0 dmdg=0 dmcgt=0 dwj=0 xgw=0 xgl=0 ngcon=1 vth0=0.5 vfb=-1 k1=0.5 k2=-0.0186 k3=0 k3b=0 w0=1e-7 lpe0=1.74e-7 lpeb=0 vbm=-3 dvtp0=5e-7 dvtp1=0 dvt0=2.2 dvt1=0.53 dvt2=-0.032 dvt0w=0 dvt1w=5.3 dvt2w=-0.032 vfbsdoff=0 u0=0.05 ua=1e-9 ub=1e-18 uc=-4.65e-11 ud=0 up=0 lp=1e-7 eu=1.67 vsat=8e4 a0=1 ags=0 b0=0 b1=0 keta=-0.047 a1=0 a2=1 rdsw=200 rdswmin=0 rdw=100 rdwmin=0 rsw=100 rswmin=0 prwb=0 prwg=0 wr=1 voff=-0.08 voffl=0 minv=0 nfactor=1 eta0=0.08 etab=-0.07 dsub=0.56 cit=0 cdsc=2.4e-4 cdscb=0 cdscd=0 pclm=0.5 pdiblc1=0.39 pdiblc2=8.6e-3 pdiblcb=0 drout=0.56 pscbe1=5e9 pscbe2=5e-6 pvag=0 delta=0.01 fprout=0 pdits=1e-3 pditsl=1 pditsd=0 lambda=0 vtl=0 lc=0 xn=3 alpha0=0 alpha1=0 beta0=15 aigbacc=0.43 bigbacc=0.054 cigbacc=0.075 nigbacc=1 aigbinv=0.05 bigbinv=0 cigbinv=6e-3 eigbinv=1.1 nigbinv=3 aigc=0.054 bigc=0.054 cigc=0.075 aigsd=0.43 bigsd=0.054 cigsd=0.075 dlcig=5e-9 nigc=1 poxedge=1 pigcd=1 ntox=1 toxref=3e-9 agidl=0 bgidl=2.3e9 cgidl=0.5 egidl=0.8 xpart=0 cgso=5e-11 cgdo=5e-11 cgbo=1e-12 ckappas=0.6 ckappad=0.6 cf=5e-11 clc=1e-7 cle=0.6 dlc=0 dwc=0 vfbcv=-1 noff=1 voffcv=0 acde=1 moin=15 cgsl=1e-10 cgdl=1e-10 ijthsrev=0.1 ijthdrev=0.1 ijthsfwd=0.1 ijthdfwd=0.1 xjbvs=1 xjbvd=1 bvs=10 bvd=10 jss=1e-4 jsd=1e-4 jsws=1e-14 jswd=1e-14 jswgs=1e-13 jswgd=1e-14 jtss=0 jtsd=0 jtssws=0 jtsswd=0 jtsswgs=0 jtsswgd=0 njts=20 njtssw=20 njtsswg=20 xtss=0.02 xtsd=0.02 xtssws=0.02 xtsswd=0.02 xtsswgs=0.02 xtsswgd=0.02 vtss=10 vtsd=10 vtssws=10 vtsswd=10 vtsswgs=10 vtsswgd=10 tnjts=0 tnjtssw=0 tnjtsswg=0 cjs=5e-4 cjd=5e-4 mjs=0.5 mjd=0.5 mjsws=0.33 mjswd=0.33 cjsws=1e-10 cjswd=1e-10 cjswgs=5e-10 cjswgd=5e-10 mjswgs=0.33 mjswgd=0.33 pbs=0.8 pbd=0.8 pbsws=0.8 pbswd=0.8 pbswgs=0.8 pbswgd=0.8 tnom=25 ute=-1.5 kt1=-0.11 kt1l=0 kt2=0.022 ua1=6.71e-3 ub1=-3.35e-3 uc1=4.1e-3 ud1=0 at=8.13e-3 prt=0 njs=1 njd=1 xtis=3 xtid=3 tpb=0 tpbsw=0 tpbswg=0 tcj=0 tcjsw=0 tcjswg=0 tvoff=0 tvfbsdoff=0 saref=1e-6 sbref=1e-6 wlod=0 ku0=0 kvsat=0 kvth0=0 tku0=0 llodku0=1 wlodku0=1 llodvth=1 wlodvth=1 lku0=0 wku0=0 pku0=0 lkvth0=0 wkvth0=0 pkvth0=0 stk2=0 lodk2=1 steta0=0 lodeta0=1 web=0 wec=0 kvth0we=0 k2we=0 ku0we=0 scref=1e-6 wmin=0.28e-6 lmin=0.22e-6 bin_pvsat=0 bin_prdsw=0 bin_ppclm=0 bin_wketa=0 bin_lketa=0 bin_pketa=0 bin_wk3=0 bin_wk3b=0
     2      28  *param l=10e-6
     2      29  *param w=10e-6
     2      30  *param nf=1
     2      31  *param m=1
     2      32  *param sa=0
     2      33  *param sb=0
     2      34  *param sc=0
     2      35  *param sca=1
     2      36  *param scb=1
     2      37  *param scc=1
     2      38  *param ad=1e-12
     2      39  *param pd=1e-6
     2      40  *param as=1e-12
     2      41  *param ps=1e-6
     2      42  *param nrs=1
     2      43  *param nrd=1
     2      44  *param binunit=1
     2      45  *param paramchk=0
     2      46  *param mobmod=0
     2      47  *param capmod=2
     2      48  *param rdsmod=0
     2      49  *param igcmod=0
     2      50  *param igbmod=0
     2      51  *param rbodymod=0
     2      52  *param trnqsmod=0
     2      53  *param acnqsmod=0
     2      54  *param fnoimod=1
     2      55  *param tnoimod=0
     2      56  *param diomod=1
     2      57  *param tempmod=2
     2      58  *param permod=1
     2      59  *param geomod=0
     2      60  *param rgeomod=0
     2      61  *param rgatemod=0
     2      62  *param wpemod=0
     2      63  *param lmax=1e-4
     2      64  *param wmax=1
     2      65  *param epsrox=3.9
     2      66  *param toxe=3e-9
     2      67  *param toxp=2.8e-9
     2      68  *param toxm=3e-9
     2      69  *param xj=1e-7
     2      70  *param ndep=1.7e17
     2      71  *param ngate=1e23
     2      72  *param nsd=1e20
     2      73  *param rsh=0
     2      74  *param rshg=0.1
     2      75  *param phin=0
     2      76  *param wint=0
     2      77  *param wl=0
     2      78  *param wln=1
     2      79  *param ww=0
     2      80  *param wwn=1
     2      81  *param wwl=0
     2      82  *param lint=0
     2      83  *param ll=0
     2      84  *param lln=1
     2      85  *param lw=0
     2      86  *param lwn=1
     2      87  *param lwl=0
     2      88  *param llc=0
     2      89  *param lwc=0
     2      90  *param lwlc=0
     2      91  *param wlc=0
     2      92  *param wwc=0
     2      93  *param wwlc=0
     2      94  *param dwg=0
     2      95  *param dwb=0
     2      96  *param xl=0
     2      97  *param xw=0
     2      98  *param dmcg=0
     2      99  *param dmci=0
     2     100  *param dmdg=0
     2     101  *param dmcgt=0
     2     102  *param dwj=0
     2     103  *param xgw=0
     2     104  *param xgl=0
     2     105  *param ngcon=1
     2     106  *param vth0=0.5
     2     107  *param vfb=-1
     2     108  *param k1=0.5
     2     109  *param k2=-0.0186
     2     110  *param k3=0
     2     111  *param k3b=0
     2     112  *param w0=1e-7
     2     113  *param lpe0=1.74e-7
     2     114  *param lpeb=0
     2     115  *param vbm=-3
     2     116  *param dvtp0=5e-7
     2     117  *param dvtp1=0
     2     118  *param dvt0=2.2
     2     119  *param dvt1=0.53
     2     120  *param dvt2=-0.032
     2     121  *param dvt0w=0
     2     122  *param dvt1w=5.3
     2     123  *param dvt2w=-0.032
     2     124  *param vfbsdoff=0
     2     125  *param u0=0.05
     2     126  *param ua=1e-9
     2     127  *param ub=1e-18
     2     128  *param uc=-4.65e-11
     2     129  *param ud=0
     2     130  *param up=0
     2     131  *param lp=1e-7
     2     132  *param eu=1.67
     2     133  *param vsat=8e4
     2     134  *param a0=1
     2     135  *param ags=0
     2     136  *param b0=0
     2     137  *param b1=0
     2     138  *param keta=-0.047
     2     139  *param a1=0
     2     140  *param a2=1
     2     141  *param rdsw=200
     2     142  *param rdswmin=0
     2     143  *param rdw=100
     2     144  *param rdwmin=0
     2     145  *param rsw=100
     2     146  *param rswmin=0
     2     147  *param prwb=0
     2     148  *param prwg=0
     2     149  *param wr=1
     2     150  *param voff=-0.08
     2     151  *param voffl=0
     2     152  *param minv=0
     2     153  *param nfactor=1
     2     154  *param eta0=0.08
     2     155  *param etab=-0.07
     2     156  *param dsub=0.56
     2     157  *param cit=0
     2     158  *param cdsc=2.4e-4
     2     159  *param cdscb=0
     2     160  *param cdscd=0
     2     161  *param pclm=0.5
     2     162  *param pdiblc1=0.39
     2     163  *param pdiblc2=8.6e-3
     2     164  *param pdiblcb=0
     2     165  *param drout=0.56
     2     166  *param pscbe1=5e9
     2     167  *param pscbe2=5e-6
     2     168  *param pvag=0
     2     169  *param delta=0.01
     2     170  *param fprout=0
     2     171  *param pdits=1e-3
     2     172  *param pditsl=1
     2     173  *param pditsd=0
     2     174  *param lambda=0
     2     175  *param vtl=0
     2     176  *param lc=0
     2     177  *param xn=3
     2     178  *param alpha0=0
     2     179  *param alpha1=0
     2     180  *param beta0=15
     2     181  *param aigbacc=0.43
     2     182  *param bigbacc=0.054
     2     183  *param cigbacc=0.075
     2     184  *param nigbacc=1
     2     185  *param aigbinv=0.05
     2     186  *param bigbinv=0
     2     187  *param cigbinv=6e-3
     2     188  *param eigbinv=1.1
     2     189  *param nigbinv=3
     2     190  *param aigc=0.054
     2     191  *param bigc=0.054
     2     192  *param cigc=0.075
     2     193  *param aigsd=0.43
     2     194  *param bigsd=0.054
     2     195  *param cigsd=0.075
     2     196  *param dlcig=5e-9
     2     197  *param nigc=1
     2     198  *param poxedge=1
     2     199  *param pigcd=1
     2     200  *param ntox=1
     2     201  *param toxref=3e-9
     2     202  *param agidl=0
     2     203  *param bgidl=2.3e9
     2     204  *param cgidl=0.5
     2     205  *param egidl=0.8
     2     206  *param xpart=0
     2     207  *param cgso=5e-11
     2     208  *param cgdo=5e-11
     2     209  *param cgbo=1e-12
     2     210  *param ckappas=0.6
     2     211  *param ckappad=0.6
     2     212  *param cf=5e-11
     2     213  *param clc=1e-7
     2     214  *param cle=0.6
     2     215  *param dlc=0
     2     216  *param dwc=0
     2     217  *param vfbcv=-1
     2     218  *param noff=1
     2     219  *param voffcv=0
     2     220  *param acde=1
     2     221  *param moin=15
     2     222  *param cgsl=1e-10
     2     223  *param cgdl=1e-10
     2     224  *param ijthsrev=0.1
     2     225  *param ijthdrev=0.1
     2     226  *param ijthsfwd=0.1
     2     227  *param ijthdfwd=0.1
     2     228  *param xjbvs=1
     2     229  *param xjbvd=1
     2     230  *param bvs=10
     2     231  *param bvd=10
     2     232  *param jss=1e-4
     2     233  *param jsd=1e-4
     2     234  *param jsws=1e-14
     2     235  *param jswd=1e-14
     2     236  *param jswgs=1e-13
     2     237  *param jswgd=1e-14
     2     238  *param jtss=0
     2     239  *param jtsd=0
     2     240  *param jtssws=0
     2     241  *param jtsswd=0
     2     242  *param jtsswgs=0
     2     243  *param jtsswgd=0
     2     244  *param njts=20
     2     245  *param njtssw=20
     2     246  *param njtsswg=20
     2     247  *param xtss=0.02
     2     248  *param xtsd=0.02
     2     249  *param xtssws=0.02
     2     250  *param xtsswd=0.02
     2     251  *param xtsswgs=0.02
     2     252  *param xtsswgd=0.02
     2     253  *param vtss=10
     2     254  *param vtsd=10
     2     255  *param vtssws=10
     2     256  *param vtsswd=10
     2     257  *param vtsswgs=10
     2     258  *param vtsswgd=10
     2     259  *param tnjts=0
     2     260  *param tnjtssw=0
     2     261  *param tnjtsswg=0
     2     262  *param cjs=5e-4
     2     263  *param cjd=5e-4
     2     264  *param mjs=0.5
     2     265  *param mjd=0.5
     2     266  *param mjsws=0.33
     2     267  *param mjswd=0.33
     2     268  *param cjsws=1e-10
     2     269  *param cjswd=1e-10
     2     270  *param cjswgs=5e-10
     2     271  *param cjswgd=5e-10
     2     272  *param mjswgs=0.33
     2     273  *param mjswgd=0.33
     2     274  *param pbs=0.8
     2     275  *param pbd=0.8
     2     276  *param pbsws=0.8
     2     277  *param pbswd=0.8
     2     278  *param pbswgs=0.8
     2     279  *param pbswgd=0.8
     2     280  *param tnom=25
     2     281  *param ute=-1.5
     2     282  *param kt1=-0.11
     2     283  *param kt1l=0
     2     284  *param kt2=0.022
     2     285  *param ua1=6.71e-3
     2     286  *param ub1=-3.35e-3
     2     287  *param uc1=4.1e-3
     2     288  *param ud1=0
     2     289  *param at=8.13e-3
     2     290  *param prt=0
     2     291  *param njs=1
     2     292  *param njd=1
     2     293  *param xtis=3
     2     294  *param xtid=3
     2     295  *param tpb=0
     2     296  *param tpbsw=0
     2     297  *param tpbswg=0
     2     298  *param tcj=0
     2     299  *param tcjsw=0
     2     300  *param tcjswg=0
     2     301  *param tvoff=0
     2     302  *param tvfbsdoff=0
     2     303  *param saref=1e-6
     2     304  *param sbref=1e-6
     2     305  *param wlod=0
     2     306  *param ku0=0
     2     307  *param kvsat=0
     2     308  *param kvth0=0
     2     309  *param tku0=0
     2     310  *param llodku0=1
     2     311  *param wlodku0=1
     2     312  *param llodvth=1
     2     313  *param wlodvth=1
     2     314  *param lku0=0
     2     315  *param wku0=0
     2     316  *param pku0=0
     2     317  *param lkvth0=0
     2     318  *param wkvth0=0
     2     319  *param pkvth0=0
     2     320  *param stk2=0
     2     321  *param lodk2=1
     2     322  *param steta0=0
     2     323  *param lodeta0=1
     2     324  *param web=0
     2     325  *param wec=0
     2     326  *param kvth0we=0
     2     327  *param k2we=0
     2     328  *param ku0we=0
     2     329  *param scref=1e-6
     2     330  *param wmin=0.28e-6
     2     331  *param lmin=0.22e-6
     2     332  *param bin_pvsat=0
     2     333  *param bin_prdsw=0
     2     334  *param bin_ppclm=0
     2     335  *param bin_wketa=0
     2     336  *param bin_lketa=0
     2     337  *param bin_pketa=0
     2     338  *param bin_wk3=0
     2     339  *param bin_wk3b=0
     2     340  *param  l=10e-6 w=10e-6 nf=1 m=1 sa=0 sb=0 sc=0 sca=1 scb=1 scc=1 ad=1e-12 pd=1e-6 as=1e-12 ps=1e-6 nrs=1 nrd=1 binunit=1 paramchk=0 mobmod=0 capmod=2 rdsmod=0 igcmod=0 igbmod=0 rbodymod=0 trnqsmod=0 acnqsmod=0 fnoimod=1 tnoimod=0 diomod=1 tempmod=2 permod=1 geomod=0 rgeomod=0 rgatemod=0 wpemod=0 lmax=1e-4 wmax=1 epsrox=3.9 toxe=3e-9 toxp=2.8e-9 toxm=3e-9 xj=1e-7 ndep=1.7e17 ngate=1e23 nsd=1e20 rsh=0 rshg=0.1 phin=0 wint=0 wl=0 wln=1 ww=0 wwn=1 wwl=0 lint=0 ll=0 lln=1 lw=0 lwn=1 lwl=0 llc=0 lwc=0 lwlc=0 wlc=0 wwc=0 wwlc=0 dwg=0 dwb=0 xl=0 xw=0 dmcg=0 dmci=0 dmdg=0 dmcgt=0 dwj=0 xgw=0 xgl=0 ngcon=1 vth0=0.5 vfb=-1 k1=0.5 k2=-0.0186 k3=0 k3b=0 w0=1e-7 lpe0=1.74e-7 lpeb=0 vbm=-3 dvtp0=5e-7 dvtp1=0 dvt0=2.2 dvt1=0.53 dvt2=-0.032 dvt0w=0 dvt1w=5.3 dvt2w=-0.032 vfbsdoff=0 u0=0.05 ua=1e-9 ub=1e-18 uc=-4.65e-11 ud=0 up=0 lp=1e-7 eu=1.67 vsat=8e4 a0=1 ags=0 b0=0 b1=0 keta=-0.047 a1=0 a2=1 rdsw=200 rdswmin=0 rdw=100 rdwmin=0 rsw=100 rswmin=0 prwb=0 prwg=0 wr=1 voff=-0.08 voffl=0 minv=0 nfactor=1 eta0=0.08 etab=-0.07 dsub=0.56 cit=0 cdsc=2.4e-4 cdscb=0 cdscd=0 pclm=0.5 pdiblc1=0.39 pdiblc2=8.6e-3 pdiblcb=0 drout=0.56 pscbe1=5e9 pscbe2=5e-6 pvag=0 delta=0.01 fprout=0 pdits=1e-3 pditsl=1 pditsd=0 lambda=0 vtl=0 lc=0 xn=3 alpha0=0 alpha1=0 beta0=15 aigbacc=0.43 bigbacc=0.054 cigbacc=0.075 nigbacc=1 aigbinv=0.05 bigbinv=0 cigbinv=6e-3 eigbinv=1.1 nigbinv=3 aigc=0.054 bigc=0.054 cigc=0.075 aigsd=0.43 bigsd=0.054 cigsd=0.075 dlcig=5e-9 nigc=1 poxedge=1 pigcd=1 ntox=1 toxref=3e-9 agidl=0 bgidl=2.3e9 cgidl=0.5 egidl=0.8 xpart=0 cgso=5e-11 cgdo=5e-11 cgbo=1e-12 ckappas=0.6 ckappad=0.6 cf=5e-11 clc=1e-7 cle=0.6 dlc=0 dwc=0 vfbcv=-1 noff=1 voffcv=0 acde=1 moin=15 cgsl=1e-10 cgdl=1e-10 ijthsrev=0.1 ijthdrev=0.1 ijthsfwd=0.1 ijthdfwd=0.1 xjbvs=1 xjbvd=1 bvs=10 bvd=10 jss=1e-4 jsd=1e-4 jsws=1e-14 jswd=1e-14 jswgs=1e-13 jswgd=1e-14 jtss=0 jtsd=0 jtssws=0 jtsswd=0 jtsswgs=0 jtsswgd=0 njts=20 njtssw=20 njtsswg=20 xtss=0.02 xtsd=0.02 xtssws=0.02 xtsswd=0.02 xtsswgs=0.02 xtsswgd=0.02 vtss=10 vtsd=10 vtssws=10 vtsswd=10 vtsswgs=10 vtsswgd=10 tnjts=0 tnjtssw=0 tnjtsswg=0 cjs=5e-4 cjd=5e-4 mjs=0.5 mjd=0.5 mjsws=0.33 mjswd=0.33 cjsws=1e-10 cjswd=1e-10 cjswgs=5e-10 cjswgd=5e-10 mjswgs=0.33 mjswgd=0.33 pbs=0.8 pbd=0.8 pbsws=0.8 pbswd=0.8 pbswgs=0.8 pbswgd=0.8 tnom=25 ute=-1.5 kt1=-0.11 kt1l=0 kt2=0.022 ua1=6.71e-3 ub1=-3.35e-3 uc1=4.1e-3 ud1=0 at=8.13e-3 prt=0 njs=1 njd=1 xtis=3 xtid=3 tpb=0 tpbsw=0 tpbswg=0 tcj=0 tcjsw=0 tcjswg=0 tvoff=0 tvfbsdoff=0 saref=1e-6 sbref=1e-6 wlod=0 ku0=0 kvsat=0 kvth0=0 tku0=0 llodku0=1 wlodku0=1 llodvth=1 wlodvth=1 lku0=0 wku0=0 pku0=0 lkvth0=0 wkvth0=0 pkvth0=0 stk2=0 lodk2=1 steta0=0 lodeta0=1 web=0 wec=0 kvth0we=0 k2we=0 ku0we=0 scref=1e-6 wmin=0.28e-6 lmin=0.22e-6 bin_pvsat=0 bin_prdsw=0 bin_ppclm=0 bin_wketa=0 bin_lketa=0 bin_pketa=0 bin_wk3=0 bin_wk3b=0
     0     341  *param temp={temper}
     0     342  *func temp() {temper}
     0     343  *param vt={(temper+273.15)*8.6173303e-5}
     1     344  *func vt() {(temper+273.15)*8.6173303e-5}
     3     345  .model nch nmos version=4.8 level=54 binunit={binunit} paramchk={paramchk} mobmod={mobmod} capmod={capmod} rdsmod={rdsmod} igcmod={igcmod} igbmod={igbmod} rbodymod={rbodymod} trnqsmod={trnqsmod} acnqsmod={acnqsmod} fnoimod={fnoimod} tnoimod={tnoimod} diomod={diomod} tempmod={tempmod} permod={permod} geomod={geomod} rgeomod={rgeomod} rgatemod={rgatemod} wpemod={wpemod} lmin={lmin} lmax={lmax} wmin={wmin} wmax={wmax} epsrox={epsrox} toxe={toxe} toxp={toxp} toxm={toxm} xj={xj} ndep={ndep} ngate={ngate} nsd={nsd} rsh={rsh} rshg={rshg} phin={phin} wint={wint} wl={wl} wln={wln} ww={ww} wwn={wwn} wwl={wwl} lint={lint} ll={ll} lln={lln} lw={lw} lwn={lwn} lwl={lwl} llc={llc} lwc={lwc} lwlc={lwlc} wlc={wlc} wwc={wwc} wwlc={wwlc} dwg={dwg} dwb={dwb} xl={xl} xw={xw} dmcg={dmcg} dmci={dmci} dmdg={dmdg} dmcgt={dmcgt} dwj={dwj} xgw={xgw} xgl={xgl} ngcon={ngcon} vth0={vth0} vfb={vfb} k1={k1} k2={k2} w0={w0} lpe0={lpe0} lpeb={lpeb} vbm={vbm} dvtp0={dvtp0} dvtp1={dvtp1} dvt0={dvt0} dvt1={dvt1} dvt2={dvt2} dvt0w={dvt0w} dvt1w={dvt1w} dvt2w={dvt2w} vfbsdoff={vfbsdoff} u0={u0} ua={ua} ub={ub} uc={uc} ud={ud} up={up} lp={lp} eu={eu} a0={a0} ags={ags} b0={b0} b1={b1} a1={a1} a2={a2} rdw={rdw} rdswmin={rdswmin} rdwmin={rdwmin} rsw={rsw} rswmin={rswmin} prwb={prwb} prwg={prwg} wr={wr} voff={voff} voffl={voffl} minv={minv} nfactor={nfactor} eta0={eta0} etab={etab} dsub={dsub} cit={cit} cdsc={cdsc} cdscb={cdscb} cdscd={cdscd} pdiblc1={pdiblc1} pdiblc2={pdiblc2} pdiblcb={pdiblcb} drout={drout} pscbe1={pscbe1} pscbe2={pscbe2} pvag={pvag} delta={delta} fprout={fprout} pdits={pdits} pditsl={pditsl} pditsd={pditsd} lambda={lambda} vtl={vtl} lc={lc} xn={xn} alpha0={alpha0} alpha1={alpha1} beta0={beta0} aigbacc={aigbacc} bigbacc={bigbacc} cigbacc={cigbacc} nigbacc={nigbacc} aigbinv={aigbinv} bigbinv={bigbinv} cigbinv={cigbinv} eigbinv={eigbinv} nigbinv={nigbinv} aigc={aigc} bigc={bigc} cigc={cigc} aigsd={aigsd} bigsd={bigsd} cigsd={cigsd} dlcig={dlcig} nigc={nigc} poxedge={poxedge} pigcd={pigcd} ntox={ntox} toxref={toxref} agidl={agidl} bgidl={bgidl} cgidl={cgidl} egidl={egidl} xpart={xpart} cgso={cgso} cgdo={cgdo} cgbo={cgbo} ckappas={ckappas} ckappad={ckappad} cf={cf} clc={clc} cle={cle} dlc={dlc} dwc={dwc} vfbcv={vfbcv} noff={noff} voffcv={voffcv} acde={acde} moin={moin} cgsl={cgsl} cgdl={cgdl} ijthsrev={ijthsrev} ijthdrev={ijthdrev} ijthsfwd={ijthsfwd} ijthdfwd={ijthdfwd} xjbvs={xjbvs} xjbvd={xjbvd} bvs={bvs} bvd={bvd} jss={jss} jsd={jsd} jsws={jsws} jswd={jswd} jswgs={jswgs} jswgd={jswgd} jtss={jtss} jtsd={jtsd} jtssws={jtssws} jtsswd={jtsswd} jtsswgs={jtsswgs} jtsswgd={jtsswgd} njts={njts} njtssw={njtssw} njtsswg={njtsswg} xtss={xtss} xtsd={xtsd} xtssws={xtssws} xtsswd={xtsswd} xtsswgs={xtsswgs} xtsswgd={xtsswgd} vtss={vtss} vtsd={vtsd} vtssws={vtssws} vtsswd={vtsswd} vtsswgs={vtsswgs} vtsswgd={vtsswgd} tnjts={tnjts} tnjtssw={tnjtssw} tnjtsswg={tnjtsswg} cjs={cjs} cjd={cjd} mjs={mjs} mjd={mjd} mjsws={mjsws} mjswd={mjswd} cjsws={cjsws} cjswd={cjswd} cjswgs={cjswgs} cjswgd={cjswgd} mjswgs={mjswgs} mjswgd={mjswgd} pbs={pbs} pbd={pbd} pbsws={pbsws} pbswd={pbswd} pbswgs={pbswgs} pbswgd={pbswgd} tnom={tnom} ute={ute} kt1={kt1} kt1l={kt1l} kt2={kt2} ua1={ua1} ub1={ub1} uc1={uc1} ud1={ud1} at={at} prt={prt} njs={njs} njd={njd} xtis={xtis} xtid={xtid} tpb={tpb} tpbsw={tpbsw} tpbswg={tpbswg} tcj={tcj} tcjsw={tcjsw} tcjswg={tcjswg} tvoff={tvoff} tvfbsdoff={tvfbsdoff} saref={saref} sbref={sbref} wlod={wlod} ku0={ku0} kvsat={kvsat} kvth0={kvth0} tku0={tku0} llodku0={llodku0} wlodku0={wlodku0} llodvth={llodvth} wlodvth={wlodvth} lku0={lku0} wku0={wku0} pku0={pku0} lkvth0={lkvth0} wkvth0={wkvth0} pkvth0={pkvth0} stk2={stk2} lodk2={lodk2} steta0={steta0} lodeta0={lodeta0} web={web} wec={wec} kvth0we={kvth0we} k2we={k2we} ku0we={ku0we} scref={scref} vsat={vsat} pvsat={vsat*bin_pvsat*(lmin*wmin)} rdsw={rdsw} prdsw={rdsw*bin_prdsw*(lmin*wmin)} pclm={pclm} ppclm={pclm*bin_ppclm*(lmin*wmin)} keta={keta} lketa={keta*bin_lketa*lmin} wketa={keta*bin_wketa*wmin} pketa={keta*bin_pketa*(lmin*wmin)} k3={k3} wk3={k3*bin_wk3*wmin} k3b={k3b} wk3b={k3b*bin_wk3b*wmin}
     4     346  m1 d g s b nch l={l} w={w} nf={nf} m={m} sa={sa} sb={sb} sc={sc} sca={sca} scb={scb} scc={scc} ad={ad} pd={pd} as={as} ps={ps} nrs={nrs} nrd={nrd}
     5     347  .ends
    11     348  *end of: /home/gazi/desktop/work/custom_packages/aivalanche/aivalanche_app/src/aivalanche_app/data_store/projects/project_1.gazi.5ce9039e-e488-419b-92e8-c95a713c4994/common/model_files/dut.cir
    13     349  ** start testbenches
    15     350  ********************* dut testbench 0_0 *********************
    16     351  e_ds_0_0 d_0_0 0 v_sweep 0 1
    17     352  v_gs_0_0 g_0_0 0 0.2
    18     353  v_s_0_0 s_0_0 0 0
    19     354  v_bs_0_0 b_0_0 0 -1.0
    20     355  x_0_0 d_0_0 g_0_0 s_0_0 b_0_0 dut 1e-05 1e-05 1 1.0 0 0 0 1 1 1 1e-12 1e-6 1e-12 1e-6 1 1 1 0 0 2 0 0 0 0 0 0 1 0 1 2 1 0 0 0 0 1e-4 1 3.9 3e-9 2.8e-9 3e-9 1e-7 1.7e17 1e23 1e20 0 0.1 0 0 0 1 0 1 0 0 0 1 0 1 0 0 0 0 0 0 0 0 0 0 0 0 0 0 0 0 0 0 1 0.5 {-1} 0.5 {-0.0186} 0 0 1e-7 1.74e-7 0 {-3} 5e-7 0 2.2 0.53 {-0.032} 0 5.3 {-0.032} 0 0.05 1e-9 1e-18 {-4.65e-11} 0 0 1e-7 1.67 8e4 1 0 0 0 {-0.047} 0 1 200 0 100 0 100 0 0 0 1 {-0.08} 0 0 1 0.08 {-0.07} 0.56 0 2.4e-4 0 0 0.5 0.39 8.6e-3 0 0.56 5e9 5e-6 0 0.01 0 1e-3 1 0 0 0 0 3 0 0 15 0.43 0.054 0.075 1 0.05 0 6e-3 1.1 3 0.054 0.054 0.075 0.43 0.054 0.075 5e-9 1 1 1 1 3e-9 0 2.3e9 0.5 0.8 0 5e-11 5e-11 1e-12 0.6 0.6 5e-11 1e-7 0.6 0 0 {-1} 1 0 1 15 1e-10 1e-10 0.1 0.1 0.1 0.1 1 1 10 10 1e-4 1e-4 1e-14 1e-14 1e-13 1e-14 0 0 0 0 0 0 20 20 20 0.02 0.02 0.02 0.02 0.02 0.02 10 10 10 10 10 10 0 0 0 5e-4 5e-4 0.5 0.5 0.33 0.33 1e-10 1e-10 5e-10 5e-10 0.33 0.33 0.8 0.8 0.8 0.8 0.8 0.8 25 {-1.5} {-0.11} 0 0.022 6.71e-3 {-3.35e-3} 4.1e-3 0 8.13e-3 0 1 1 3 3 0 0 0 0 0 0 0 0 1e-6 1e-6 0 0 0 0 0 1 1 1 1 0 0 0 0 0 0 0 1 0 1 0 0 0 0 0 1e-6 0.28e-6 0.22e-6 0 0 0 0 0 0 0 0
    21     356  *************************************************************
    23     357  ********************* dut testbench 0_1 *********************
    24     358  e_ds_0_1 d_0_1 0 v_sweep 0 1
    25     359  v_gs_0_1 g_0_1 0 0.4
    26     360  v_s_0_1 s_0_1 0 0
    27     361  v_bs_0_1 b_0_1 0 -1.0
    28     362  x_0_1 d_0_1 g_0_1 s_0_1 b_0_1 dut 1e-05 1e-05 1 1.0 0 0 0 1 1 1 1e-12 1e-6 1e-12 1e-6 1 1 1 0 0 2 0 0 0 0 0 0 1 0 1 2 1 0 0 0 0 1e-4 1 3.9 3e-9 2.8e-9 3e-9 1e-7 1.7e17 1e23 1e20 0 0.1 0 0 0 1 0 1 0 0 0 1 0 1 0 0 0 0 0 0 0 0 0 0 0 0 0 0 0 0 0 0 1 0.5 {-1} 0.5 {-0.0186} 0 0 1e-7 1.74e-7 0 {-3} 5e-7 0 2.2 0.53 {-0.032} 0 5.3 {-0.032} 0 0.05 1e-9 1e-18 {-4.65e-11} 0 0 1e-7 1.67 8e4 1 0 0 0 {-0.047} 0 1 200 0 100 0 100 0 0 0 1 {-0.08} 0 0 1 0.08 {-0.07} 0.56 0 2.4e-4 0 0 0.5 0.39 8.6e-3 0 0.56 5e9 5e-6 0 0.01 0 1e-3 1 0 0 0 0 3 0 0 15 0.43 0.054 0.075 1 0.05 0 6e-3 1.1 3 0.054 0.054 0.075 0.43 0.054 0.075 5e-9 1 1 1 1 3e-9 0 2.3e9 0.5 0.8 0 5e-11 5e-11 1e-12 0.6 0.6 5e-11 1e-7 0.6 0 0 {-1} 1 0 1 15 1e-10 1e-10 0.1 0.1 0.1 0.1 1 1 10 10 1e-4 1e-4 1e-14 1e-14 1e-13 1e-14 0 0 0 0 0 0 20 20 20 0.02 0.02 0.02 0.02 0.02 0.02 10 10 10 10 10 10 0 0 0 5e-4 5e-4 0.5 0.5 0.33 0.33 1e-10 1e-10 5e-10 5e-10 0.33 0.33 0.8 0.8 0.8 0.8 0.8 0.8 25 {-1.5} {-0.11} 0 0.022 6.71e-3 {-3.35e-3} 4.1e-3 0 8.13e-3 0 1 1 3 3 0 0 0 0 0 0 0 0 1e-6 1e-6 0 0 0 0 0 1 1 1 1 0 0 0 0 0 0 0 1 0 1 0 0 0 0 0 1e-6 0.28e-6 0.22e-6 0 0 0 0 0 0 0 0
    29     363  *************************************************************
    31     364  ********************* dut testbench 0_2 *********************
    32     365  e_ds_0_2 d_0_2 0 v_sweep 0 1
    33     366  v_gs_0_2 g_0_2 0 0.6
    34     367  v_s_0_2 s_0_2 0 0
    35     368  v_bs_0_2 b_0_2 0 -1.0
    36     369  x_0_2 d_0_2 g_0_2 s_0_2 b_0_2 dut 1e-05 1e-05 1 1.0 0 0 0 1 1 1 1e-12 1e-6 1e-12 1e-6 1 1 1 0 0 2 0 0 0 0 0 0 1 0 1 2 1 0 0 0 0 1e-4 1 3.9 3e-9 2.8e-9 3e-9 1e-7 1.7e17 1e23 1e20 0 0.1 0 0 0 1 0 1 0 0 0 1 0 1 0 0 0 0 0 0 0 0 0 0 0 0 0 0 0 0 0 0 1 0.5 {-1} 0.5 {-0.0186} 0 0 1e-7 1.74e-7 0 {-3} 5e-7 0 2.2 0.53 {-0.032} 0 5.3 {-0.032} 0 0.05 1e-9 1e-18 {-4.65e-11} 0 0 1e-7 1.67 8e4 1 0 0 0 {-0.047} 0 1 200 0 100 0 100 0 0 0 1 {-0.08} 0 0 1 0.08 {-0.07} 0.56 0 2.4e-4 0 0 0.5 0.39 8.6e-3 0 0.56 5e9 5e-6 0 0.01 0 1e-3 1 0 0 0 0 3 0 0 15 0.43 0.054 0.075 1 0.05 0 6e-3 1.1 3 0.054 0.054 0.075 0.43 0.054 0.075 5e-9 1 1 1 1 3e-9 0 2.3e9 0.5 0.8 0 5e-11 5e-11 1e-12 0.6 0.6 5e-11 1e-7 0.6 0 0 {-1} 1 0 1 15 1e-10 1e-10 0.1 0.1 0.1 0.1 1 1 10 10 1e-4 1e-4 1e-14 1e-14 1e-13 1e-14 0 0 0 0 0 0 20 20 20 0.02 0.02 0.02 0.02 0.02 0.02 10 10 10 10 10 10 0 0 0 5e-4 5e-4 0.5 0.5 0.33 0.33 1e-10 1e-10 5e-10 5e-10 0.33 0.33 0.8 0.8 0.8 0.8 0.8 0.8 25 {-1.5} {-0.11} 0 0.022 6.71e-3 {-3.35e-3} 4.1e-3 0 8.13e-3 0 1 1 3 3 0 0 0 0 0 0 0 0 1e-6 1e-6 0 0 0 0 0 1 1 1 1 0 0 0 0 0 0 0 1 0 1 0 0 0 0 0 1e-6 0.28e-6 0.22e-6 0 0 0 0 0 0 0 0
    37     370  *************************************************************
    39     371  ********************* dut testbench 0_3 *********************
    40     372  e_ds_0_3 d_0_3 0 v_sweep 0 1
    41     373  v_gs_0_3 g_0_3 0 0.8
    42     374  v_s_0_3 s_0_3 0 0
    43     375  v_bs_0_3 b_0_3 0 -1.0
    44     376  x_0_3 d_0_3 g_0_3 s_0_3 b_0_3 dut 1e-05 1e-05 1 1.0 0 0 0 1 1 1 1e-12 1e-6 1e-12 1e-6 1 1 1 0 0 2 0 0 0 0 0 0 1 0 1 2 1 0 0 0 0 1e-4 1 3.9 3e-9 2.8e-9 3e-9 1e-7 1.7e17 1e23 1e20 0 0.1 0 0 0 1 0 1 0 0 0 1 0 1 0 0 0 0 0 0 0 0 0 0 0 0 0 0 0 0 0 0 1 0.5 {-1} 0.5 {-0.0186} 0 0 1e-7 1.74e-7 0 {-3} 5e-7 0 2.2 0.53 {-0.032} 0 5.3 {-0.032} 0 0.05 1e-9 1e-18 {-4.65e-11} 0 0 1e-7 1.67 8e4 1 0 0 0 {-0.047} 0 1 200 0 100 0 100 0 0 0 1 {-0.08} 0 0 1 0.08 {-0.07} 0.56 0 2.4e-4 0 0 0.5 0.39 8.6e-3 0 0.56 5e9 5e-6 0 0.01 0 1e-3 1 0 0 0 0 3 0 0 15 0.43 0.054 0.075 1 0.05 0 6e-3 1.1 3 0.054 0.054 0.075 0.43 0.054 0.075 5e-9 1 1 1 1 3e-9 0 2.3e9 0.5 0.8 0 5e-11 5e-11 1e-12 0.6 0.6 5e-11 1e-7 0.6 0 0 {-1} 1 0 1 15 1e-10 1e-10 0.1 0.1 0.1 0.1 1 1 10 10 1e-4 1e-4 1e-14 1e-14 1e-13 1e-14 0 0 0 0 0 0 20 20 20 0.02 0.02 0.02 0.02 0.02 0.02 10 10 10 10 10 10 0 0 0 5e-4 5e-4 0.5 0.5 0.33 0.33 1e-10 1e-10 5e-10 5e-10 0.33 0.33 0.8 0.8 0.8 0.8 0.8 0.8 25 {-1.5} {-0.11} 0 0.022 6.71e-3 {-3.35e-3} 4.1e-3 0 8.13e-3 0 1 1 3 3 0 0 0 0 0 0 0 0 1e-6 1e-6 0 0 0 0 0 1 1 1 1 0 0 0 0 0 0 0 1 0 1 0 0 0 0 0 1e-6 0.28e-6 0.22e-6 0 0 0 0 0 0 0 0
    45     377  *************************************************************
    47     378  ********************* dut testbench 0_4 *********************
    48     379  e_ds_0_4 d_0_4 0 v_sweep 0 1
    49     380  v_gs_0_4 g_0_4 0 1.0
    50     381  v_s_0_4 s_0_4 0 0
    51     382  v_bs_0_4 b_0_4 0 -1.0
    52     383  x_0_4 d_0_4 g_0_4 s_0_4 b_0_4 dut 1e-05 1e-05 1 1.0 0 0 0 1 1 1 1e-12 1e-6 1e-12 1e-6 1 1 1 0 0 2 0 0 0 0 0 0 1 0 1 2 1 0 0 0 0 1e-4 1 3.9 3e-9 2.8e-9 3e-9 1e-7 1.7e17 1e23 1e20 0 0.1 0 0 0 1 0 1 0 0 0 1 0 1 0 0 0 0 0 0 0 0 0 0 0 0 0 0 0 0 0 0 1 0.5 {-1} 0.5 {-0.0186} 0 0 1e-7 1.74e-7 0 {-3} 5e-7 0 2.2 0.53 {-0.032} 0 5.3 {-0.032} 0 0.05 1e-9 1e-18 {-4.65e-11} 0 0 1e-7 1.67 8e4 1 0 0 0 {-0.047} 0 1 200 0 100 0 100 0 0 0 1 {-0.08} 0 0 1 0.08 {-0.07} 0.56 0 2.4e-4 0 0 0.5 0.39 8.6e-3 0 0.56 5e9 5e-6 0 0.01 0 1e-3 1 0 0 0 0 3 0 0 15 0.43 0.054 0.075 1 0.05 0 6e-3 1.1 3 0.054 0.054 0.075 0.43 0.054 0.075 5e-9 1 1 1 1 3e-9 0 2.3e9 0.5 0.8 0 5e-11 5e-11 1e-12 0.6 0.6 5e-11 1e-7 0.6 0 0 {-1} 1 0 1 15 1e-10 1e-10 0.1 0.1 0.1 0.1 1 1 10 10 1e-4 1e-4 1e-14 1e-14 1e-13 1e-14 0 0 0 0 0 0 20 20 20 0.02 0.02 0.02 0.02 0.02 0.02 10 10 10 10 10 10 0 0 0 5e-4 5e-4 0.5 0.5 0.33 0.33 1e-10 1e-10 5e-10 5e-10 0.33 0.33 0.8 0.8 0.8 0.8 0.8 0.8 25 {-1.5} {-0.11} 0 0.022 6.71e-3 {-3.35e-3} 4.1e-3 0 8.13e-3 0 1 1 3 3 0 0 0 0 0 0 0 0 1e-6 1e-6 0 0 0 0 0 1 1 1 1 0 0 0 0 0 0 0 1 0 1 0 0 0 0 0 1e-6 0.28e-6 0.22e-6 0 0 0 0 0 0 0 0
    53     384  *************************************************************
    55     385  ********************* dut testbench 0_5 *********************
    56     386  e_ds_0_5 d_0_5 0 v_sweep 0 1
    57     387  v_gs_0_5 g_0_5 0 1.2
    58     388  v_s_0_5 s_0_5 0 0
    59     389  v_bs_0_5 b_0_5 0 -1.0
    60     390  x_0_5 d_0_5 g_0_5 s_0_5 b_0_5 dut 1e-05 1e-05 1 1.0 0 0 0 1 1 1 1e-12 1e-6 1e-12 1e-6 1 1 1 0 0 2 0 0 0 0 0 0 1 0 1 2 1 0 0 0 0 1e-4 1 3.9 3e-9 2.8e-9 3e-9 1e-7 1.7e17 1e23 1e20 0 0.1 0 0 0 1 0 1 0 0 0 1 0 1 0 0 0 0 0 0 0 0 0 0 0 0 0 0 0 0 0 0 1 0.5 {-1} 0.5 {-0.0186} 0 0 1e-7 1.74e-7 0 {-3} 5e-7 0 2.2 0.53 {-0.032} 0 5.3 {-0.032} 0 0.05 1e-9 1e-18 {-4.65e-11} 0 0 1e-7 1.67 8e4 1 0 0 0 {-0.047} 0 1 200 0 100 0 100 0 0 0 1 {-0.08} 0 0 1 0.08 {-0.07} 0.56 0 2.4e-4 0 0 0.5 0.39 8.6e-3 0 0.56 5e9 5e-6 0 0.01 0 1e-3 1 0 0 0 0 3 0 0 15 0.43 0.054 0.075 1 0.05 0 6e-3 1.1 3 0.054 0.054 0.075 0.43 0.054 0.075 5e-9 1 1 1 1 3e-9 0 2.3e9 0.5 0.8 0 5e-11 5e-11 1e-12 0.6 0.6 5e-11 1e-7 0.6 0 0 {-1} 1 0 1 15 1e-10 1e-10 0.1 0.1 0.1 0.1 1 1 10 10 1e-4 1e-4 1e-14 1e-14 1e-13 1e-14 0 0 0 0 0 0 20 20 20 0.02 0.02 0.02 0.02 0.02 0.02 10 10 10 10 10 10 0 0 0 5e-4 5e-4 0.5 0.5 0.33 0.33 1e-10 1e-10 5e-10 5e-10 0.33 0.33 0.8 0.8 0.8 0.8 0.8 0.8 25 {-1.5} {-0.11} 0 0.022 6.71e-3 {-3.35e-3} 4.1e-3 0 8.13e-3 0 1 1 3 3 0 0 0 0 0 0 0 0 1e-6 1e-6 0 0 0 0 0 1 1 1 1 0 0 0 0 0 0 0 1 0 1 0 0 0 0 0 1e-6 0.28e-6 0.22e-6 0 0 0 0 0 0 0 0
    61     391  *************************************************************
    63     392  ********************* dut testbench 0_6 *********************
    64     393  e_ds_0_6 d_0_6 0 v_sweep 0 1
    65     394  v_gs_0_6 g_0_6 0 1.4
    66     395  v_s_0_6 s_0_6 0 0
    67     396  v_bs_0_6 b_0_6 0 -1.0
    68     397  x_0_6 d_0_6 g_0_6 s_0_6 b_0_6 dut 1e-05 1e-05 1 1.0 0 0 0 1 1 1 1e-12 1e-6 1e-12 1e-6 1 1 1 0 0 2 0 0 0 0 0 0 1 0 1 2 1 0 0 0 0 1e-4 1 3.9 3e-9 2.8e-9 3e-9 1e-7 1.7e17 1e23 1e20 0 0.1 0 0 0 1 0 1 0 0 0 1 0 1 0 0 0 0 0 0 0 0 0 0 0 0 0 0 0 0 0 0 1 0.5 {-1} 0.5 {-0.0186} 0 0 1e-7 1.74e-7 0 {-3} 5e-7 0 2.2 0.53 {-0.032} 0 5.3 {-0.032} 0 0.05 1e-9 1e-18 {-4.65e-11} 0 0 1e-7 1.67 8e4 1 0 0 0 {-0.047} 0 1 200 0 100 0 100 0 0 0 1 {-0.08} 0 0 1 0.08 {-0.07} 0.56 0 2.4e-4 0 0 0.5 0.39 8.6e-3 0 0.56 5e9 5e-6 0 0.01 0 1e-3 1 0 0 0 0 3 0 0 15 0.43 0.054 0.075 1 0.05 0 6e-3 1.1 3 0.054 0.054 0.075 0.43 0.054 0.075 5e-9 1 1 1 1 3e-9 0 2.3e9 0.5 0.8 0 5e-11 5e-11 1e-12 0.6 0.6 5e-11 1e-7 0.6 0 0 {-1} 1 0 1 15 1e-10 1e-10 0.1 0.1 0.1 0.1 1 1 10 10 1e-4 1e-4 1e-14 1e-14 1e-13 1e-14 0 0 0 0 0 0 20 20 20 0.02 0.02 0.02 0.02 0.02 0.02 10 10 10 10 10 10 0 0 0 5e-4 5e-4 0.5 0.5 0.33 0.33 1e-10 1e-10 5e-10 5e-10 0.33 0.33 0.8 0.8 0.8 0.8 0.8 0.8 25 {-1.5} {-0.11} 0 0.022 6.71e-3 {-3.35e-3} 4.1e-3 0 8.13e-3 0 1 1 3 3 0 0 0 0 0 0 0 0 1e-6 1e-6 0 0 0 0 0 1 1 1 1 0 0 0 0 0 0 0 1 0 1 0 0 0 0 0 1e-6 0.28e-6 0.22e-6 0 0 0 0 0 0 0 0
    69     398  *************************************************************
    71     399  ********************* dut testbench 0_7 *********************
    72     400  e_ds_0_7 d_0_7 0 v_sweep 0 1
    73     401  v_gs_0_7 g_0_7 0 1.6
    74     402  v_s_0_7 s_0_7 0 0
    75     403  v_bs_0_7 b_0_7 0 -1.0
    76     404  x_0_7 d_0_7 g_0_7 s_0_7 b_0_7 dut 1e-05 1e-05 1 1.0 0 0 0 1 1 1 1e-12 1e-6 1e-12 1e-6 1 1 1 0 0 2 0 0 0 0 0 0 1 0 1 2 1 0 0 0 0 1e-4 1 3.9 3e-9 2.8e-9 3e-9 1e-7 1.7e17 1e23 1e20 0 0.1 0 0 0 1 0 1 0 0 0 1 0 1 0 0 0 0 0 0 0 0 0 0 0 0 0 0 0 0 0 0 1 0.5 {-1} 0.5 {-0.0186} 0 0 1e-7 1.74e-7 0 {-3} 5e-7 0 2.2 0.53 {-0.032} 0 5.3 {-0.032} 0 0.05 1e-9 1e-18 {-4.65e-11} 0 0 1e-7 1.67 8e4 1 0 0 0 {-0.047} 0 1 200 0 100 0 100 0 0 0 1 {-0.08} 0 0 1 0.08 {-0.07} 0.56 0 2.4e-4 0 0 0.5 0.39 8.6e-3 0 0.56 5e9 5e-6 0 0.01 0 1e-3 1 0 0 0 0 3 0 0 15 0.43 0.054 0.075 1 0.05 0 6e-3 1.1 3 0.054 0.054 0.075 0.43 0.054 0.075 5e-9 1 1 1 1 3e-9 0 2.3e9 0.5 0.8 0 5e-11 5e-11 1e-12 0.6 0.6 5e-11 1e-7 0.6 0 0 {-1} 1 0 1 15 1e-10 1e-10 0.1 0.1 0.1 0.1 1 1 10 10 1e-4 1e-4 1e-14 1e-14 1e-13 1e-14 0 0 0 0 0 0 20 20 20 0.02 0.02 0.02 0.02 0.02 0.02 10 10 10 10 10 10 0 0 0 5e-4 5e-4 0.5 0.5 0.33 0.33 1e-10 1e-10 5e-10 5e-10 0.33 0.33 0.8 0.8 0.8 0.8 0.8 0.8 25 {-1.5} {-0.11} 0 0.022 6.71e-3 {-3.35e-3} 4.1e-3 0 8.13e-3 0 1 1 3 3 0 0 0 0 0 0 0 0 1e-6 1e-6 0 0 0 0 0 1 1 1 1 0 0 0 0 0 0 0 1 0 1 0 0 0 0 0 1e-6 0.28e-6 0.22e-6 0 0 0 0 0 0 0 0
    77     405  *************************************************************
    79     406  ********************* dut testbench 1_0 *********************
    80     407  e_ds_1_0 d_1_0 0 v_sweep 0 1
    81     408  v_gs_1_0 g_1_0 0 0.2
    82     409  v_s_1_0 s_1_0 0 0
    83     410  v_bs_1_0 b_1_0 0 0.0
    84     411  x_1_0 d_1_0 g_1_0 s_1_0 b_1_0 dut 1e-05 1e-05 1 1.0 0 0 0 1 1 1 1e-12 1e-6 1e-12 1e-6 1 1 1 0 0 2 0 0 0 0 0 0 1 0 1 2 1 0 0 0 0 1e-4 1 3.9 3e-9 2.8e-9 3e-9 1e-7 1.7e17 1e23 1e20 0 0.1 0 0 0 1 0 1 0 0 0 1 0 1 0 0 0 0 0 0 0 0 0 0 0 0 0 0 0 0 0 0 1 0.5 {-1} 0.5 {-0.0186} 0 0 1e-7 1.74e-7 0 {-3} 5e-7 0 2.2 0.53 {-0.032} 0 5.3 {-0.032} 0 0.05 1e-9 1e-18 {-4.65e-11} 0 0 1e-7 1.67 8e4 1 0 0 0 {-0.047} 0 1 200 0 100 0 100 0 0 0 1 {-0.08} 0 0 1 0.08 {-0.07} 0.56 0 2.4e-4 0 0 0.5 0.39 8.6e-3 0 0.56 5e9 5e-6 0 0.01 0 1e-3 1 0 0 0 0 3 0 0 15 0.43 0.054 0.075 1 0.05 0 6e-3 1.1 3 0.054 0.054 0.075 0.43 0.054 0.075 5e-9 1 1 1 1 3e-9 0 2.3e9 0.5 0.8 0 5e-11 5e-11 1e-12 0.6 0.6 5e-11 1e-7 0.6 0 0 {-1} 1 0 1 15 1e-10 1e-10 0.1 0.1 0.1 0.1 1 1 10 10 1e-4 1e-4 1e-14 1e-14 1e-13 1e-14 0 0 0 0 0 0 20 20 20 0.02 0.02 0.02 0.02 0.02 0.02 10 10 10 10 10 10 0 0 0 5e-4 5e-4 0.5 0.5 0.33 0.33 1e-10 1e-10 5e-10 5e-10 0.33 0.33 0.8 0.8 0.8 0.8 0.8 0.8 25 {-1.5} {-0.11} 0 0.022 6.71e-3 {-3.35e-3} 4.1e-3 0 8.13e-3 0 1 1 3 3 0 0 0 0 0 0 0 0 1e-6 1e-6 0 0 0 0 0 1 1 1 1 0 0 0 0 0 0 0 1 0 1 0 0 0 0 0 1e-6 0.28e-6 0.22e-6 0 0 0 0 0 0 0 0
    85     412  *************************************************************
    87     413  ********************* dut testbench 1_1 *********************
    88     414  e_ds_1_1 d_1_1 0 v_sweep 0 1
    89     415  v_gs_1_1 g_1_1 0 0.4
    90     416  v_s_1_1 s_1_1 0 0
    91     417  v_bs_1_1 b_1_1 0 0.0
    92     418  x_1_1 d_1_1 g_1_1 s_1_1 b_1_1 dut 1e-05 1e-05 1 1.0 0 0 0 1 1 1 1e-12 1e-6 1e-12 1e-6 1 1 1 0 0 2 0 0 0 0 0 0 1 0 1 2 1 0 0 0 0 1e-4 1 3.9 3e-9 2.8e-9 3e-9 1e-7 1.7e17 1e23 1e20 0 0.1 0 0 0 1 0 1 0 0 0 1 0 1 0 0 0 0 0 0 0 0 0 0 0 0 0 0 0 0 0 0 1 0.5 {-1} 0.5 {-0.0186} 0 0 1e-7 1.74e-7 0 {-3} 5e-7 0 2.2 0.53 {-0.032} 0 5.3 {-0.032} 0 0.05 1e-9 1e-18 {-4.65e-11} 0 0 1e-7 1.67 8e4 1 0 0 0 {-0.047} 0 1 200 0 100 0 100 0 0 0 1 {-0.08} 0 0 1 0.08 {-0.07} 0.56 0 2.4e-4 0 0 0.5 0.39 8.6e-3 0 0.56 5e9 5e-6 0 0.01 0 1e-3 1 0 0 0 0 3 0 0 15 0.43 0.054 0.075 1 0.05 0 6e-3 1.1 3 0.054 0.054 0.075 0.43 0.054 0.075 5e-9 1 1 1 1 3e-9 0 2.3e9 0.5 0.8 0 5e-11 5e-11 1e-12 0.6 0.6 5e-11 1e-7 0.6 0 0 {-1} 1 0 1 15 1e-10 1e-10 0.1 0.1 0.1 0.1 1 1 10 10 1e-4 1e-4 1e-14 1e-14 1e-13 1e-14 0 0 0 0 0 0 20 20 20 0.02 0.02 0.02 0.02 0.02 0.02 10 10 10 10 10 10 0 0 0 5e-4 5e-4 0.5 0.5 0.33 0.33 1e-10 1e-10 5e-10 5e-10 0.33 0.33 0.8 0.8 0.8 0.8 0.8 0.8 25 {-1.5} {-0.11} 0 0.022 6.71e-3 {-3.35e-3} 4.1e-3 0 8.13e-3 0 1 1 3 3 0 0 0 0 0 0 0 0 1e-6 1e-6 0 0 0 0 0 1 1 1 1 0 0 0 0 0 0 0 1 0 1 0 0 0 0 0 1e-6 0.28e-6 0.22e-6 0 0 0 0 0 0 0 0
    93     419  *************************************************************
    95     420  ********************* dut testbench 1_2 *********************
    96     421  e_ds_1_2 d_1_2 0 v_sweep 0 1
    97     422  v_gs_1_2 g_1_2 0 0.6
    98     423  v_s_1_2 s_1_2 0 0
    99     424  v_bs_1_2 b_1_2 0 0.0
   100     425  x_1_2 d_1_2 g_1_2 s_1_2 b_1_2 dut 1e-05 1e-05 1 1.0 0 0 0 1 1 1 1e-12 1e-6 1e-12 1e-6 1 1 1 0 0 2 0 0 0 0 0 0 1 0 1 2 1 0 0 0 0 1e-4 1 3.9 3e-9 2.8e-9 3e-9 1e-7 1.7e17 1e23 1e20 0 0.1 0 0 0 1 0 1 0 0 0 1 0 1 0 0 0 0 0 0 0 0 0 0 0 0 0 0 0 0 0 0 1 0.5 {-1} 0.5 {-0.0186} 0 0 1e-7 1.74e-7 0 {-3} 5e-7 0 2.2 0.53 {-0.032} 0 5.3 {-0.032} 0 0.05 1e-9 1e-18 {-4.65e-11} 0 0 1e-7 1.67 8e4 1 0 0 0 {-0.047} 0 1 200 0 100 0 100 0 0 0 1 {-0.08} 0 0 1 0.08 {-0.07} 0.56 0 2.4e-4 0 0 0.5 0.39 8.6e-3 0 0.56 5e9 5e-6 0 0.01 0 1e-3 1 0 0 0 0 3 0 0 15 0.43 0.054 0.075 1 0.05 0 6e-3 1.1 3 0.054 0.054 0.075 0.43 0.054 0.075 5e-9 1 1 1 1 3e-9 0 2.3e9 0.5 0.8 0 5e-11 5e-11 1e-12 0.6 0.6 5e-11 1e-7 0.6 0 0 {-1} 1 0 1 15 1e-10 1e-10 0.1 0.1 0.1 0.1 1 1 10 10 1e-4 1e-4 1e-14 1e-14 1e-13 1e-14 0 0 0 0 0 0 20 20 20 0.02 0.02 0.02 0.02 0.02 0.02 10 10 10 10 10 10 0 0 0 5e-4 5e-4 0.5 0.5 0.33 0.33 1e-10 1e-10 5e-10 5e-10 0.33 0.33 0.8 0.8 0.8 0.8 0.8 0.8 25 {-1.5} {-0.11} 0 0.022 6.71e-3 {-3.35e-3} 4.1e-3 0 8.13e-3 0 1 1 3 3 0 0 0 0 0 0 0 0 1e-6 1e-6 0 0 0 0 0 1 1 1 1 0 0 0 0 0 0 0 1 0 1 0 0 0 0 0 1e-6 0.28e-6 0.22e-6 0 0 0 0 0 0 0 0
   101     426  *************************************************************
   103     427  ********************* dut testbench 1_3 *********************
   104     428  e_ds_1_3 d_1_3 0 v_sweep 0 1
   105     429  v_gs_1_3 g_1_3 0 0.8
   106     430  v_s_1_3 s_1_3 0 0
   107     431  v_bs_1_3 b_1_3 0 0.0
   108     432  x_1_3 d_1_3 g_1_3 s_1_3 b_1_3 dut 1e-05 1e-05 1 1.0 0 0 0 1 1 1 1e-12 1e-6 1e-12 1e-6 1 1 1 0 0 2 0 0 0 0 0 0 1 0 1 2 1 0 0 0 0 1e-4 1 3.9 3e-9 2.8e-9 3e-9 1e-7 1.7e17 1e23 1e20 0 0.1 0 0 0 1 0 1 0 0 0 1 0 1 0 0 0 0 0 0 0 0 0 0 0 0 0 0 0 0 0 0 1 0.5 {-1} 0.5 {-0.0186} 0 0 1e-7 1.74e-7 0 {-3} 5e-7 0 2.2 0.53 {-0.032} 0 5.3 {-0.032} 0 0.05 1e-9 1e-18 {-4.65e-11} 0 0 1e-7 1.67 8e4 1 0 0 0 {-0.047} 0 1 200 0 100 0 100 0 0 0 1 {-0.08} 0 0 1 0.08 {-0.07} 0.56 0 2.4e-4 0 0 0.5 0.39 8.6e-3 0 0.56 5e9 5e-6 0 0.01 0 1e-3 1 0 0 0 0 3 0 0 15 0.43 0.054 0.075 1 0.05 0 6e-3 1.1 3 0.054 0.054 0.075 0.43 0.054 0.075 5e-9 1 1 1 1 3e-9 0 2.3e9 0.5 0.8 0 5e-11 5e-11 1e-12 0.6 0.6 5e-11 1e-7 0.6 0 0 {-1} 1 0 1 15 1e-10 1e-10 0.1 0.1 0.1 0.1 1 1 10 10 1e-4 1e-4 1e-14 1e-14 1e-13 1e-14 0 0 0 0 0 0 20 20 20 0.02 0.02 0.02 0.02 0.02 0.02 10 10 10 10 10 10 0 0 0 5e-4 5e-4 0.5 0.5 0.33 0.33 1e-10 1e-10 5e-10 5e-10 0.33 0.33 0.8 0.8 0.8 0.8 0.8 0.8 25 {-1.5} {-0.11} 0 0.022 6.71e-3 {-3.35e-3} 4.1e-3 0 8.13e-3 0 1 1 3 3 0 0 0 0 0 0 0 0 1e-6 1e-6 0 0 0 0 0 1 1 1 1 0 0 0 0 0 0 0 1 0 1 0 0 0 0 0 1e-6 0.28e-6 0.22e-6 0 0 0 0 0 0 0 0
   109     433  *************************************************************
   111     434  ********************* dut testbench 1_5 *********************
   112     435  e_ds_1_5 d_1_5 0 v_sweep 0 1
   113     436  v_gs_1_5 g_1_5 0 1.2
   114     437  v_s_1_5 s_1_5 0 0
   115     438  v_bs_1_5 b_1_5 0 0.0
   116     439  x_1_5 d_1_5 g_1_5 s_1_5 b_1_5 dut 1e-05 1e-05 1 1.0 0 0 0 1 1 1 1e-12 1e-6 1e-12 1e-6 1 1 1 0 0 2 0 0 0 0 0 0 1 0 1 2 1 0 0 0 0 1e-4 1 3.9 3e-9 2.8e-9 3e-9 1e-7 1.7e17 1e23 1e20 0 0.1 0 0 0 1 0 1 0 0 0 1 0 1 0 0 0 0 0 0 0 0 0 0 0 0 0 0 0 0 0 0 1 0.5 {-1} 0.5 {-0.0186} 0 0 1e-7 1.74e-7 0 {-3} 5e-7 0 2.2 0.53 {-0.032} 0 5.3 {-0.032} 0 0.05 1e-9 1e-18 {-4.65e-11} 0 0 1e-7 1.67 8e4 1 0 0 0 {-0.047} 0 1 200 0 100 0 100 0 0 0 1 {-0.08} 0 0 1 0.08 {-0.07} 0.56 0 2.4e-4 0 0 0.5 0.39 8.6e-3 0 0.56 5e9 5e-6 0 0.01 0 1e-3 1 0 0 0 0 3 0 0 15 0.43 0.054 0.075 1 0.05 0 6e-3 1.1 3 0.054 0.054 0.075 0.43 0.054 0.075 5e-9 1 1 1 1 3e-9 0 2.3e9 0.5 0.8 0 5e-11 5e-11 1e-12 0.6 0.6 5e-11 1e-7 0.6 0 0 {-1} 1 0 1 15 1e-10 1e-10 0.1 0.1 0.1 0.1 1 1 10 10 1e-4 1e-4 1e-14 1e-14 1e-13 1e-14 0 0 0 0 0 0 20 20 20 0.02 0.02 0.02 0.02 0.02 0.02 10 10 10 10 10 10 0 0 0 5e-4 5e-4 0.5 0.5 0.33 0.33 1e-10 1e-10 5e-10 5e-10 0.33 0.33 0.8 0.8 0.8 0.8 0.8 0.8 25 {-1.5} {-0.11} 0 0.022 6.71e-3 {-3.35e-3} 4.1e-3 0 8.13e-3 0 1 1 3 3 0 0 0 0 0 0 0 0 1e-6 1e-6 0 0 0 0 0 1 1 1 1 0 0 0 0 0 0 0 1 0 1 0 0 0 0 0 1e-6 0.28e-6 0.22e-6 0 0 0 0 0 0 0 0
   117     440  *************************************************************
   119     441  ********************* dut testbench 1_6 *********************
   120     442  e_ds_1_6 d_1_6 0 v_sweep 0 1
   121     443  v_gs_1_6 g_1_6 0 1.4
   122     444  v_s_1_6 s_1_6 0 0
   123     445  v_bs_1_6 b_1_6 0 0.0
   124     446  x_1_6 d_1_6 g_1_6 s_1_6 b_1_6 dut 1e-05 1e-05 1 1.0 0 0 0 1 1 1 1e-12 1e-6 1e-12 1e-6 1 1 1 0 0 2 0 0 0 0 0 0 1 0 1 2 1 0 0 0 0 1e-4 1 3.9 3e-9 2.8e-9 3e-9 1e-7 1.7e17 1e23 1e20 0 0.1 0 0 0 1 0 1 0 0 0 1 0 1 0 0 0 0 0 0 0 0 0 0 0 0 0 0 0 0 0 0 1 0.5 {-1} 0.5 {-0.0186} 0 0 1e-7 1.74e-7 0 {-3} 5e-7 0 2.2 0.53 {-0.032} 0 5.3 {-0.032} 0 0.05 1e-9 1e-18 {-4.65e-11} 0 0 1e-7 1.67 8e4 1 0 0 0 {-0.047} 0 1 200 0 100 0 100 0 0 0 1 {-0.08} 0 0 1 0.08 {-0.07} 0.56 0 2.4e-4 0 0 0.5 0.39 8.6e-3 0 0.56 5e9 5e-6 0 0.01 0 1e-3 1 0 0 0 0 3 0 0 15 0.43 0.054 0.075 1 0.05 0 6e-3 1.1 3 0.054 0.054 0.075 0.43 0.054 0.075 5e-9 1 1 1 1 3e-9 0 2.3e9 0.5 0.8 0 5e-11 5e-11 1e-12 0.6 0.6 5e-11 1e-7 0.6 0 0 {-1} 1 0 1 15 1e-10 1e-10 0.1 0.1 0.1 0.1 1 1 10 10 1e-4 1e-4 1e-14 1e-14 1e-13 1e-14 0 0 0 0 0 0 20 20 20 0.02 0.02 0.02 0.02 0.02 0.02 10 10 10 10 10 10 0 0 0 5e-4 5e-4 0.5 0.5 0.33 0.33 1e-10 1e-10 5e-10 5e-10 0.33 0.33 0.8 0.8 0.8 0.8 0.8 0.8 25 {-1.5} {-0.11} 0 0.022 6.71e-3 {-3.35e-3} 4.1e-3 0 8.13e-3 0 1 1 3 3 0 0 0 0 0 0 0 0 1e-6 1e-6 0 0 0 0 0 1 1 1 1 0 0 0 0 0 0 0 1 0 1 0 0 0 0 0 1e-6 0.28e-6 0.22e-6 0 0 0 0 0 0 0 0
   125     447  *************************************************************
   127     448  ********************* dut testbench 1_7 *********************
   128     449  e_ds_1_7 d_1_7 0 v_sweep 0 1
   129     450  v_gs_1_7 g_1_7 0 1.6
   130     451  v_s_1_7 s_1_7 0 0
   131     452  v_bs_1_7 b_1_7 0 0.0
   132     453  x_1_7 d_1_7 g_1_7 s_1_7 b_1_7 dut 1e-05 1e-05 1 1.0 0 0 0 1 1 1 1e-12 1e-6 1e-12 1e-6 1 1 1 0 0 2 0 0 0 0 0 0 1 0 1 2 1 0 0 0 0 1e-4 1 3.9 3e-9 2.8e-9 3e-9 1e-7 1.7e17 1e23 1e20 0 0.1 0 0 0 1 0 1 0 0 0 1 0 1 0 0 0 0 0 0 0 0 0 0 0 0 0 0 0 0 0 0 1 0.5 {-1} 0.5 {-0.0186} 0 0 1e-7 1.74e-7 0 {-3} 5e-7 0 2.2 0.53 {-0.032} 0 5.3 {-0.032} 0 0.05 1e-9 1e-18 {-4.65e-11} 0 0 1e-7 1.67 8e4 1 0 0 0 {-0.047} 0 1 200 0 100 0 100 0 0 0 1 {-0.08} 0 0 1 0.08 {-0.07} 0.56 0 2.4e-4 0 0 0.5 0.39 8.6e-3 0 0.56 5e9 5e-6 0 0.01 0 1e-3 1 0 0 0 0 3 0 0 15 0.43 0.054 0.075 1 0.05 0 6e-3 1.1 3 0.054 0.054 0.075 0.43 0.054 0.075 5e-9 1 1 1 1 3e-9 0 2.3e9 0.5 0.8 0 5e-11 5e-11 1e-12 0.6 0.6 5e-11 1e-7 0.6 0 0 {-1} 1 0 1 15 1e-10 1e-10 0.1 0.1 0.1 0.1 1 1 10 10 1e-4 1e-4 1e-14 1e-14 1e-13 1e-14 0 0 0 0 0 0 20 20 20 0.02 0.02 0.02 0.02 0.02 0.02 10 10 10 10 10 10 0 0 0 5e-4 5e-4 0.5 0.5 0.33 0.33 1e-10 1e-10 5e-10 5e-10 0.33 0.33 0.8 0.8 0.8 0.8 0.8 0.8 25 {-1.5} {-0.11} 0 0.022 6.71e-3 {-3.35e-3} 4.1e-3 0 8.13e-3 0 1 1 3 3 0 0 0 0 0 0 0 0 1e-6 1e-6 0 0 0 0 0 1 1 1 1 0 0 0 0 0 0 0 1 0 1 0 0 0 0 0 1e-6 0.28e-6 0.22e-6 0 0 0 0 0 0 0 0
   133     454  *************************************************************
   135     455  ********************* dut testbench 2_0 *********************
   136     456  e_ds_2_0 d_2_0 0 v_sweep 0 1
   137     457  v_gs_2_0 g_2_0 0 0.2
   138     458  v_s_2_0 s_2_0 0 0
   139     459  v_bs_2_0 b_2_0 0 -1.0
   140     460  x_2_0 d_2_0 g_2_0 s_2_0 b_2_0 dut 5e-06 5e-06 1 1.0 0 0 0 1 1 1 1e-12 1e-6 1e-12 1e-6 1 1 1 0 0 2 0 0 0 0 0 0 1 0 1 2 1 0 0 0 0 1e-4 1 3.9 3e-9 2.8e-9 3e-9 1e-7 1.7e17 1e23 1e20 0 0.1 0 0 0 1 0 1 0 0 0 1 0 1 0 0 0 0 0 0 0 0 0 0 0 0 0 0 0 0 0 0 1 0.5 {-1} 0.5 {-0.0186} 0 0 1e-7 1.74e-7 0 {-3} 5e-7 0 2.2 0.53 {-0.032} 0 5.3 {-0.032} 0 0.05 1e-9 1e-18 {-4.65e-11} 0 0 1e-7 1.67 8e4 1 0 0 0 {-0.047} 0 1 200 0 100 0 100 0 0 0 1 {-0.08} 0 0 1 0.08 {-0.07} 0.56 0 2.4e-4 0 0 0.5 0.39 8.6e-3 0 0.56 5e9 5e-6 0 0.01 0 1e-3 1 0 0 0 0 3 0 0 15 0.43 0.054 0.075 1 0.05 0 6e-3 1.1 3 0.054 0.054 0.075 0.43 0.054 0.075 5e-9 1 1 1 1 3e-9 0 2.3e9 0.5 0.8 0 5e-11 5e-11 1e-12 0.6 0.6 5e-11 1e-7 0.6 0 0 {-1} 1 0 1 15 1e-10 1e-10 0.1 0.1 0.1 0.1 1 1 10 10 1e-4 1e-4 1e-14 1e-14 1e-13 1e-14 0 0 0 0 0 0 20 20 20 0.02 0.02 0.02 0.02 0.02 0.02 10 10 10 10 10 10 0 0 0 5e-4 5e-4 0.5 0.5 0.33 0.33 1e-10 1e-10 5e-10 5e-10 0.33 0.33 0.8 0.8 0.8 0.8 0.8 0.8 25 {-1.5} {-0.11} 0 0.022 6.71e-3 {-3.35e-3} 4.1e-3 0 8.13e-3 0 1 1 3 3 0 0 0 0 0 0 0 0 1e-6 1e-6 0 0 0 0 0 1 1 1 1 0 0 0 0 0 0 0 1 0 1 0 0 0 0 0 1e-6 0.28e-6 0.22e-6 0 0 0 0 0 0 0 0
   141     461  *************************************************************
   143     462  ********************* dut testbench 2_1 *********************
   144     463  e_ds_2_1 d_2_1 0 v_sweep 0 1
   145     464  v_gs_2_1 g_2_1 0 0.4
   146     465  v_s_2_1 s_2_1 0 0
   147     466  v_bs_2_1 b_2_1 0 -1.0
   148     467  x_2_1 d_2_1 g_2_1 s_2_1 b_2_1 dut 5e-06 5e-06 1 1.0 0 0 0 1 1 1 1e-12 1e-6 1e-12 1e-6 1 1 1 0 0 2 0 0 0 0 0 0 1 0 1 2 1 0 0 0 0 1e-4 1 3.9 3e-9 2.8e-9 3e-9 1e-7 1.7e17 1e23 1e20 0 0.1 0 0 0 1 0 1 0 0 0 1 0 1 0 0 0 0 0 0 0 0 0 0 0 0 0 0 0 0 0 0 1 0.5 {-1} 0.5 {-0.0186} 0 0 1e-7 1.74e-7 0 {-3} 5e-7 0 2.2 0.53 {-0.032} 0 5.3 {-0.032} 0 0.05 1e-9 1e-18 {-4.65e-11} 0 0 1e-7 1.67 8e4 1 0 0 0 {-0.047} 0 1 200 0 100 0 100 0 0 0 1 {-0.08} 0 0 1 0.08 {-0.07} 0.56 0 2.4e-4 0 0 0.5 0.39 8.6e-3 0 0.56 5e9 5e-6 0 0.01 0 1e-3 1 0 0 0 0 3 0 0 15 0.43 0.054 0.075 1 0.05 0 6e-3 1.1 3 0.054 0.054 0.075 0.43 0.054 0.075 5e-9 1 1 1 1 3e-9 0 2.3e9 0.5 0.8 0 5e-11 5e-11 1e-12 0.6 0.6 5e-11 1e-7 0.6 0 0 {-1} 1 0 1 15 1e-10 1e-10 0.1 0.1 0.1 0.1 1 1 10 10 1e-4 1e-4 1e-14 1e-14 1e-13 1e-14 0 0 0 0 0 0 20 20 20 0.02 0.02 0.02 0.02 0.02 0.02 10 10 10 10 10 10 0 0 0 5e-4 5e-4 0.5 0.5 0.33 0.33 1e-10 1e-10 5e-10 5e-10 0.33 0.33 0.8 0.8 0.8 0.8 0.8 0.8 25 {-1.5} {-0.11} 0 0.022 6.71e-3 {-3.35e-3} 4.1e-3 0 8.13e-3 0 1 1 3 3 0 0 0 0 0 0 0 0 1e-6 1e-6 0 0 0 0 0 1 1 1 1 0 0 0 0 0 0 0 1 0 1 0 0 0 0 0 1e-6 0.28e-6 0.22e-6 0 0 0 0 0 0 0 0
   149     468  *************************************************************
   151     469  ********************* dut testbench 2_2 *********************
   152     470  e_ds_2_2 d_2_2 0 v_sweep 0 1
   153     471  v_gs_2_2 g_2_2 0 0.6
   154     472  v_s_2_2 s_2_2 0 0
   155     473  v_bs_2_2 b_2_2 0 -1.0
   156     474  x_2_2 d_2_2 g_2_2 s_2_2 b_2_2 dut 5e-06 5e-06 1 1.0 0 0 0 1 1 1 1e-12 1e-6 1e-12 1e-6 1 1 1 0 0 2 0 0 0 0 0 0 1 0 1 2 1 0 0 0 0 1e-4 1 3.9 3e-9 2.8e-9 3e-9 1e-7 1.7e17 1e23 1e20 0 0.1 0 0 0 1 0 1 0 0 0 1 0 1 0 0 0 0 0 0 0 0 0 0 0 0 0 0 0 0 0 0 1 0.5 {-1} 0.5 {-0.0186} 0 0 1e-7 1.74e-7 0 {-3} 5e-7 0 2.2 0.53 {-0.032} 0 5.3 {-0.032} 0 0.05 1e-9 1e-18 {-4.65e-11} 0 0 1e-7 1.67 8e4 1 0 0 0 {-0.047} 0 1 200 0 100 0 100 0 0 0 1 {-0.08} 0 0 1 0.08 {-0.07} 0.56 0 2.4e-4 0 0 0.5 0.39 8.6e-3 0 0.56 5e9 5e-6 0 0.01 0 1e-3 1 0 0 0 0 3 0 0 15 0.43 0.054 0.075 1 0.05 0 6e-3 1.1 3 0.054 0.054 0.075 0.43 0.054 0.075 5e-9 1 1 1 1 3e-9 0 2.3e9 0.5 0.8 0 5e-11 5e-11 1e-12 0.6 0.6 5e-11 1e-7 0.6 0 0 {-1} 1 0 1 15 1e-10 1e-10 0.1 0.1 0.1 0.1 1 1 10 10 1e-4 1e-4 1e-14 1e-14 1e-13 1e-14 0 0 0 0 0 0 20 20 20 0.02 0.02 0.02 0.02 0.02 0.02 10 10 10 10 10 10 0 0 0 5e-4 5e-4 0.5 0.5 0.33 0.33 1e-10 1e-10 5e-10 5e-10 0.33 0.33 0.8 0.8 0.8 0.8 0.8 0.8 25 {-1.5} {-0.11} 0 0.022 6.71e-3 {-3.35e-3} 4.1e-3 0 8.13e-3 0 1 1 3 3 0 0 0 0 0 0 0 0 1e-6 1e-6 0 0 0 0 0 1 1 1 1 0 0 0 0 0 0 0 1 0 1 0 0 0 0 0 1e-6 0.28e-6 0.22e-6 0 0 0 0 0 0 0 0
   157     475  *************************************************************
   159     476  ********************* dut testbench 2_3 *********************
   160     477  e_ds_2_3 d_2_3 0 v_sweep 0 1
   161     478  v_gs_2_3 g_2_3 0 0.8
   162     479  v_s_2_3 s_2_3 0 0
   163     480  v_bs_2_3 b_2_3 0 -1.0
   164     481  x_2_3 d_2_3 g_2_3 s_2_3 b_2_3 dut 5e-06 5e-06 1 1.0 0 0 0 1 1 1 1e-12 1e-6 1e-12 1e-6 1 1 1 0 0 2 0 0 0 0 0 0 1 0 1 2 1 0 0 0 0 1e-4 1 3.9 3e-9 2.8e-9 3e-9 1e-7 1.7e17 1e23 1e20 0 0.1 0 0 0 1 0 1 0 0 0 1 0 1 0 0 0 0 0 0 0 0 0 0 0 0 0 0 0 0 0 0 1 0.5 {-1} 0.5 {-0.0186} 0 0 1e-7 1.74e-7 0 {-3} 5e-7 0 2.2 0.53 {-0.032} 0 5.3 {-0.032} 0 0.05 1e-9 1e-18 {-4.65e-11} 0 0 1e-7 1.67 8e4 1 0 0 0 {-0.047} 0 1 200 0 100 0 100 0 0 0 1 {-0.08} 0 0 1 0.08 {-0.07} 0.56 0 2.4e-4 0 0 0.5 0.39 8.6e-3 0 0.56 5e9 5e-6 0 0.01 0 1e-3 1 0 0 0 0 3 0 0 15 0.43 0.054 0.075 1 0.05 0 6e-3 1.1 3 0.054 0.054 0.075 0.43 0.054 0.075 5e-9 1 1 1 1 3e-9 0 2.3e9 0.5 0.8 0 5e-11 5e-11 1e-12 0.6 0.6 5e-11 1e-7 0.6 0 0 {-1} 1 0 1 15 1e-10 1e-10 0.1 0.1 0.1 0.1 1 1 10 10 1e-4 1e-4 1e-14 1e-14 1e-13 1e-14 0 0 0 0 0 0 20 20 20 0.02 0.02 0.02 0.02 0.02 0.02 10 10 10 10 10 10 0 0 0 5e-4 5e-4 0.5 0.5 0.33 0.33 1e-10 1e-10 5e-10 5e-10 0.33 0.33 0.8 0.8 0.8 0.8 0.8 0.8 25 {-1.5} {-0.11} 0 0.022 6.71e-3 {-3.35e-3} 4.1e-3 0 8.13e-3 0 1 1 3 3 0 0 0 0 0 0 0 0 1e-6 1e-6 0 0 0 0 0 1 1 1 1 0 0 0 0 0 0 0 1 0 1 0 0 0 0 0 1e-6 0.28e-6 0.22e-6 0 0 0 0 0 0 0 0
   165     482  *************************************************************
   167     483  ********************* dut testbench 2_4 *********************
   168     484  e_ds_2_4 d_2_4 0 v_sweep 0 1
   169     485  v_gs_2_4 g_2_4 0 1.0
   170     486  v_s_2_4 s_2_4 0 0
   171     487  v_bs_2_4 b_2_4 0 -1.0
   172     488  x_2_4 d_2_4 g_2_4 s_2_4 b_2_4 dut 5e-06 5e-06 1 1.0 0 0 0 1 1 1 1e-12 1e-6 1e-12 1e-6 1 1 1 0 0 2 0 0 0 0 0 0 1 0 1 2 1 0 0 0 0 1e-4 1 3.9 3e-9 2.8e-9 3e-9 1e-7 1.7e17 1e23 1e20 0 0.1 0 0 0 1 0 1 0 0 0 1 0 1 0 0 0 0 0 0 0 0 0 0 0 0 0 0 0 0 0 0 1 0.5 {-1} 0.5 {-0.0186} 0 0 1e-7 1.74e-7 0 {-3} 5e-7 0 2.2 0.53 {-0.032} 0 5.3 {-0.032} 0 0.05 1e-9 1e-18 {-4.65e-11} 0 0 1e-7 1.67 8e4 1 0 0 0 {-0.047} 0 1 200 0 100 0 100 0 0 0 1 {-0.08} 0 0 1 0.08 {-0.07} 0.56 0 2.4e-4 0 0 0.5 0.39 8.6e-3 0 0.56 5e9 5e-6 0 0.01 0 1e-3 1 0 0 0 0 3 0 0 15 0.43 0.054 0.075 1 0.05 0 6e-3 1.1 3 0.054 0.054 0.075 0.43 0.054 0.075 5e-9 1 1 1 1 3e-9 0 2.3e9 0.5 0.8 0 5e-11 5e-11 1e-12 0.6 0.6 5e-11 1e-7 0.6 0 0 {-1} 1 0 1 15 1e-10 1e-10 0.1 0.1 0.1 0.1 1 1 10 10 1e-4 1e-4 1e-14 1e-14 1e-13 1e-14 0 0 0 0 0 0 20 20 20 0.02 0.02 0.02 0.02 0.02 0.02 10 10 10 10 10 10 0 0 0 5e-4 5e-4 0.5 0.5 0.33 0.33 1e-10 1e-10 5e-10 5e-10 0.33 0.33 0.8 0.8 0.8 0.8 0.8 0.8 25 {-1.5} {-0.11} 0 0.022 6.71e-3 {-3.35e-3} 4.1e-3 0 8.13e-3 0 1 1 3 3 0 0 0 0 0 0 0 0 1e-6 1e-6 0 0 0 0 0 1 1 1 1 0 0 0 0 0 0 0 1 0 1 0 0 0 0 0 1e-6 0.28e-6 0.22e-6 0 0 0 0 0 0 0 0
   173     489  *************************************************************
   175     490  ********************* dut testbench 2_5 *********************
   176     491  e_ds_2_5 d_2_5 0 v_sweep 0 1
   177     492  v_gs_2_5 g_2_5 0 1.2
   178     493  v_s_2_5 s_2_5 0 0
   179     494  v_bs_2_5 b_2_5 0 -1.0
   180     495  x_2_5 d_2_5 g_2_5 s_2_5 b_2_5 dut 5e-06 5e-06 1 1.0 0 0 0 1 1 1 1e-12 1e-6 1e-12 1e-6 1 1 1 0 0 2 0 0 0 0 0 0 1 0 1 2 1 0 0 0 0 1e-4 1 3.9 3e-9 2.8e-9 3e-9 1e-7 1.7e17 1e23 1e20 0 0.1 0 0 0 1 0 1 0 0 0 1 0 1 0 0 0 0 0 0 0 0 0 0 0 0 0 0 0 0 0 0 1 0.5 {-1} 0.5 {-0.0186} 0 0 1e-7 1.74e-7 0 {-3} 5e-7 0 2.2 0.53 {-0.032} 0 5.3 {-0.032} 0 0.05 1e-9 1e-18 {-4.65e-11} 0 0 1e-7 1.67 8e4 1 0 0 0 {-0.047} 0 1 200 0 100 0 100 0 0 0 1 {-0.08} 0 0 1 0.08 {-0.07} 0.56 0 2.4e-4 0 0 0.5 0.39 8.6e-3 0 0.56 5e9 5e-6 0 0.01 0 1e-3 1 0 0 0 0 3 0 0 15 0.43 0.054 0.075 1 0.05 0 6e-3 1.1 3 0.054 0.054 0.075 0.43 0.054 0.075 5e-9 1 1 1 1 3e-9 0 2.3e9 0.5 0.8 0 5e-11 5e-11 1e-12 0.6 0.6 5e-11 1e-7 0.6 0 0 {-1} 1 0 1 15 1e-10 1e-10 0.1 0.1 0.1 0.1 1 1 10 10 1e-4 1e-4 1e-14 1e-14 1e-13 1e-14 0 0 0 0 0 0 20 20 20 0.02 0.02 0.02 0.02 0.02 0.02 10 10 10 10 10 10 0 0 0 5e-4 5e-4 0.5 0.5 0.33 0.33 1e-10 1e-10 5e-10 5e-10 0.33 0.33 0.8 0.8 0.8 0.8 0.8 0.8 25 {-1.5} {-0.11} 0 0.022 6.71e-3 {-3.35e-3} 4.1e-3 0 8.13e-3 0 1 1 3 3 0 0 0 0 0 0 0 0 1e-6 1e-6 0 0 0 0 0 1 1 1 1 0 0 0 0 0 0 0 1 0 1 0 0 0 0 0 1e-6 0.28e-6 0.22e-6 0 0 0 0 0 0 0 0
   181     496  *************************************************************
   183     497  ********************* dut testbench 2_6 *********************
   184     498  e_ds_2_6 d_2_6 0 v_sweep 0 1
   185     499  v_gs_2_6 g_2_6 0 1.4
   186     500  v_s_2_6 s_2_6 0 0
   187     501  v_bs_2_6 b_2_6 0 -1.0
   188     502  x_2_6 d_2_6 g_2_6 s_2_6 b_2_6 dut 5e-06 5e-06 1 1.0 0 0 0 1 1 1 1e-12 1e-6 1e-12 1e-6 1 1 1 0 0 2 0 0 0 0 0 0 1 0 1 2 1 0 0 0 0 1e-4 1 3.9 3e-9 2.8e-9 3e-9 1e-7 1.7e17 1e23 1e20 0 0.1 0 0 0 1 0 1 0 0 0 1 0 1 0 0 0 0 0 0 0 0 0 0 0 0 0 0 0 0 0 0 1 0.5 {-1} 0.5 {-0.0186} 0 0 1e-7 1.74e-7 0 {-3} 5e-7 0 2.2 0.53 {-0.032} 0 5.3 {-0.032} 0 0.05 1e-9 1e-18 {-4.65e-11} 0 0 1e-7 1.67 8e4 1 0 0 0 {-0.047} 0 1 200 0 100 0 100 0 0 0 1 {-0.08} 0 0 1 0.08 {-0.07} 0.56 0 2.4e-4 0 0 0.5 0.39 8.6e-3 0 0.56 5e9 5e-6 0 0.01 0 1e-3 1 0 0 0 0 3 0 0 15 0.43 0.054 0.075 1 0.05 0 6e-3 1.1 3 0.054 0.054 0.075 0.43 0.054 0.075 5e-9 1 1 1 1 3e-9 0 2.3e9 0.5 0.8 0 5e-11 5e-11 1e-12 0.6 0.6 5e-11 1e-7 0.6 0 0 {-1} 1 0 1 15 1e-10 1e-10 0.1 0.1 0.1 0.1 1 1 10 10 1e-4 1e-4 1e-14 1e-14 1e-13 1e-14 0 0 0 0 0 0 20 20 20 0.02 0.02 0.02 0.02 0.02 0.02 10 10 10 10 10 10 0 0 0 5e-4 5e-4 0.5 0.5 0.33 0.33 1e-10 1e-10 5e-10 5e-10 0.33 0.33 0.8 0.8 0.8 0.8 0.8 0.8 25 {-1.5} {-0.11} 0 0.022 6.71e-3 {-3.35e-3} 4.1e-3 0 8.13e-3 0 1 1 3 3 0 0 0 0 0 0 0 0 1e-6 1e-6 0 0 0 0 0 1 1 1 1 0 0 0 0 0 0 0 1 0 1 0 0 0 0 0 1e-6 0.28e-6 0.22e-6 0 0 0 0 0 0 0 0
   189     503  *************************************************************
   191     504  ********************* dut testbench 2_7 *********************
   192     505  e_ds_2_7 d_2_7 0 v_sweep 0 1
   193     506  v_gs_2_7 g_2_7 0 1.6
   194     507  v_s_2_7 s_2_7 0 0
   195     508  v_bs_2_7 b_2_7 0 -1.0
   196     509  x_2_7 d_2_7 g_2_7 s_2_7 b_2_7 dut 5e-06 5e-06 1 1.0 0 0 0 1 1 1 1e-12 1e-6 1e-12 1e-6 1 1 1 0 0 2 0 0 0 0 0 0 1 0 1 2 1 0 0 0 0 1e-4 1 3.9 3e-9 2.8e-9 3e-9 1e-7 1.7e17 1e23 1e20 0 0.1 0 0 0 1 0 1 0 0 0 1 0 1 0 0 0 0 0 0 0 0 0 0 0 0 0 0 0 0 0 0 1 0.5 {-1} 0.5 {-0.0186} 0 0 1e-7 1.74e-7 0 {-3} 5e-7 0 2.2 0.53 {-0.032} 0 5.3 {-0.032} 0 0.05 1e-9 1e-18 {-4.65e-11} 0 0 1e-7 1.67 8e4 1 0 0 0 {-0.047} 0 1 200 0 100 0 100 0 0 0 1 {-0.08} 0 0 1 0.08 {-0.07} 0.56 0 2.4e-4 0 0 0.5 0.39 8.6e-3 0 0.56 5e9 5e-6 0 0.01 0 1e-3 1 0 0 0 0 3 0 0 15 0.43 0.054 0.075 1 0.05 0 6e-3 1.1 3 0.054 0.054 0.075 0.43 0.054 0.075 5e-9 1 1 1 1 3e-9 0 2.3e9 0.5 0.8 0 5e-11 5e-11 1e-12 0.6 0.6 5e-11 1e-7 0.6 0 0 {-1} 1 0 1 15 1e-10 1e-10 0.1 0.1 0.1 0.1 1 1 10 10 1e-4 1e-4 1e-14 1e-14 1e-13 1e-14 0 0 0 0 0 0 20 20 20 0.02 0.02 0.02 0.02 0.02 0.02 10 10 10 10 10 10 0 0 0 5e-4 5e-4 0.5 0.5 0.33 0.33 1e-10 1e-10 5e-10 5e-10 0.33 0.33 0.8 0.8 0.8 0.8 0.8 0.8 25 {-1.5} {-0.11} 0 0.022 6.71e-3 {-3.35e-3} 4.1e-3 0 8.13e-3 0 1 1 3 3 0 0 0 0 0 0 0 0 1e-6 1e-6 0 0 0 0 0 1 1 1 1 0 0 0 0 0 0 0 1 0 1 0 0 0 0 0 1e-6 0.28e-6 0.22e-6 0 0 0 0 0 0 0 0
   197     510  *************************************************************
   199     511  ********************* dut testbench 3_0 *********************
   200     512  e_ds_3_0 d_3_0 0 v_sweep 0 1
   201     513  v_gs_3_0 g_3_0 0 0.2
   202     514  v_s_3_0 s_3_0 0 0
   203     515  v_bs_3_0 b_3_0 0 0.0
   204     516  x_3_0 d_3_0 g_3_0 s_3_0 b_3_0 dut 5e-06 5e-06 1 1.0 0 0 0 1 1 1 1e-12 1e-6 1e-12 1e-6 1 1 1 0 0 2 0 0 0 0 0 0 1 0 1 2 1 0 0 0 0 1e-4 1 3.9 3e-9 2.8e-9 3e-9 1e-7 1.7e17 1e23 1e20 0 0.1 0 0 0 1 0 1 0 0 0 1 0 1 0 0 0 0 0 0 0 0 0 0 0 0 0 0 0 0 0 0 1 0.5 {-1} 0.5 {-0.0186} 0 0 1e-7 1.74e-7 0 {-3} 5e-7 0 2.2 0.53 {-0.032} 0 5.3 {-0.032} 0 0.05 1e-9 1e-18 {-4.65e-11} 0 0 1e-7 1.67 8e4 1 0 0 0 {-0.047} 0 1 200 0 100 0 100 0 0 0 1 {-0.08} 0 0 1 0.08 {-0.07} 0.56 0 2.4e-4 0 0 0.5 0.39 8.6e-3 0 0.56 5e9 5e-6 0 0.01 0 1e-3 1 0 0 0 0 3 0 0 15 0.43 0.054 0.075 1 0.05 0 6e-3 1.1 3 0.054 0.054 0.075 0.43 0.054 0.075 5e-9 1 1 1 1 3e-9 0 2.3e9 0.5 0.8 0 5e-11 5e-11 1e-12 0.6 0.6 5e-11 1e-7 0.6 0 0 {-1} 1 0 1 15 1e-10 1e-10 0.1 0.1 0.1 0.1 1 1 10 10 1e-4 1e-4 1e-14 1e-14 1e-13 1e-14 0 0 0 0 0 0 20 20 20 0.02 0.02 0.02 0.02 0.02 0.02 10 10 10 10 10 10 0 0 0 5e-4 5e-4 0.5 0.5 0.33 0.33 1e-10 1e-10 5e-10 5e-10 0.33 0.33 0.8 0.8 0.8 0.8 0.8 0.8 25 {-1.5} {-0.11} 0 0.022 6.71e-3 {-3.35e-3} 4.1e-3 0 8.13e-3 0 1 1 3 3 0 0 0 0 0 0 0 0 1e-6 1e-6 0 0 0 0 0 1 1 1 1 0 0 0 0 0 0 0 1 0 1 0 0 0 0 0 1e-6 0.28e-6 0.22e-6 0 0 0 0 0 0 0 0
   205     517  *************************************************************
   207     518  ********************* dut testbench 3_1 *********************
   208     519  e_ds_3_1 d_3_1 0 v_sweep 0 1
   209     520  v_gs_3_1 g_3_1 0 0.4
   210     521  v_s_3_1 s_3_1 0 0
   211     522  v_bs_3_1 b_3_1 0 0.0
   212     523  x_3_1 d_3_1 g_3_1 s_3_1 b_3_1 dut 5e-06 5e-06 1 1.0 0 0 0 1 1 1 1e-12 1e-6 1e-12 1e-6 1 1 1 0 0 2 0 0 0 0 0 0 1 0 1 2 1 0 0 0 0 1e-4 1 3.9 3e-9 2.8e-9 3e-9 1e-7 1.7e17 1e23 1e20 0 0.1 0 0 0 1 0 1 0 0 0 1 0 1 0 0 0 0 0 0 0 0 0 0 0 0 0 0 0 0 0 0 1 0.5 {-1} 0.5 {-0.0186} 0 0 1e-7 1.74e-7 0 {-3} 5e-7 0 2.2 0.53 {-0.032} 0 5.3 {-0.032} 0 0.05 1e-9 1e-18 {-4.65e-11} 0 0 1e-7 1.67 8e4 1 0 0 0 {-0.047} 0 1 200 0 100 0 100 0 0 0 1 {-0.08} 0 0 1 0.08 {-0.07} 0.56 0 2.4e-4 0 0 0.5 0.39 8.6e-3 0 0.56 5e9 5e-6 0 0.01 0 1e-3 1 0 0 0 0 3 0 0 15 0.43 0.054 0.075 1 0.05 0 6e-3 1.1 3 0.054 0.054 0.075 0.43 0.054 0.075 5e-9 1 1 1 1 3e-9 0 2.3e9 0.5 0.8 0 5e-11 5e-11 1e-12 0.6 0.6 5e-11 1e-7 0.6 0 0 {-1} 1 0 1 15 1e-10 1e-10 0.1 0.1 0.1 0.1 1 1 10 10 1e-4 1e-4 1e-14 1e-14 1e-13 1e-14 0 0 0 0 0 0 20 20 20 0.02 0.02 0.02 0.02 0.02 0.02 10 10 10 10 10 10 0 0 0 5e-4 5e-4 0.5 0.5 0.33 0.33 1e-10 1e-10 5e-10 5e-10 0.33 0.33 0.8 0.8 0.8 0.8 0.8 0.8 25 {-1.5} {-0.11} 0 0.022 6.71e-3 {-3.35e-3} 4.1e-3 0 8.13e-3 0 1 1 3 3 0 0 0 0 0 0 0 0 1e-6 1e-6 0 0 0 0 0 1 1 1 1 0 0 0 0 0 0 0 1 0 1 0 0 0 0 0 1e-6 0.28e-6 0.22e-6 0 0 0 0 0 0 0 0
   213     524  *************************************************************
   215     525  ********************* dut testbench 3_2 *********************
   216     526  e_ds_3_2 d_3_2 0 v_sweep 0 1
   217     527  v_gs_3_2 g_3_2 0 0.6
   218     528  v_s_3_2 s_3_2 0 0
   219     529  v_bs_3_2 b_3_2 0 0.0
   220     530  x_3_2 d_3_2 g_3_2 s_3_2 b_3_2 dut 5e-06 5e-06 1 1.0 0 0 0 1 1 1 1e-12 1e-6 1e-12 1e-6 1 1 1 0 0 2 0 0 0 0 0 0 1 0 1 2 1 0 0 0 0 1e-4 1 3.9 3e-9 2.8e-9 3e-9 1e-7 1.7e17 1e23 1e20 0 0.1 0 0 0 1 0 1 0 0 0 1 0 1 0 0 0 0 0 0 0 0 0 0 0 0 0 0 0 0 0 0 1 0.5 {-1} 0.5 {-0.0186} 0 0 1e-7 1.74e-7 0 {-3} 5e-7 0 2.2 0.53 {-0.032} 0 5.3 {-0.032} 0 0.05 1e-9 1e-18 {-4.65e-11} 0 0 1e-7 1.67 8e4 1 0 0 0 {-0.047} 0 1 200 0 100 0 100 0 0 0 1 {-0.08} 0 0 1 0.08 {-0.07} 0.56 0 2.4e-4 0 0 0.5 0.39 8.6e-3 0 0.56 5e9 5e-6 0 0.01 0 1e-3 1 0 0 0 0 3 0 0 15 0.43 0.054 0.075 1 0.05 0 6e-3 1.1 3 0.054 0.054 0.075 0.43 0.054 0.075 5e-9 1 1 1 1 3e-9 0 2.3e9 0.5 0.8 0 5e-11 5e-11 1e-12 0.6 0.6 5e-11 1e-7 0.6 0 0 {-1} 1 0 1 15 1e-10 1e-10 0.1 0.1 0.1 0.1 1 1 10 10 1e-4 1e-4 1e-14 1e-14 1e-13 1e-14 0 0 0 0 0 0 20 20 20 0.02 0.02 0.02 0.02 0.02 0.02 10 10 10 10 10 10 0 0 0 5e-4 5e-4 0.5 0.5 0.33 0.33 1e-10 1e-10 5e-10 5e-10 0.33 0.33 0.8 0.8 0.8 0.8 0.8 0.8 25 {-1.5} {-0.11} 0 0.022 6.71e-3 {-3.35e-3} 4.1e-3 0 8.13e-3 0 1 1 3 3 0 0 0 0 0 0 0 0 1e-6 1e-6 0 0 0 0 0 1 1 1 1 0 0 0 0 0 0 0 1 0 1 0 0 0 0 0 1e-6 0.28e-6 0.22e-6 0 0 0 0 0 0 0 0
   221     531  *************************************************************
   223     532  ********************* dut testbench 3_3 *********************
   224     533  e_ds_3_3 d_3_3 0 v_sweep 0 1
   225     534  v_gs_3_3 g_3_3 0 0.8
   226     535  v_s_3_3 s_3_3 0 0
   227     536  v_bs_3_3 b_3_3 0 0.0
   228     537  x_3_3 d_3_3 g_3_3 s_3_3 b_3_3 dut 5e-06 5e-06 1 1.0 0 0 0 1 1 1 1e-12 1e-6 1e-12 1e-6 1 1 1 0 0 2 0 0 0 0 0 0 1 0 1 2 1 0 0 0 0 1e-4 1 3.9 3e-9 2.8e-9 3e-9 1e-7 1.7e17 1e23 1e20 0 0.1 0 0 0 1 0 1 0 0 0 1 0 1 0 0 0 0 0 0 0 0 0 0 0 0 0 0 0 0 0 0 1 0.5 {-1} 0.5 {-0.0186} 0 0 1e-7 1.74e-7 0 {-3} 5e-7 0 2.2 0.53 {-0.032} 0 5.3 {-0.032} 0 0.05 1e-9 1e-18 {-4.65e-11} 0 0 1e-7 1.67 8e4 1 0 0 0 {-0.047} 0 1 200 0 100 0 100 0 0 0 1 {-0.08} 0 0 1 0.08 {-0.07} 0.56 0 2.4e-4 0 0 0.5 0.39 8.6e-3 0 0.56 5e9 5e-6 0 0.01 0 1e-3 1 0 0 0 0 3 0 0 15 0.43 0.054 0.075 1 0.05 0 6e-3 1.1 3 0.054 0.054 0.075 0.43 0.054 0.075 5e-9 1 1 1 1 3e-9 0 2.3e9 0.5 0.8 0 5e-11 5e-11 1e-12 0.6 0.6 5e-11 1e-7 0.6 0 0 {-1} 1 0 1 15 1e-10 1e-10 0.1 0.1 0.1 0.1 1 1 10 10 1e-4 1e-4 1e-14 1e-14 1e-13 1e-14 0 0 0 0 0 0 20 20 20 0.02 0.02 0.02 0.02 0.02 0.02 10 10 10 10 10 10 0 0 0 5e-4 5e-4 0.5 0.5 0.33 0.33 1e-10 1e-10 5e-10 5e-10 0.33 0.33 0.8 0.8 0.8 0.8 0.8 0.8 25 {-1.5} {-0.11} 0 0.022 6.71e-3 {-3.35e-3} 4.1e-3 0 8.13e-3 0 1 1 3 3 0 0 0 0 0 0 0 0 1e-6 1e-6 0 0 0 0 0 1 1 1 1 0 0 0 0 0 0 0 1 0 1 0 0 0 0 0 1e-6 0.28e-6 0.22e-6 0 0 0 0 0 0 0 0
   229     538  *************************************************************
   231     539  ********************* dut testbench 3_4 *********************
   232     540  e_ds_3_4 d_3_4 0 v_sweep 0 1
   233     541  v_gs_3_4 g_3_4 0 1.0
   234     542  v_s_3_4 s_3_4 0 0
   235     543  v_bs_3_4 b_3_4 0 0.0
   236     544  x_3_4 d_3_4 g_3_4 s_3_4 b_3_4 dut 5e-06 5e-06 1 1.0 0 0 0 1 1 1 1e-12 1e-6 1e-12 1e-6 1 1 1 0 0 2 0 0 0 0 0 0 1 0 1 2 1 0 0 0 0 1e-4 1 3.9 3e-9 2.8e-9 3e-9 1e-7 1.7e17 1e23 1e20 0 0.1 0 0 0 1 0 1 0 0 0 1 0 1 0 0 0 0 0 0 0 0 0 0 0 0 0 0 0 0 0 0 1 0.5 {-1} 0.5 {-0.0186} 0 0 1e-7 1.74e-7 0 {-3} 5e-7 0 2.2 0.53 {-0.032} 0 5.3 {-0.032} 0 0.05 1e-9 1e-18 {-4.65e-11} 0 0 1e-7 1.67 8e4 1 0 0 0 {-0.047} 0 1 200 0 100 0 100 0 0 0 1 {-0.08} 0 0 1 0.08 {-0.07} 0.56 0 2.4e-4 0 0 0.5 0.39 8.6e-3 0 0.56 5e9 5e-6 0 0.01 0 1e-3 1 0 0 0 0 3 0 0 15 0.43 0.054 0.075 1 0.05 0 6e-3 1.1 3 0.054 0.054 0.075 0.43 0.054 0.075 5e-9 1 1 1 1 3e-9 0 2.3e9 0.5 0.8 0 5e-11 5e-11 1e-12 0.6 0.6 5e-11 1e-7 0.6 0 0 {-1} 1 0 1 15 1e-10 1e-10 0.1 0.1 0.1 0.1 1 1 10 10 1e-4 1e-4 1e-14 1e-14 1e-13 1e-14 0 0 0 0 0 0 20 20 20 0.02 0.02 0.02 0.02 0.02 0.02 10 10 10 10 10 10 0 0 0 5e-4 5e-4 0.5 0.5 0.33 0.33 1e-10 1e-10 5e-10 5e-10 0.33 0.33 0.8 0.8 0.8 0.8 0.8 0.8 25 {-1.5} {-0.11} 0 0.022 6.71e-3 {-3.35e-3} 4.1e-3 0 8.13e-3 0 1 1 3 3 0 0 0 0 0 0 0 0 1e-6 1e-6 0 0 0 0 0 1 1 1 1 0 0 0 0 0 0 0 1 0 1 0 0 0 0 0 1e-6 0.28e-6 0.22e-6 0 0 0 0 0 0 0 0
   237     545  *************************************************************
   239     546  ********************* dut testbench 3_5 *********************
   240     547  e_ds_3_5 d_3_5 0 v_sweep 0 1
   241     548  v_gs_3_5 g_3_5 0 1.2
   242     549  v_s_3_5 s_3_5 0 0
   243     550  v_bs_3_5 b_3_5 0 0.0
   244     551  x_3_5 d_3_5 g_3_5 s_3_5 b_3_5 dut 5e-06 5e-06 1 1.0 0 0 0 1 1 1 1e-12 1e-6 1e-12 1e-6 1 1 1 0 0 2 0 0 0 0 0 0 1 0 1 2 1 0 0 0 0 1e-4 1 3.9 3e-9 2.8e-9 3e-9 1e-7 1.7e17 1e23 1e20 0 0.1 0 0 0 1 0 1 0 0 0 1 0 1 0 0 0 0 0 0 0 0 0 0 0 0 0 0 0 0 0 0 1 0.5 {-1} 0.5 {-0.0186} 0 0 1e-7 1.74e-7 0 {-3} 5e-7 0 2.2 0.53 {-0.032} 0 5.3 {-0.032} 0 0.05 1e-9 1e-18 {-4.65e-11} 0 0 1e-7 1.67 8e4 1 0 0 0 {-0.047} 0 1 200 0 100 0 100 0 0 0 1 {-0.08} 0 0 1 0.08 {-0.07} 0.56 0 2.4e-4 0 0 0.5 0.39 8.6e-3 0 0.56 5e9 5e-6 0 0.01 0 1e-3 1 0 0 0 0 3 0 0 15 0.43 0.054 0.075 1 0.05 0 6e-3 1.1 3 0.054 0.054 0.075 0.43 0.054 0.075 5e-9 1 1 1 1 3e-9 0 2.3e9 0.5 0.8 0 5e-11 5e-11 1e-12 0.6 0.6 5e-11 1e-7 0.6 0 0 {-1} 1 0 1 15 1e-10 1e-10 0.1 0.1 0.1 0.1 1 1 10 10 1e-4 1e-4 1e-14 1e-14 1e-13 1e-14 0 0 0 0 0 0 20 20 20 0.02 0.02 0.02 0.02 0.02 0.02 10 10 10 10 10 10 0 0 0 5e-4 5e-4 0.5 0.5 0.33 0.33 1e-10 1e-10 5e-10 5e-10 0.33 0.33 0.8 0.8 0.8 0.8 0.8 0.8 25 {-1.5} {-0.11} 0 0.022 6.71e-3 {-3.35e-3} 4.1e-3 0 8.13e-3 0 1 1 3 3 0 0 0 0 0 0 0 0 1e-6 1e-6 0 0 0 0 0 1 1 1 1 0 0 0 0 0 0 0 1 0 1 0 0 0 0 0 1e-6 0.28e-6 0.22e-6 0 0 0 0 0 0 0 0
   245     552  *************************************************************
   247     553  ********************* dut testbench 3_6 *********************
   248     554  e_ds_3_6 d_3_6 0 v_sweep 0 1
   249     555  v_gs_3_6 g_3_6 0 1.4
   250     556  v_s_3_6 s_3_6 0 0
   251     557  v_bs_3_6 b_3_6 0 0.0
   252     558  x_3_6 d_3_6 g_3_6 s_3_6 b_3_6 dut 5e-06 5e-06 1 1.0 0 0 0 1 1 1 1e-12 1e-6 1e-12 1e-6 1 1 1 0 0 2 0 0 0 0 0 0 1 0 1 2 1 0 0 0 0 1e-4 1 3.9 3e-9 2.8e-9 3e-9 1e-7 1.7e17 1e23 1e20 0 0.1 0 0 0 1 0 1 0 0 0 1 0 1 0 0 0 0 0 0 0 0 0 0 0 0 0 0 0 0 0 0 1 0.5 {-1} 0.5 {-0.0186} 0 0 1e-7 1.74e-7 0 {-3} 5e-7 0 2.2 0.53 {-0.032} 0 5.3 {-0.032} 0 0.05 1e-9 1e-18 {-4.65e-11} 0 0 1e-7 1.67 8e4 1 0 0 0 {-0.047} 0 1 200 0 100 0 100 0 0 0 1 {-0.08} 0 0 1 0.08 {-0.07} 0.56 0 2.4e-4 0 0 0.5 0.39 8.6e-3 0 0.56 5e9 5e-6 0 0.01 0 1e-3 1 0 0 0 0 3 0 0 15 0.43 0.054 0.075 1 0.05 0 6e-3 1.1 3 0.054 0.054 0.075 0.43 0.054 0.075 5e-9 1 1 1 1 3e-9 0 2.3e9 0.5 0.8 0 5e-11 5e-11 1e-12 0.6 0.6 5e-11 1e-7 0.6 0 0 {-1} 1 0 1 15 1e-10 1e-10 0.1 0.1 0.1 0.1 1 1 10 10 1e-4 1e-4 1e-14 1e-14 1e-13 1e-14 0 0 0 0 0 0 20 20 20 0.02 0.02 0.02 0.02 0.02 0.02 10 10 10 10 10 10 0 0 0 5e-4 5e-4 0.5 0.5 0.33 0.33 1e-10 1e-10 5e-10 5e-10 0.33 0.33 0.8 0.8 0.8 0.8 0.8 0.8 25 {-1.5} {-0.11} 0 0.022 6.71e-3 {-3.35e-3} 4.1e-3 0 8.13e-3 0 1 1 3 3 0 0 0 0 0 0 0 0 1e-6 1e-6 0 0 0 0 0 1 1 1 1 0 0 0 0 0 0 0 1 0 1 0 0 0 0 0 1e-6 0.28e-6 0.22e-6 0 0 0 0 0 0 0 0
   253     559  *************************************************************
   255     560  ********************* dut testbench 3_7 *********************
   256     561  e_ds_3_7 d_3_7 0 v_sweep 0 1
   257     562  v_gs_3_7 g_3_7 0 1.6
   258     563  v_s_3_7 s_3_7 0 0
   259     564  v_bs_3_7 b_3_7 0 0.0
   260     565  x_3_7 d_3_7 g_3_7 s_3_7 b_3_7 dut 5e-06 5e-06 1 1.0 0 0 0 1 1 1 1e-12 1e-6 1e-12 1e-6 1 1 1 0 0 2 0 0 0 0 0 0 1 0 1 2 1 0 0 0 0 1e-4 1 3.9 3e-9 2.8e-9 3e-9 1e-7 1.7e17 1e23 1e20 0 0.1 0 0 0 1 0 1 0 0 0 1 0 1 0 0 0 0 0 0 0 0 0 0 0 0 0 0 0 0 0 0 1 0.5 {-1} 0.5 {-0.0186} 0 0 1e-7 1.74e-7 0 {-3} 5e-7 0 2.2 0.53 {-0.032} 0 5.3 {-0.032} 0 0.05 1e-9 1e-18 {-4.65e-11} 0 0 1e-7 1.67 8e4 1 0 0 0 {-0.047} 0 1 200 0 100 0 100 0 0 0 1 {-0.08} 0 0 1 0.08 {-0.07} 0.56 0 2.4e-4 0 0 0.5 0.39 8.6e-3 0 0.56 5e9 5e-6 0 0.01 0 1e-3 1 0 0 0 0 3 0 0 15 0.43 0.054 0.075 1 0.05 0 6e-3 1.1 3 0.054 0.054 0.075 0.43 0.054 0.075 5e-9 1 1 1 1 3e-9 0 2.3e9 0.5 0.8 0 5e-11 5e-11 1e-12 0.6 0.6 5e-11 1e-7 0.6 0 0 {-1} 1 0 1 15 1e-10 1e-10 0.1 0.1 0.1 0.1 1 1 10 10 1e-4 1e-4 1e-14 1e-14 1e-13 1e-14 0 0 0 0 0 0 20 20 20 0.02 0.02 0.02 0.02 0.02 0.02 10 10 10 10 10 10 0 0 0 5e-4 5e-4 0.5 0.5 0.33 0.33 1e-10 1e-10 5e-10 5e-10 0.33 0.33 0.8 0.8 0.8 0.8 0.8 0.8 25 {-1.5} {-0.11} 0 0.022 6.71e-3 {-3.35e-3} 4.1e-3 0 8.13e-3 0 1 1 3 3 0 0 0 0 0 0 0 0 1e-6 1e-6 0 0 0 0 0 1 1 1 1 0 0 0 0 0 0 0 1 0 1 0 0 0 0 0 1e-6 0.28e-6 0.22e-6 0 0 0 0 0 0 0 0
   261     566  *************************************************************
   263     567  ********************* dut testbench 4_0 *********************
   264     568  e_ds_4_0 d_4_0 0 v_sweep 0 1
   265     569  v_gs_4_0 g_4_0 0 0.2
   266     570  v_s_4_0 s_4_0 0 0
   267     571  v_bs_4_0 b_4_0 0 -1.0
   268     572  x_4_0 d_4_0 g_4_0 s_4_0 b_4_0 dut 1e-06 1e-06 1 1.0 0 0 0 1 1 1 1e-12 1e-6 1e-12 1e-6 1 1 1 0 0 2 0 0 0 0 0 0 1 0 1 2 1 0 0 0 0 1e-4 1 3.9 3e-9 2.8e-9 3e-9 1e-7 1.7e17 1e23 1e20 0 0.1 0 0 0 1 0 1 0 0 0 1 0 1 0 0 0 0 0 0 0 0 0 0 0 0 0 0 0 0 0 0 1 0.5 {-1} 0.5 {-0.0186} 0 0 1e-7 1.74e-7 0 {-3} 5e-7 0 2.2 0.53 {-0.032} 0 5.3 {-0.032} 0 0.05 1e-9 1e-18 {-4.65e-11} 0 0 1e-7 1.67 8e4 1 0 0 0 {-0.047} 0 1 200 0 100 0 100 0 0 0 1 {-0.08} 0 0 1 0.08 {-0.07} 0.56 0 2.4e-4 0 0 0.5 0.39 8.6e-3 0 0.56 5e9 5e-6 0 0.01 0 1e-3 1 0 0 0 0 3 0 0 15 0.43 0.054 0.075 1 0.05 0 6e-3 1.1 3 0.054 0.054 0.075 0.43 0.054 0.075 5e-9 1 1 1 1 3e-9 0 2.3e9 0.5 0.8 0 5e-11 5e-11 1e-12 0.6 0.6 5e-11 1e-7 0.6 0 0 {-1} 1 0 1 15 1e-10 1e-10 0.1 0.1 0.1 0.1 1 1 10 10 1e-4 1e-4 1e-14 1e-14 1e-13 1e-14 0 0 0 0 0 0 20 20 20 0.02 0.02 0.02 0.02 0.02 0.02 10 10 10 10 10 10 0 0 0 5e-4 5e-4 0.5 0.5 0.33 0.33 1e-10 1e-10 5e-10 5e-10 0.33 0.33 0.8 0.8 0.8 0.8 0.8 0.8 25 {-1.5} {-0.11} 0 0.022 6.71e-3 {-3.35e-3} 4.1e-3 0 8.13e-3 0 1 1 3 3 0 0 0 0 0 0 0 0 1e-6 1e-6 0 0 0 0 0 1 1 1 1 0 0 0 0 0 0 0 1 0 1 0 0 0 0 0 1e-6 0.28e-6 0.22e-6 0 0 0 0 0 0 0 0
   269     573  *************************************************************
   271     574  ********************* dut testbench 4_1 *********************
   272     575  e_ds_4_1 d_4_1 0 v_sweep 0 1
   273     576  v_gs_4_1 g_4_1 0 0.4
   274     577  v_s_4_1 s_4_1 0 0
   275     578  v_bs_4_1 b_4_1 0 -1.0
   276     579  x_4_1 d_4_1 g_4_1 s_4_1 b_4_1 dut 1e-06 1e-06 1 1.0 0 0 0 1 1 1 1e-12 1e-6 1e-12 1e-6 1 1 1 0 0 2 0 0 0 0 0 0 1 0 1 2 1 0 0 0 0 1e-4 1 3.9 3e-9 2.8e-9 3e-9 1e-7 1.7e17 1e23 1e20 0 0.1 0 0 0 1 0 1 0 0 0 1 0 1 0 0 0 0 0 0 0 0 0 0 0 0 0 0 0 0 0 0 1 0.5 {-1} 0.5 {-0.0186} 0 0 1e-7 1.74e-7 0 {-3} 5e-7 0 2.2 0.53 {-0.032} 0 5.3 {-0.032} 0 0.05 1e-9 1e-18 {-4.65e-11} 0 0 1e-7 1.67 8e4 1 0 0 0 {-0.047} 0 1 200 0 100 0 100 0 0 0 1 {-0.08} 0 0 1 0.08 {-0.07} 0.56 0 2.4e-4 0 0 0.5 0.39 8.6e-3 0 0.56 5e9 5e-6 0 0.01 0 1e-3 1 0 0 0 0 3 0 0 15 0.43 0.054 0.075 1 0.05 0 6e-3 1.1 3 0.054 0.054 0.075 0.43 0.054 0.075 5e-9 1 1 1 1 3e-9 0 2.3e9 0.5 0.8 0 5e-11 5e-11 1e-12 0.6 0.6 5e-11 1e-7 0.6 0 0 {-1} 1 0 1 15 1e-10 1e-10 0.1 0.1 0.1 0.1 1 1 10 10 1e-4 1e-4 1e-14 1e-14 1e-13 1e-14 0 0 0 0 0 0 20 20 20 0.02 0.02 0.02 0.02 0.02 0.02 10 10 10 10 10 10 0 0 0 5e-4 5e-4 0.5 0.5 0.33 0.33 1e-10 1e-10 5e-10 5e-10 0.33 0.33 0.8 0.8 0.8 0.8 0.8 0.8 25 {-1.5} {-0.11} 0 0.022 6.71e-3 {-3.35e-3} 4.1e-3 0 8.13e-3 0 1 1 3 3 0 0 0 0 0 0 0 0 1e-6 1e-6 0 0 0 0 0 1 1 1 1 0 0 0 0 0 0 0 1 0 1 0 0 0 0 0 1e-6 0.28e-6 0.22e-6 0 0 0 0 0 0 0 0
   277     580  *************************************************************
   279     581  ********************* dut testbench 4_2 *********************
   280     582  e_ds_4_2 d_4_2 0 v_sweep 0 1
   281     583  v_gs_4_2 g_4_2 0 0.6
   282     584  v_s_4_2 s_4_2 0 0
   283     585  v_bs_4_2 b_4_2 0 -1.0
   284     586  x_4_2 d_4_2 g_4_2 s_4_2 b_4_2 dut 1e-06 1e-06 1 1.0 0 0 0 1 1 1 1e-12 1e-6 1e-12 1e-6 1 1 1 0 0 2 0 0 0 0 0 0 1 0 1 2 1 0 0 0 0 1e-4 1 3.9 3e-9 2.8e-9 3e-9 1e-7 1.7e17 1e23 1e20 0 0.1 0 0 0 1 0 1 0 0 0 1 0 1 0 0 0 0 0 0 0 0 0 0 0 0 0 0 0 0 0 0 1 0.5 {-1} 0.5 {-0.0186} 0 0 1e-7 1.74e-7 0 {-3} 5e-7 0 2.2 0.53 {-0.032} 0 5.3 {-0.032} 0 0.05 1e-9 1e-18 {-4.65e-11} 0 0 1e-7 1.67 8e4 1 0 0 0 {-0.047} 0 1 200 0 100 0 100 0 0 0 1 {-0.08} 0 0 1 0.08 {-0.07} 0.56 0 2.4e-4 0 0 0.5 0.39 8.6e-3 0 0.56 5e9 5e-6 0 0.01 0 1e-3 1 0 0 0 0 3 0 0 15 0.43 0.054 0.075 1 0.05 0 6e-3 1.1 3 0.054 0.054 0.075 0.43 0.054 0.075 5e-9 1 1 1 1 3e-9 0 2.3e9 0.5 0.8 0 5e-11 5e-11 1e-12 0.6 0.6 5e-11 1e-7 0.6 0 0 {-1} 1 0 1 15 1e-10 1e-10 0.1 0.1 0.1 0.1 1 1 10 10 1e-4 1e-4 1e-14 1e-14 1e-13 1e-14 0 0 0 0 0 0 20 20 20 0.02 0.02 0.02 0.02 0.02 0.02 10 10 10 10 10 10 0 0 0 5e-4 5e-4 0.5 0.5 0.33 0.33 1e-10 1e-10 5e-10 5e-10 0.33 0.33 0.8 0.8 0.8 0.8 0.8 0.8 25 {-1.5} {-0.11} 0 0.022 6.71e-3 {-3.35e-3} 4.1e-3 0 8.13e-3 0 1 1 3 3 0 0 0 0 0 0 0 0 1e-6 1e-6 0 0 0 0 0 1 1 1 1 0 0 0 0 0 0 0 1 0 1 0 0 0 0 0 1e-6 0.28e-6 0.22e-6 0 0 0 0 0 0 0 0
   285     587  *************************************************************
   287     588  ********************* dut testbench 4_3 *********************
   288     589  e_ds_4_3 d_4_3 0 v_sweep 0 1
   289     590  v_gs_4_3 g_4_3 0 0.8
   290     591  v_s_4_3 s_4_3 0 0
   291     592  v_bs_4_3 b_4_3 0 -1.0
   292     593  x_4_3 d_4_3 g_4_3 s_4_3 b_4_3 dut 1e-06 1e-06 1 1.0 0 0 0 1 1 1 1e-12 1e-6 1e-12 1e-6 1 1 1 0 0 2 0 0 0 0 0 0 1 0 1 2 1 0 0 0 0 1e-4 1 3.9 3e-9 2.8e-9 3e-9 1e-7 1.7e17 1e23 1e20 0 0.1 0 0 0 1 0 1 0 0 0 1 0 1 0 0 0 0 0 0 0 0 0 0 0 0 0 0 0 0 0 0 1 0.5 {-1} 0.5 {-0.0186} 0 0 1e-7 1.74e-7 0 {-3} 5e-7 0 2.2 0.53 {-0.032} 0 5.3 {-0.032} 0 0.05 1e-9 1e-18 {-4.65e-11} 0 0 1e-7 1.67 8e4 1 0 0 0 {-0.047} 0 1 200 0 100 0 100 0 0 0 1 {-0.08} 0 0 1 0.08 {-0.07} 0.56 0 2.4e-4 0 0 0.5 0.39 8.6e-3 0 0.56 5e9 5e-6 0 0.01 0 1e-3 1 0 0 0 0 3 0 0 15 0.43 0.054 0.075 1 0.05 0 6e-3 1.1 3 0.054 0.054 0.075 0.43 0.054 0.075 5e-9 1 1 1 1 3e-9 0 2.3e9 0.5 0.8 0 5e-11 5e-11 1e-12 0.6 0.6 5e-11 1e-7 0.6 0 0 {-1} 1 0 1 15 1e-10 1e-10 0.1 0.1 0.1 0.1 1 1 10 10 1e-4 1e-4 1e-14 1e-14 1e-13 1e-14 0 0 0 0 0 0 20 20 20 0.02 0.02 0.02 0.02 0.02 0.02 10 10 10 10 10 10 0 0 0 5e-4 5e-4 0.5 0.5 0.33 0.33 1e-10 1e-10 5e-10 5e-10 0.33 0.33 0.8 0.8 0.8 0.8 0.8 0.8 25 {-1.5} {-0.11} 0 0.022 6.71e-3 {-3.35e-3} 4.1e-3 0 8.13e-3 0 1 1 3 3 0 0 0 0 0 0 0 0 1e-6 1e-6 0 0 0 0 0 1 1 1 1 0 0 0 0 0 0 0 1 0 1 0 0 0 0 0 1e-6 0.28e-6 0.22e-6 0 0 0 0 0 0 0 0
   293     594  *************************************************************
   295     595  ********************* dut testbench 4_4 *********************
   296     596  e_ds_4_4 d_4_4 0 v_sweep 0 1
   297     597  v_gs_4_4 g_4_4 0 1.0
   298     598  v_s_4_4 s_4_4 0 0
   299     599  v_bs_4_4 b_4_4 0 -1.0
   300     600  x_4_4 d_4_4 g_4_4 s_4_4 b_4_4 dut 1e-06 1e-06 1 1.0 0 0 0 1 1 1 1e-12 1e-6 1e-12 1e-6 1 1 1 0 0 2 0 0 0 0 0 0 1 0 1 2 1 0 0 0 0 1e-4 1 3.9 3e-9 2.8e-9 3e-9 1e-7 1.7e17 1e23 1e20 0 0.1 0 0 0 1 0 1 0 0 0 1 0 1 0 0 0 0 0 0 0 0 0 0 0 0 0 0 0 0 0 0 1 0.5 {-1} 0.5 {-0.0186} 0 0 1e-7 1.74e-7 0 {-3} 5e-7 0 2.2 0.53 {-0.032} 0 5.3 {-0.032} 0 0.05 1e-9 1e-18 {-4.65e-11} 0 0 1e-7 1.67 8e4 1 0 0 0 {-0.047} 0 1 200 0 100 0 100 0 0 0 1 {-0.08} 0 0 1 0.08 {-0.07} 0.56 0 2.4e-4 0 0 0.5 0.39 8.6e-3 0 0.56 5e9 5e-6 0 0.01 0 1e-3 1 0 0 0 0 3 0 0 15 0.43 0.054 0.075 1 0.05 0 6e-3 1.1 3 0.054 0.054 0.075 0.43 0.054 0.075 5e-9 1 1 1 1 3e-9 0 2.3e9 0.5 0.8 0 5e-11 5e-11 1e-12 0.6 0.6 5e-11 1e-7 0.6 0 0 {-1} 1 0 1 15 1e-10 1e-10 0.1 0.1 0.1 0.1 1 1 10 10 1e-4 1e-4 1e-14 1e-14 1e-13 1e-14 0 0 0 0 0 0 20 20 20 0.02 0.02 0.02 0.02 0.02 0.02 10 10 10 10 10 10 0 0 0 5e-4 5e-4 0.5 0.5 0.33 0.33 1e-10 1e-10 5e-10 5e-10 0.33 0.33 0.8 0.8 0.8 0.8 0.8 0.8 25 {-1.5} {-0.11} 0 0.022 6.71e-3 {-3.35e-3} 4.1e-3 0 8.13e-3 0 1 1 3 3 0 0 0 0 0 0 0 0 1e-6 1e-6 0 0 0 0 0 1 1 1 1 0 0 0 0 0 0 0 1 0 1 0 0 0 0 0 1e-6 0.28e-6 0.22e-6 0 0 0 0 0 0 0 0
   301     601  *************************************************************
   303     602  ********************* dut testbench 4_5 *********************
   304     603  e_ds_4_5 d_4_5 0 v_sweep 0 1
   305     604  v_gs_4_5 g_4_5 0 1.2
   306     605  v_s_4_5 s_4_5 0 0
   307     606  v_bs_4_5 b_4_5 0 -1.0
   308     607  x_4_5 d_4_5 g_4_5 s_4_5 b_4_5 dut 1e-06 1e-06 1 1.0 0 0 0 1 1 1 1e-12 1e-6 1e-12 1e-6 1 1 1 0 0 2 0 0 0 0 0 0 1 0 1 2 1 0 0 0 0 1e-4 1 3.9 3e-9 2.8e-9 3e-9 1e-7 1.7e17 1e23 1e20 0 0.1 0 0 0 1 0 1 0 0 0 1 0 1 0 0 0 0 0 0 0 0 0 0 0 0 0 0 0 0 0 0 1 0.5 {-1} 0.5 {-0.0186} 0 0 1e-7 1.74e-7 0 {-3} 5e-7 0 2.2 0.53 {-0.032} 0 5.3 {-0.032} 0 0.05 1e-9 1e-18 {-4.65e-11} 0 0 1e-7 1.67 8e4 1 0 0 0 {-0.047} 0 1 200 0 100 0 100 0 0 0 1 {-0.08} 0 0 1 0.08 {-0.07} 0.56 0 2.4e-4 0 0 0.5 0.39 8.6e-3 0 0.56 5e9 5e-6 0 0.01 0 1e-3 1 0 0 0 0 3 0 0 15 0.43 0.054 0.075 1 0.05 0 6e-3 1.1 3 0.054 0.054 0.075 0.43 0.054 0.075 5e-9 1 1 1 1 3e-9 0 2.3e9 0.5 0.8 0 5e-11 5e-11 1e-12 0.6 0.6 5e-11 1e-7 0.6 0 0 {-1} 1 0 1 15 1e-10 1e-10 0.1 0.1 0.1 0.1 1 1 10 10 1e-4 1e-4 1e-14 1e-14 1e-13 1e-14 0 0 0 0 0 0 20 20 20 0.02 0.02 0.02 0.02 0.02 0.02 10 10 10 10 10 10 0 0 0 5e-4 5e-4 0.5 0.5 0.33 0.33 1e-10 1e-10 5e-10 5e-10 0.33 0.33 0.8 0.8 0.8 0.8 0.8 0.8 25 {-1.5} {-0.11} 0 0.022 6.71e-3 {-3.35e-3} 4.1e-3 0 8.13e-3 0 1 1 3 3 0 0 0 0 0 0 0 0 1e-6 1e-6 0 0 0 0 0 1 1 1 1 0 0 0 0 0 0 0 1 0 1 0 0 0 0 0 1e-6 0.28e-6 0.22e-6 0 0 0 0 0 0 0 0
   309     608  *************************************************************
   311     609  ********************* dut testbench 4_6 *********************
   312     610  e_ds_4_6 d_4_6 0 v_sweep 0 1
   313     611  v_gs_4_6 g_4_6 0 1.4
   314     612  v_s_4_6 s_4_6 0 0
   315     613  v_bs_4_6 b_4_6 0 -1.0
   316     614  x_4_6 d_4_6 g_4_6 s_4_6 b_4_6 dut 1e-06 1e-06 1 1.0 0 0 0 1 1 1 1e-12 1e-6 1e-12 1e-6 1 1 1 0 0 2 0 0 0 0 0 0 1 0 1 2 1 0 0 0 0 1e-4 1 3.9 3e-9 2.8e-9 3e-9 1e-7 1.7e17 1e23 1e20 0 0.1 0 0 0 1 0 1 0 0 0 1 0 1 0 0 0 0 0 0 0 0 0 0 0 0 0 0 0 0 0 0 1 0.5 {-1} 0.5 {-0.0186} 0 0 1e-7 1.74e-7 0 {-3} 5e-7 0 2.2 0.53 {-0.032} 0 5.3 {-0.032} 0 0.05 1e-9 1e-18 {-4.65e-11} 0 0 1e-7 1.67 8e4 1 0 0 0 {-0.047} 0 1 200 0 100 0 100 0 0 0 1 {-0.08} 0 0 1 0.08 {-0.07} 0.56 0 2.4e-4 0 0 0.5 0.39 8.6e-3 0 0.56 5e9 5e-6 0 0.01 0 1e-3 1 0 0 0 0 3 0 0 15 0.43 0.054 0.075 1 0.05 0 6e-3 1.1 3 0.054 0.054 0.075 0.43 0.054 0.075 5e-9 1 1 1 1 3e-9 0 2.3e9 0.5 0.8 0 5e-11 5e-11 1e-12 0.6 0.6 5e-11 1e-7 0.6 0 0 {-1} 1 0 1 15 1e-10 1e-10 0.1 0.1 0.1 0.1 1 1 10 10 1e-4 1e-4 1e-14 1e-14 1e-13 1e-14 0 0 0 0 0 0 20 20 20 0.02 0.02 0.02 0.02 0.02 0.02 10 10 10 10 10 10 0 0 0 5e-4 5e-4 0.5 0.5 0.33 0.33 1e-10 1e-10 5e-10 5e-10 0.33 0.33 0.8 0.8 0.8 0.8 0.8 0.8 25 {-1.5} {-0.11} 0 0.022 6.71e-3 {-3.35e-3} 4.1e-3 0 8.13e-3 0 1 1 3 3 0 0 0 0 0 0 0 0 1e-6 1e-6 0 0 0 0 0 1 1 1 1 0 0 0 0 0 0 0 1 0 1 0 0 0 0 0 1e-6 0.28e-6 0.22e-6 0 0 0 0 0 0 0 0
   317     615  *************************************************************
   319     616  ********************* dut testbench 4_7 *********************
   320     617  e_ds_4_7 d_4_7 0 v_sweep 0 1
   321     618  v_gs_4_7 g_4_7 0 1.6
   322     619  v_s_4_7 s_4_7 0 0
   323     620  v_bs_4_7 b_4_7 0 -1.0
   324     621  x_4_7 d_4_7 g_4_7 s_4_7 b_4_7 dut 1e-06 1e-06 1 1.0 0 0 0 1 1 1 1e-12 1e-6 1e-12 1e-6 1 1 1 0 0 2 0 0 0 0 0 0 1 0 1 2 1 0 0 0 0 1e-4 1 3.9 3e-9 2.8e-9 3e-9 1e-7 1.7e17 1e23 1e20 0 0.1 0 0 0 1 0 1 0 0 0 1 0 1 0 0 0 0 0 0 0 0 0 0 0 0 0 0 0 0 0 0 1 0.5 {-1} 0.5 {-0.0186} 0 0 1e-7 1.74e-7 0 {-3} 5e-7 0 2.2 0.53 {-0.032} 0 5.3 {-0.032} 0 0.05 1e-9 1e-18 {-4.65e-11} 0 0 1e-7 1.67 8e4 1 0 0 0 {-0.047} 0 1 200 0 100 0 100 0 0 0 1 {-0.08} 0 0 1 0.08 {-0.07} 0.56 0 2.4e-4 0 0 0.5 0.39 8.6e-3 0 0.56 5e9 5e-6 0 0.01 0 1e-3 1 0 0 0 0 3 0 0 15 0.43 0.054 0.075 1 0.05 0 6e-3 1.1 3 0.054 0.054 0.075 0.43 0.054 0.075 5e-9 1 1 1 1 3e-9 0 2.3e9 0.5 0.8 0 5e-11 5e-11 1e-12 0.6 0.6 5e-11 1e-7 0.6 0 0 {-1} 1 0 1 15 1e-10 1e-10 0.1 0.1 0.1 0.1 1 1 10 10 1e-4 1e-4 1e-14 1e-14 1e-13 1e-14 0 0 0 0 0 0 20 20 20 0.02 0.02 0.02 0.02 0.02 0.02 10 10 10 10 10 10 0 0 0 5e-4 5e-4 0.5 0.5 0.33 0.33 1e-10 1e-10 5e-10 5e-10 0.33 0.33 0.8 0.8 0.8 0.8 0.8 0.8 25 {-1.5} {-0.11} 0 0.022 6.71e-3 {-3.35e-3} 4.1e-3 0 8.13e-3 0 1 1 3 3 0 0 0 0 0 0 0 0 1e-6 1e-6 0 0 0 0 0 1 1 1 1 0 0 0 0 0 0 0 1 0 1 0 0 0 0 0 1e-6 0.28e-6 0.22e-6 0 0 0 0 0 0 0 0
   325     622  *************************************************************
   327     623  ********************* dut testbench 5_0 *********************
   328     624  e_ds_5_0 d_5_0 0 v_sweep 0 1
   329     625  v_gs_5_0 g_5_0 0 0.2
   330     626  v_s_5_0 s_5_0 0 0
   331     627  v_bs_5_0 b_5_0 0 0.0
   332     628  x_5_0 d_5_0 g_5_0 s_5_0 b_5_0 dut 1e-06 1e-06 1 1.0 0 0 0 1 1 1 1e-12 1e-6 1e-12 1e-6 1 1 1 0 0 2 0 0 0 0 0 0 1 0 1 2 1 0 0 0 0 1e-4 1 3.9 3e-9 2.8e-9 3e-9 1e-7 1.7e17 1e23 1e20 0 0.1 0 0 0 1 0 1 0 0 0 1 0 1 0 0 0 0 0 0 0 0 0 0 0 0 0 0 0 0 0 0 1 0.5 {-1} 0.5 {-0.0186} 0 0 1e-7 1.74e-7 0 {-3} 5e-7 0 2.2 0.53 {-0.032} 0 5.3 {-0.032} 0 0.05 1e-9 1e-18 {-4.65e-11} 0 0 1e-7 1.67 8e4 1 0 0 0 {-0.047} 0 1 200 0 100 0 100 0 0 0 1 {-0.08} 0 0 1 0.08 {-0.07} 0.56 0 2.4e-4 0 0 0.5 0.39 8.6e-3 0 0.56 5e9 5e-6 0 0.01 0 1e-3 1 0 0 0 0 3 0 0 15 0.43 0.054 0.075 1 0.05 0 6e-3 1.1 3 0.054 0.054 0.075 0.43 0.054 0.075 5e-9 1 1 1 1 3e-9 0 2.3e9 0.5 0.8 0 5e-11 5e-11 1e-12 0.6 0.6 5e-11 1e-7 0.6 0 0 {-1} 1 0 1 15 1e-10 1e-10 0.1 0.1 0.1 0.1 1 1 10 10 1e-4 1e-4 1e-14 1e-14 1e-13 1e-14 0 0 0 0 0 0 20 20 20 0.02 0.02 0.02 0.02 0.02 0.02 10 10 10 10 10 10 0 0 0 5e-4 5e-4 0.5 0.5 0.33 0.33 1e-10 1e-10 5e-10 5e-10 0.33 0.33 0.8 0.8 0.8 0.8 0.8 0.8 25 {-1.5} {-0.11} 0 0.022 6.71e-3 {-3.35e-3} 4.1e-3 0 8.13e-3 0 1 1 3 3 0 0 0 0 0 0 0 0 1e-6 1e-6 0 0 0 0 0 1 1 1 1 0 0 0 0 0 0 0 1 0 1 0 0 0 0 0 1e-6 0.28e-6 0.22e-6 0 0 0 0 0 0 0 0
   333     629  *************************************************************
   335     630  ********************* dut testbench 5_1 *********************
   336     631  e_ds_5_1 d_5_1 0 v_sweep 0 1
   337     632  v_gs_5_1 g_5_1 0 0.4
   338     633  v_s_5_1 s_5_1 0 0
   339     634  v_bs_5_1 b_5_1 0 0.0
   340     635  x_5_1 d_5_1 g_5_1 s_5_1 b_5_1 dut 1e-06 1e-06 1 1.0 0 0 0 1 1 1 1e-12 1e-6 1e-12 1e-6 1 1 1 0 0 2 0 0 0 0 0 0 1 0 1 2 1 0 0 0 0 1e-4 1 3.9 3e-9 2.8e-9 3e-9 1e-7 1.7e17 1e23 1e20 0 0.1 0 0 0 1 0 1 0 0 0 1 0 1 0 0 0 0 0 0 0 0 0 0 0 0 0 0 0 0 0 0 1 0.5 {-1} 0.5 {-0.0186} 0 0 1e-7 1.74e-7 0 {-3} 5e-7 0 2.2 0.53 {-0.032} 0 5.3 {-0.032} 0 0.05 1e-9 1e-18 {-4.65e-11} 0 0 1e-7 1.67 8e4 1 0 0 0 {-0.047} 0 1 200 0 100 0 100 0 0 0 1 {-0.08} 0 0 1 0.08 {-0.07} 0.56 0 2.4e-4 0 0 0.5 0.39 8.6e-3 0 0.56 5e9 5e-6 0 0.01 0 1e-3 1 0 0 0 0 3 0 0 15 0.43 0.054 0.075 1 0.05 0 6e-3 1.1 3 0.054 0.054 0.075 0.43 0.054 0.075 5e-9 1 1 1 1 3e-9 0 2.3e9 0.5 0.8 0 5e-11 5e-11 1e-12 0.6 0.6 5e-11 1e-7 0.6 0 0 {-1} 1 0 1 15 1e-10 1e-10 0.1 0.1 0.1 0.1 1 1 10 10 1e-4 1e-4 1e-14 1e-14 1e-13 1e-14 0 0 0 0 0 0 20 20 20 0.02 0.02 0.02 0.02 0.02 0.02 10 10 10 10 10 10 0 0 0 5e-4 5e-4 0.5 0.5 0.33 0.33 1e-10 1e-10 5e-10 5e-10 0.33 0.33 0.8 0.8 0.8 0.8 0.8 0.8 25 {-1.5} {-0.11} 0 0.022 6.71e-3 {-3.35e-3} 4.1e-3 0 8.13e-3 0 1 1 3 3 0 0 0 0 0 0 0 0 1e-6 1e-6 0 0 0 0 0 1 1 1 1 0 0 0 0 0 0 0 1 0 1 0 0 0 0 0 1e-6 0.28e-6 0.22e-6 0 0 0 0 0 0 0 0
   341     636  *************************************************************
   343     637  ********************* dut testbench 5_2 *********************
   344     638  e_ds_5_2 d_5_2 0 v_sweep 0 1
   345     639  v_gs_5_2 g_5_2 0 0.6
   346     640  v_s_5_2 s_5_2 0 0
   347     641  v_bs_5_2 b_5_2 0 0.0
   348     642  x_5_2 d_5_2 g_5_2 s_5_2 b_5_2 dut 1e-06 1e-06 1 1.0 0 0 0 1 1 1 1e-12 1e-6 1e-12 1e-6 1 1 1 0 0 2 0 0 0 0 0 0 1 0 1 2 1 0 0 0 0 1e-4 1 3.9 3e-9 2.8e-9 3e-9 1e-7 1.7e17 1e23 1e20 0 0.1 0 0 0 1 0 1 0 0 0 1 0 1 0 0 0 0 0 0 0 0 0 0 0 0 0 0 0 0 0 0 1 0.5 {-1} 0.5 {-0.0186} 0 0 1e-7 1.74e-7 0 {-3} 5e-7 0 2.2 0.53 {-0.032} 0 5.3 {-0.032} 0 0.05 1e-9 1e-18 {-4.65e-11} 0 0 1e-7 1.67 8e4 1 0 0 0 {-0.047} 0 1 200 0 100 0 100 0 0 0 1 {-0.08} 0 0 1 0.08 {-0.07} 0.56 0 2.4e-4 0 0 0.5 0.39 8.6e-3 0 0.56 5e9 5e-6 0 0.01 0 1e-3 1 0 0 0 0 3 0 0 15 0.43 0.054 0.075 1 0.05 0 6e-3 1.1 3 0.054 0.054 0.075 0.43 0.054 0.075 5e-9 1 1 1 1 3e-9 0 2.3e9 0.5 0.8 0 5e-11 5e-11 1e-12 0.6 0.6 5e-11 1e-7 0.6 0 0 {-1} 1 0 1 15 1e-10 1e-10 0.1 0.1 0.1 0.1 1 1 10 10 1e-4 1e-4 1e-14 1e-14 1e-13 1e-14 0 0 0 0 0 0 20 20 20 0.02 0.02 0.02 0.02 0.02 0.02 10 10 10 10 10 10 0 0 0 5e-4 5e-4 0.5 0.5 0.33 0.33 1e-10 1e-10 5e-10 5e-10 0.33 0.33 0.8 0.8 0.8 0.8 0.8 0.8 25 {-1.5} {-0.11} 0 0.022 6.71e-3 {-3.35e-3} 4.1e-3 0 8.13e-3 0 1 1 3 3 0 0 0 0 0 0 0 0 1e-6 1e-6 0 0 0 0 0 1 1 1 1 0 0 0 0 0 0 0 1 0 1 0 0 0 0 0 1e-6 0.28e-6 0.22e-6 0 0 0 0 0 0 0 0
   349     643  *************************************************************
   351     644  ********************* dut testbench 5_3 *********************
   352     645  e_ds_5_3 d_5_3 0 v_sweep 0 1
   353     646  v_gs_5_3 g_5_3 0 0.8
   354     647  v_s_5_3 s_5_3 0 0
   355     648  v_bs_5_3 b_5_3 0 0.0
   356     649  x_5_3 d_5_3 g_5_3 s_5_3 b_5_3 dut 1e-06 1e-06 1 1.0 0 0 0 1 1 1 1e-12 1e-6 1e-12 1e-6 1 1 1 0 0 2 0 0 0 0 0 0 1 0 1 2 1 0 0 0 0 1e-4 1 3.9 3e-9 2.8e-9 3e-9 1e-7 1.7e17 1e23 1e20 0 0.1 0 0 0 1 0 1 0 0 0 1 0 1 0 0 0 0 0 0 0 0 0 0 0 0 0 0 0 0 0 0 1 0.5 {-1} 0.5 {-0.0186} 0 0 1e-7 1.74e-7 0 {-3} 5e-7 0 2.2 0.53 {-0.032} 0 5.3 {-0.032} 0 0.05 1e-9 1e-18 {-4.65e-11} 0 0 1e-7 1.67 8e4 1 0 0 0 {-0.047} 0 1 200 0 100 0 100 0 0 0 1 {-0.08} 0 0 1 0.08 {-0.07} 0.56 0 2.4e-4 0 0 0.5 0.39 8.6e-3 0 0.56 5e9 5e-6 0 0.01 0 1e-3 1 0 0 0 0 3 0 0 15 0.43 0.054 0.075 1 0.05 0 6e-3 1.1 3 0.054 0.054 0.075 0.43 0.054 0.075 5e-9 1 1 1 1 3e-9 0 2.3e9 0.5 0.8 0 5e-11 5e-11 1e-12 0.6 0.6 5e-11 1e-7 0.6 0 0 {-1} 1 0 1 15 1e-10 1e-10 0.1 0.1 0.1 0.1 1 1 10 10 1e-4 1e-4 1e-14 1e-14 1e-13 1e-14 0 0 0 0 0 0 20 20 20 0.02 0.02 0.02 0.02 0.02 0.02 10 10 10 10 10 10 0 0 0 5e-4 5e-4 0.5 0.5 0.33 0.33 1e-10 1e-10 5e-10 5e-10 0.33 0.33 0.8 0.8 0.8 0.8 0.8 0.8 25 {-1.5} {-0.11} 0 0.022 6.71e-3 {-3.35e-3} 4.1e-3 0 8.13e-3 0 1 1 3 3 0 0 0 0 0 0 0 0 1e-6 1e-6 0 0 0 0 0 1 1 1 1 0 0 0 0 0 0 0 1 0 1 0 0 0 0 0 1e-6 0.28e-6 0.22e-6 0 0 0 0 0 0 0 0
   357     650  *************************************************************
   359     651  ********************* dut testbench 5_4 *********************
   360     652  e_ds_5_4 d_5_4 0 v_sweep 0 1
   361     653  v_gs_5_4 g_5_4 0 1.0
   362     654  v_s_5_4 s_5_4 0 0
   363     655  v_bs_5_4 b_5_4 0 0.0
   364     656  x_5_4 d_5_4 g_5_4 s_5_4 b_5_4 dut 1e-06 1e-06 1 1.0 0 0 0 1 1 1 1e-12 1e-6 1e-12 1e-6 1 1 1 0 0 2 0 0 0 0 0 0 1 0 1 2 1 0 0 0 0 1e-4 1 3.9 3e-9 2.8e-9 3e-9 1e-7 1.7e17 1e23 1e20 0 0.1 0 0 0 1 0 1 0 0 0 1 0 1 0 0 0 0 0 0 0 0 0 0 0 0 0 0 0 0 0 0 1 0.5 {-1} 0.5 {-0.0186} 0 0 1e-7 1.74e-7 0 {-3} 5e-7 0 2.2 0.53 {-0.032} 0 5.3 {-0.032} 0 0.05 1e-9 1e-18 {-4.65e-11} 0 0 1e-7 1.67 8e4 1 0 0 0 {-0.047} 0 1 200 0 100 0 100 0 0 0 1 {-0.08} 0 0 1 0.08 {-0.07} 0.56 0 2.4e-4 0 0 0.5 0.39 8.6e-3 0 0.56 5e9 5e-6 0 0.01 0 1e-3 1 0 0 0 0 3 0 0 15 0.43 0.054 0.075 1 0.05 0 6e-3 1.1 3 0.054 0.054 0.075 0.43 0.054 0.075 5e-9 1 1 1 1 3e-9 0 2.3e9 0.5 0.8 0 5e-11 5e-11 1e-12 0.6 0.6 5e-11 1e-7 0.6 0 0 {-1} 1 0 1 15 1e-10 1e-10 0.1 0.1 0.1 0.1 1 1 10 10 1e-4 1e-4 1e-14 1e-14 1e-13 1e-14 0 0 0 0 0 0 20 20 20 0.02 0.02 0.02 0.02 0.02 0.02 10 10 10 10 10 10 0 0 0 5e-4 5e-4 0.5 0.5 0.33 0.33 1e-10 1e-10 5e-10 5e-10 0.33 0.33 0.8 0.8 0.8 0.8 0.8 0.8 25 {-1.5} {-0.11} 0 0.022 6.71e-3 {-3.35e-3} 4.1e-3 0 8.13e-3 0 1 1 3 3 0 0 0 0 0 0 0 0 1e-6 1e-6 0 0 0 0 0 1 1 1 1 0 0 0 0 0 0 0 1 0 1 0 0 0 0 0 1e-6 0.28e-6 0.22e-6 0 0 0 0 0 0 0 0
   365     657  *************************************************************
   367     658  ********************* dut testbench 5_5 *********************
   368     659  e_ds_5_5 d_5_5 0 v_sweep 0 1
   369     660  v_gs_5_5 g_5_5 0 1.2
   370     661  v_s_5_5 s_5_5 0 0
   371     662  v_bs_5_5 b_5_5 0 0.0
   372     663  x_5_5 d_5_5 g_5_5 s_5_5 b_5_5 dut 1e-06 1e-06 1 1.0 0 0 0 1 1 1 1e-12 1e-6 1e-12 1e-6 1 1 1 0 0 2 0 0 0 0 0 0 1 0 1 2 1 0 0 0 0 1e-4 1 3.9 3e-9 2.8e-9 3e-9 1e-7 1.7e17 1e23 1e20 0 0.1 0 0 0 1 0 1 0 0 0 1 0 1 0 0 0 0 0 0 0 0 0 0 0 0 0 0 0 0 0 0 1 0.5 {-1} 0.5 {-0.0186} 0 0 1e-7 1.74e-7 0 {-3} 5e-7 0 2.2 0.53 {-0.032} 0 5.3 {-0.032} 0 0.05 1e-9 1e-18 {-4.65e-11} 0 0 1e-7 1.67 8e4 1 0 0 0 {-0.047} 0 1 200 0 100 0 100 0 0 0 1 {-0.08} 0 0 1 0.08 {-0.07} 0.56 0 2.4e-4 0 0 0.5 0.39 8.6e-3 0 0.56 5e9 5e-6 0 0.01 0 1e-3 1 0 0 0 0 3 0 0 15 0.43 0.054 0.075 1 0.05 0 6e-3 1.1 3 0.054 0.054 0.075 0.43 0.054 0.075 5e-9 1 1 1 1 3e-9 0 2.3e9 0.5 0.8 0 5e-11 5e-11 1e-12 0.6 0.6 5e-11 1e-7 0.6 0 0 {-1} 1 0 1 15 1e-10 1e-10 0.1 0.1 0.1 0.1 1 1 10 10 1e-4 1e-4 1e-14 1e-14 1e-13 1e-14 0 0 0 0 0 0 20 20 20 0.02 0.02 0.02 0.02 0.02 0.02 10 10 10 10 10 10 0 0 0 5e-4 5e-4 0.5 0.5 0.33 0.33 1e-10 1e-10 5e-10 5e-10 0.33 0.33 0.8 0.8 0.8 0.8 0.8 0.8 25 {-1.5} {-0.11} 0 0.022 6.71e-3 {-3.35e-3} 4.1e-3 0 8.13e-3 0 1 1 3 3 0 0 0 0 0 0 0 0 1e-6 1e-6 0 0 0 0 0 1 1 1 1 0 0 0 0 0 0 0 1 0 1 0 0 0 0 0 1e-6 0.28e-6 0.22e-6 0 0 0 0 0 0 0 0
   373     664  *************************************************************
   375     665  ********************* dut testbench 5_6 *********************
   376     666  e_ds_5_6 d_5_6 0 v_sweep 0 1
   377     667  v_gs_5_6 g_5_6 0 1.4
   378     668  v_s_5_6 s_5_6 0 0
   379     669  v_bs_5_6 b_5_6 0 0.0
   380     670  x_5_6 d_5_6 g_5_6 s_5_6 b_5_6 dut 1e-06 1e-06 1 1.0 0 0 0 1 1 1 1e-12 1e-6 1e-12 1e-6 1 1 1 0 0 2 0 0 0 0 0 0 1 0 1 2 1 0 0 0 0 1e-4 1 3.9 3e-9 2.8e-9 3e-9 1e-7 1.7e17 1e23 1e20 0 0.1 0 0 0 1 0 1 0 0 0 1 0 1 0 0 0 0 0 0 0 0 0 0 0 0 0 0 0 0 0 0 1 0.5 {-1} 0.5 {-0.0186} 0 0 1e-7 1.74e-7 0 {-3} 5e-7 0 2.2 0.53 {-0.032} 0 5.3 {-0.032} 0 0.05 1e-9 1e-18 {-4.65e-11} 0 0 1e-7 1.67 8e4 1 0 0 0 {-0.047} 0 1 200 0 100 0 100 0 0 0 1 {-0.08} 0 0 1 0.08 {-0.07} 0.56 0 2.4e-4 0 0 0.5 0.39 8.6e-3 0 0.56 5e9 5e-6 0 0.01 0 1e-3 1 0 0 0 0 3 0 0 15 0.43 0.054 0.075 1 0.05 0 6e-3 1.1 3 0.054 0.054 0.075 0.43 0.054 0.075 5e-9 1 1 1 1 3e-9 0 2.3e9 0.5 0.8 0 5e-11 5e-11 1e-12 0.6 0.6 5e-11 1e-7 0.6 0 0 {-1} 1 0 1 15 1e-10 1e-10 0.1 0.1 0.1 0.1 1 1 10 10 1e-4 1e-4 1e-14 1e-14 1e-13 1e-14 0 0 0 0 0 0 20 20 20 0.02 0.02 0.02 0.02 0.02 0.02 10 10 10 10 10 10 0 0 0 5e-4 5e-4 0.5 0.5 0.33 0.33 1e-10 1e-10 5e-10 5e-10 0.33 0.33 0.8 0.8 0.8 0.8 0.8 0.8 25 {-1.5} {-0.11} 0 0.022 6.71e-3 {-3.35e-3} 4.1e-3 0 8.13e-3 0 1 1 3 3 0 0 0 0 0 0 0 0 1e-6 1e-6 0 0 0 0 0 1 1 1 1 0 0 0 0 0 0 0 1 0 1 0 0 0 0 0 1e-6 0.28e-6 0.22e-6 0 0 0 0 0 0 0 0
   381     671  *************************************************************
   383     672  ********************* dut testbench 5_7 *********************
   384     673  e_ds_5_7 d_5_7 0 v_sweep 0 1
   385     674  v_gs_5_7 g_5_7 0 1.6
   386     675  v_s_5_7 s_5_7 0 0
   387     676  v_bs_5_7 b_5_7 0 0.0
   388     677  x_5_7 d_5_7 g_5_7 s_5_7 b_5_7 dut 1e-06 1e-06 1 1.0 0 0 0 1 1 1 1e-12 1e-6 1e-12 1e-6 1 1 1 0 0 2 0 0 0 0 0 0 1 0 1 2 1 0 0 0 0 1e-4 1 3.9 3e-9 2.8e-9 3e-9 1e-7 1.7e17 1e23 1e20 0 0.1 0 0 0 1 0 1 0 0 0 1 0 1 0 0 0 0 0 0 0 0 0 0 0 0 0 0 0 0 0 0 1 0.5 {-1} 0.5 {-0.0186} 0 0 1e-7 1.74e-7 0 {-3} 5e-7 0 2.2 0.53 {-0.032} 0 5.3 {-0.032} 0 0.05 1e-9 1e-18 {-4.65e-11} 0 0 1e-7 1.67 8e4 1 0 0 0 {-0.047} 0 1 200 0 100 0 100 0 0 0 1 {-0.08} 0 0 1 0.08 {-0.07} 0.56 0 2.4e-4 0 0 0.5 0.39 8.6e-3 0 0.56 5e9 5e-6 0 0.01 0 1e-3 1 0 0 0 0 3 0 0 15 0.43 0.054 0.075 1 0.05 0 6e-3 1.1 3 0.054 0.054 0.075 0.43 0.054 0.075 5e-9 1 1 1 1 3e-9 0 2.3e9 0.5 0.8 0 5e-11 5e-11 1e-12 0.6 0.6 5e-11 1e-7 0.6 0 0 {-1} 1 0 1 15 1e-10 1e-10 0.1 0.1 0.1 0.1 1 1 10 10 1e-4 1e-4 1e-14 1e-14 1e-13 1e-14 0 0 0 0 0 0 20 20 20 0.02 0.02 0.02 0.02 0.02 0.02 10 10 10 10 10 10 0 0 0 5e-4 5e-4 0.5 0.5 0.33 0.33 1e-10 1e-10 5e-10 5e-10 0.33 0.33 0.8 0.8 0.8 0.8 0.8 0.8 25 {-1.5} {-0.11} 0 0.022 6.71e-3 {-3.35e-3} 4.1e-3 0 8.13e-3 0 1 1 3 3 0 0 0 0 0 0 0 0 1e-6 1e-6 0 0 0 0 0 1 1 1 1 0 0 0 0 0 0 0 1 0 1 0 0 0 0 0 1e-6 0.28e-6 0.22e-6 0 0 0 0 0 0 0 0
   389     678  *************************************************************
   391     679  ********************* dut testbench 6_0 *********************
   392     680  e_ds_6_0 d_6_0 0 v_sweep 0 1
   393     681  v_gs_6_0 g_6_0 0 0.2
   394     682  v_s_6_0 s_6_0 0 0
   395     683  v_bs_6_0 b_6_0 0 -1.0
   396     684  x_6_0 d_6_0 g_6_0 s_6_0 b_6_0 dut 5e-06 1e-05 1 1.0 0 0 0 1 1 1 1e-12 1e-6 1e-12 1e-6 1 1 1 0 0 2 0 0 0 0 0 0 1 0 1 2 1 0 0 0 0 1e-4 1 3.9 3e-9 2.8e-9 3e-9 1e-7 1.7e17 1e23 1e20 0 0.1 0 0 0 1 0 1 0 0 0 1 0 1 0 0 0 0 0 0 0 0 0 0 0 0 0 0 0 0 0 0 1 0.5 {-1} 0.5 {-0.0186} 0 0 1e-7 1.74e-7 0 {-3} 5e-7 0 2.2 0.53 {-0.032} 0 5.3 {-0.032} 0 0.05 1e-9 1e-18 {-4.65e-11} 0 0 1e-7 1.67 8e4 1 0 0 0 {-0.047} 0 1 200 0 100 0 100 0 0 0 1 {-0.08} 0 0 1 0.08 {-0.07} 0.56 0 2.4e-4 0 0 0.5 0.39 8.6e-3 0 0.56 5e9 5e-6 0 0.01 0 1e-3 1 0 0 0 0 3 0 0 15 0.43 0.054 0.075 1 0.05 0 6e-3 1.1 3 0.054 0.054 0.075 0.43 0.054 0.075 5e-9 1 1 1 1 3e-9 0 2.3e9 0.5 0.8 0 5e-11 5e-11 1e-12 0.6 0.6 5e-11 1e-7 0.6 0 0 {-1} 1 0 1 15 1e-10 1e-10 0.1 0.1 0.1 0.1 1 1 10 10 1e-4 1e-4 1e-14 1e-14 1e-13 1e-14 0 0 0 0 0 0 20 20 20 0.02 0.02 0.02 0.02 0.02 0.02 10 10 10 10 10 10 0 0 0 5e-4 5e-4 0.5 0.5 0.33 0.33 1e-10 1e-10 5e-10 5e-10 0.33 0.33 0.8 0.8 0.8 0.8 0.8 0.8 25 {-1.5} {-0.11} 0 0.022 6.71e-3 {-3.35e-3} 4.1e-3 0 8.13e-3 0 1 1 3 3 0 0 0 0 0 0 0 0 1e-6 1e-6 0 0 0 0 0 1 1 1 1 0 0 0 0 0 0 0 1 0 1 0 0 0 0 0 1e-6 0.28e-6 0.22e-6 0 0 0 0 0 0 0 0
   397     685  *************************************************************
   399     686  ********************* dut testbench 6_1 *********************
   400     687  e_ds_6_1 d_6_1 0 v_sweep 0 1
   401     688  v_gs_6_1 g_6_1 0 0.4
   402     689  v_s_6_1 s_6_1 0 0
   403     690  v_bs_6_1 b_6_1 0 -1.0
   404     691  x_6_1 d_6_1 g_6_1 s_6_1 b_6_1 dut 5e-06 1e-05 1 1.0 0 0 0 1 1 1 1e-12 1e-6 1e-12 1e-6 1 1 1 0 0 2 0 0 0 0 0 0 1 0 1 2 1 0 0 0 0 1e-4 1 3.9 3e-9 2.8e-9 3e-9 1e-7 1.7e17 1e23 1e20 0 0.1 0 0 0 1 0 1 0 0 0 1 0 1 0 0 0 0 0 0 0 0 0 0 0 0 0 0 0 0 0 0 1 0.5 {-1} 0.5 {-0.0186} 0 0 1e-7 1.74e-7 0 {-3} 5e-7 0 2.2 0.53 {-0.032} 0 5.3 {-0.032} 0 0.05 1e-9 1e-18 {-4.65e-11} 0 0 1e-7 1.67 8e4 1 0 0 0 {-0.047} 0 1 200 0 100 0 100 0 0 0 1 {-0.08} 0 0 1 0.08 {-0.07} 0.56 0 2.4e-4 0 0 0.5 0.39 8.6e-3 0 0.56 5e9 5e-6 0 0.01 0 1e-3 1 0 0 0 0 3 0 0 15 0.43 0.054 0.075 1 0.05 0 6e-3 1.1 3 0.054 0.054 0.075 0.43 0.054 0.075 5e-9 1 1 1 1 3e-9 0 2.3e9 0.5 0.8 0 5e-11 5e-11 1e-12 0.6 0.6 5e-11 1e-7 0.6 0 0 {-1} 1 0 1 15 1e-10 1e-10 0.1 0.1 0.1 0.1 1 1 10 10 1e-4 1e-4 1e-14 1e-14 1e-13 1e-14 0 0 0 0 0 0 20 20 20 0.02 0.02 0.02 0.02 0.02 0.02 10 10 10 10 10 10 0 0 0 5e-4 5e-4 0.5 0.5 0.33 0.33 1e-10 1e-10 5e-10 5e-10 0.33 0.33 0.8 0.8 0.8 0.8 0.8 0.8 25 {-1.5} {-0.11} 0 0.022 6.71e-3 {-3.35e-3} 4.1e-3 0 8.13e-3 0 1 1 3 3 0 0 0 0 0 0 0 0 1e-6 1e-6 0 0 0 0 0 1 1 1 1 0 0 0 0 0 0 0 1 0 1 0 0 0 0 0 1e-6 0.28e-6 0.22e-6 0 0 0 0 0 0 0 0
   405     692  *************************************************************
   407     693  ********************* dut testbench 6_2 *********************
   408     694  e_ds_6_2 d_6_2 0 v_sweep 0 1
   409     695  v_gs_6_2 g_6_2 0 0.6
   410     696  v_s_6_2 s_6_2 0 0
   411     697  v_bs_6_2 b_6_2 0 -1.0
   412     698  x_6_2 d_6_2 g_6_2 s_6_2 b_6_2 dut 5e-06 1e-05 1 1.0 0 0 0 1 1 1 1e-12 1e-6 1e-12 1e-6 1 1 1 0 0 2 0 0 0 0 0 0 1 0 1 2 1 0 0 0 0 1e-4 1 3.9 3e-9 2.8e-9 3e-9 1e-7 1.7e17 1e23 1e20 0 0.1 0 0 0 1 0 1 0 0 0 1 0 1 0 0 0 0 0 0 0 0 0 0 0 0 0 0 0 0 0 0 1 0.5 {-1} 0.5 {-0.0186} 0 0 1e-7 1.74e-7 0 {-3} 5e-7 0 2.2 0.53 {-0.032} 0 5.3 {-0.032} 0 0.05 1e-9 1e-18 {-4.65e-11} 0 0 1e-7 1.67 8e4 1 0 0 0 {-0.047} 0 1 200 0 100 0 100 0 0 0 1 {-0.08} 0 0 1 0.08 {-0.07} 0.56 0 2.4e-4 0 0 0.5 0.39 8.6e-3 0 0.56 5e9 5e-6 0 0.01 0 1e-3 1 0 0 0 0 3 0 0 15 0.43 0.054 0.075 1 0.05 0 6e-3 1.1 3 0.054 0.054 0.075 0.43 0.054 0.075 5e-9 1 1 1 1 3e-9 0 2.3e9 0.5 0.8 0 5e-11 5e-11 1e-12 0.6 0.6 5e-11 1e-7 0.6 0 0 {-1} 1 0 1 15 1e-10 1e-10 0.1 0.1 0.1 0.1 1 1 10 10 1e-4 1e-4 1e-14 1e-14 1e-13 1e-14 0 0 0 0 0 0 20 20 20 0.02 0.02 0.02 0.02 0.02 0.02 10 10 10 10 10 10 0 0 0 5e-4 5e-4 0.5 0.5 0.33 0.33 1e-10 1e-10 5e-10 5e-10 0.33 0.33 0.8 0.8 0.8 0.8 0.8 0.8 25 {-1.5} {-0.11} 0 0.022 6.71e-3 {-3.35e-3} 4.1e-3 0 8.13e-3 0 1 1 3 3 0 0 0 0 0 0 0 0 1e-6 1e-6 0 0 0 0 0 1 1 1 1 0 0 0 0 0 0 0 1 0 1 0 0 0 0 0 1e-6 0.28e-6 0.22e-6 0 0 0 0 0 0 0 0
   413     699  *************************************************************
   415     700  ********************* dut testbench 6_3 *********************
   416     701  e_ds_6_3 d_6_3 0 v_sweep 0 1
   417     702  v_gs_6_3 g_6_3 0 0.8
   418     703  v_s_6_3 s_6_3 0 0
   419     704  v_bs_6_3 b_6_3 0 -1.0
   420     705  x_6_3 d_6_3 g_6_3 s_6_3 b_6_3 dut 5e-06 1e-05 1 1.0 0 0 0 1 1 1 1e-12 1e-6 1e-12 1e-6 1 1 1 0 0 2 0 0 0 0 0 0 1 0 1 2 1 0 0 0 0 1e-4 1 3.9 3e-9 2.8e-9 3e-9 1e-7 1.7e17 1e23 1e20 0 0.1 0 0 0 1 0 1 0 0 0 1 0 1 0 0 0 0 0 0 0 0 0 0 0 0 0 0 0 0 0 0 1 0.5 {-1} 0.5 {-0.0186} 0 0 1e-7 1.74e-7 0 {-3} 5e-7 0 2.2 0.53 {-0.032} 0 5.3 {-0.032} 0 0.05 1e-9 1e-18 {-4.65e-11} 0 0 1e-7 1.67 8e4 1 0 0 0 {-0.047} 0 1 200 0 100 0 100 0 0 0 1 {-0.08} 0 0 1 0.08 {-0.07} 0.56 0 2.4e-4 0 0 0.5 0.39 8.6e-3 0 0.56 5e9 5e-6 0 0.01 0 1e-3 1 0 0 0 0 3 0 0 15 0.43 0.054 0.075 1 0.05 0 6e-3 1.1 3 0.054 0.054 0.075 0.43 0.054 0.075 5e-9 1 1 1 1 3e-9 0 2.3e9 0.5 0.8 0 5e-11 5e-11 1e-12 0.6 0.6 5e-11 1e-7 0.6 0 0 {-1} 1 0 1 15 1e-10 1e-10 0.1 0.1 0.1 0.1 1 1 10 10 1e-4 1e-4 1e-14 1e-14 1e-13 1e-14 0 0 0 0 0 0 20 20 20 0.02 0.02 0.02 0.02 0.02 0.02 10 10 10 10 10 10 0 0 0 5e-4 5e-4 0.5 0.5 0.33 0.33 1e-10 1e-10 5e-10 5e-10 0.33 0.33 0.8 0.8 0.8 0.8 0.8 0.8 25 {-1.5} {-0.11} 0 0.022 6.71e-3 {-3.35e-3} 4.1e-3 0 8.13e-3 0 1 1 3 3 0 0 0 0 0 0 0 0 1e-6 1e-6 0 0 0 0 0 1 1 1 1 0 0 0 0 0 0 0 1 0 1 0 0 0 0 0 1e-6 0.28e-6 0.22e-6 0 0 0 0 0 0 0 0
   421     706  *************************************************************
   423     707  ********************* dut testbench 6_4 *********************
   424     708  e_ds_6_4 d_6_4 0 v_sweep 0 1
   425     709  v_gs_6_4 g_6_4 0 1.0
   426     710  v_s_6_4 s_6_4 0 0
   427     711  v_bs_6_4 b_6_4 0 -1.0
   428     712  x_6_4 d_6_4 g_6_4 s_6_4 b_6_4 dut 5e-06 1e-05 1 1.0 0 0 0 1 1 1 1e-12 1e-6 1e-12 1e-6 1 1 1 0 0 2 0 0 0 0 0 0 1 0 1 2 1 0 0 0 0 1e-4 1 3.9 3e-9 2.8e-9 3e-9 1e-7 1.7e17 1e23 1e20 0 0.1 0 0 0 1 0 1 0 0 0 1 0 1 0 0 0 0 0 0 0 0 0 0 0 0 0 0 0 0 0 0 1 0.5 {-1} 0.5 {-0.0186} 0 0 1e-7 1.74e-7 0 {-3} 5e-7 0 2.2 0.53 {-0.032} 0 5.3 {-0.032} 0 0.05 1e-9 1e-18 {-4.65e-11} 0 0 1e-7 1.67 8e4 1 0 0 0 {-0.047} 0 1 200 0 100 0 100 0 0 0 1 {-0.08} 0 0 1 0.08 {-0.07} 0.56 0 2.4e-4 0 0 0.5 0.39 8.6e-3 0 0.56 5e9 5e-6 0 0.01 0 1e-3 1 0 0 0 0 3 0 0 15 0.43 0.054 0.075 1 0.05 0 6e-3 1.1 3 0.054 0.054 0.075 0.43 0.054 0.075 5e-9 1 1 1 1 3e-9 0 2.3e9 0.5 0.8 0 5e-11 5e-11 1e-12 0.6 0.6 5e-11 1e-7 0.6 0 0 {-1} 1 0 1 15 1e-10 1e-10 0.1 0.1 0.1 0.1 1 1 10 10 1e-4 1e-4 1e-14 1e-14 1e-13 1e-14 0 0 0 0 0 0 20 20 20 0.02 0.02 0.02 0.02 0.02 0.02 10 10 10 10 10 10 0 0 0 5e-4 5e-4 0.5 0.5 0.33 0.33 1e-10 1e-10 5e-10 5e-10 0.33 0.33 0.8 0.8 0.8 0.8 0.8 0.8 25 {-1.5} {-0.11} 0 0.022 6.71e-3 {-3.35e-3} 4.1e-3 0 8.13e-3 0 1 1 3 3 0 0 0 0 0 0 0 0 1e-6 1e-6 0 0 0 0 0 1 1 1 1 0 0 0 0 0 0 0 1 0 1 0 0 0 0 0 1e-6 0.28e-6 0.22e-6 0 0 0 0 0 0 0 0
   429     713  *************************************************************
   431     714  ********************* dut testbench 6_5 *********************
   432     715  e_ds_6_5 d_6_5 0 v_sweep 0 1
   433     716  v_gs_6_5 g_6_5 0 1.2
   434     717  v_s_6_5 s_6_5 0 0
   435     718  v_bs_6_5 b_6_5 0 -1.0
   436     719  x_6_5 d_6_5 g_6_5 s_6_5 b_6_5 dut 5e-06 1e-05 1 1.0 0 0 0 1 1 1 1e-12 1e-6 1e-12 1e-6 1 1 1 0 0 2 0 0 0 0 0 0 1 0 1 2 1 0 0 0 0 1e-4 1 3.9 3e-9 2.8e-9 3e-9 1e-7 1.7e17 1e23 1e20 0 0.1 0 0 0 1 0 1 0 0 0 1 0 1 0 0 0 0 0 0 0 0 0 0 0 0 0 0 0 0 0 0 1 0.5 {-1} 0.5 {-0.0186} 0 0 1e-7 1.74e-7 0 {-3} 5e-7 0 2.2 0.53 {-0.032} 0 5.3 {-0.032} 0 0.05 1e-9 1e-18 {-4.65e-11} 0 0 1e-7 1.67 8e4 1 0 0 0 {-0.047} 0 1 200 0 100 0 100 0 0 0 1 {-0.08} 0 0 1 0.08 {-0.07} 0.56 0 2.4e-4 0 0 0.5 0.39 8.6e-3 0 0.56 5e9 5e-6 0 0.01 0 1e-3 1 0 0 0 0 3 0 0 15 0.43 0.054 0.075 1 0.05 0 6e-3 1.1 3 0.054 0.054 0.075 0.43 0.054 0.075 5e-9 1 1 1 1 3e-9 0 2.3e9 0.5 0.8 0 5e-11 5e-11 1e-12 0.6 0.6 5e-11 1e-7 0.6 0 0 {-1} 1 0 1 15 1e-10 1e-10 0.1 0.1 0.1 0.1 1 1 10 10 1e-4 1e-4 1e-14 1e-14 1e-13 1e-14 0 0 0 0 0 0 20 20 20 0.02 0.02 0.02 0.02 0.02 0.02 10 10 10 10 10 10 0 0 0 5e-4 5e-4 0.5 0.5 0.33 0.33 1e-10 1e-10 5e-10 5e-10 0.33 0.33 0.8 0.8 0.8 0.8 0.8 0.8 25 {-1.5} {-0.11} 0 0.022 6.71e-3 {-3.35e-3} 4.1e-3 0 8.13e-3 0 1 1 3 3 0 0 0 0 0 0 0 0 1e-6 1e-6 0 0 0 0 0 1 1 1 1 0 0 0 0 0 0 0 1 0 1 0 0 0 0 0 1e-6 0.28e-6 0.22e-6 0 0 0 0 0 0 0 0
   437     720  *************************************************************
   439     721  ********************* dut testbench 6_6 *********************
   440     722  e_ds_6_6 d_6_6 0 v_sweep 0 1
   441     723  v_gs_6_6 g_6_6 0 1.4
   442     724  v_s_6_6 s_6_6 0 0
   443     725  v_bs_6_6 b_6_6 0 -1.0
   444     726  x_6_6 d_6_6 g_6_6 s_6_6 b_6_6 dut 5e-06 1e-05 1 1.0 0 0 0 1 1 1 1e-12 1e-6 1e-12 1e-6 1 1 1 0 0 2 0 0 0 0 0 0 1 0 1 2 1 0 0 0 0 1e-4 1 3.9 3e-9 2.8e-9 3e-9 1e-7 1.7e17 1e23 1e20 0 0.1 0 0 0 1 0 1 0 0 0 1 0 1 0 0 0 0 0 0 0 0 0 0 0 0 0 0 0 0 0 0 1 0.5 {-1} 0.5 {-0.0186} 0 0 1e-7 1.74e-7 0 {-3} 5e-7 0 2.2 0.53 {-0.032} 0 5.3 {-0.032} 0 0.05 1e-9 1e-18 {-4.65e-11} 0 0 1e-7 1.67 8e4 1 0 0 0 {-0.047} 0 1 200 0 100 0 100 0 0 0 1 {-0.08} 0 0 1 0.08 {-0.07} 0.56 0 2.4e-4 0 0 0.5 0.39 8.6e-3 0 0.56 5e9 5e-6 0 0.01 0 1e-3 1 0 0 0 0 3 0 0 15 0.43 0.054 0.075 1 0.05 0 6e-3 1.1 3 0.054 0.054 0.075 0.43 0.054 0.075 5e-9 1 1 1 1 3e-9 0 2.3e9 0.5 0.8 0 5e-11 5e-11 1e-12 0.6 0.6 5e-11 1e-7 0.6 0 0 {-1} 1 0 1 15 1e-10 1e-10 0.1 0.1 0.1 0.1 1 1 10 10 1e-4 1e-4 1e-14 1e-14 1e-13 1e-14 0 0 0 0 0 0 20 20 20 0.02 0.02 0.02 0.02 0.02 0.02 10 10 10 10 10 10 0 0 0 5e-4 5e-4 0.5 0.5 0.33 0.33 1e-10 1e-10 5e-10 5e-10 0.33 0.33 0.8 0.8 0.8 0.8 0.8 0.8 25 {-1.5} {-0.11} 0 0.022 6.71e-3 {-3.35e-3} 4.1e-3 0 8.13e-3 0 1 1 3 3 0 0 0 0 0 0 0 0 1e-6 1e-6 0 0 0 0 0 1 1 1 1 0 0 0 0 0 0 0 1 0 1 0 0 0 0 0 1e-6 0.28e-6 0.22e-6 0 0 0 0 0 0 0 0
   445     727  *************************************************************
   447     728  ********************* dut testbench 6_7 *********************
   448     729  e_ds_6_7 d_6_7 0 v_sweep 0 1
   449     730  v_gs_6_7 g_6_7 0 1.6
   450     731  v_s_6_7 s_6_7 0 0
   451     732  v_bs_6_7 b_6_7 0 -1.0
   452     733  x_6_7 d_6_7 g_6_7 s_6_7 b_6_7 dut 5e-06 1e-05 1 1.0 0 0 0 1 1 1 1e-12 1e-6 1e-12 1e-6 1 1 1 0 0 2 0 0 0 0 0 0 1 0 1 2 1 0 0 0 0 1e-4 1 3.9 3e-9 2.8e-9 3e-9 1e-7 1.7e17 1e23 1e20 0 0.1 0 0 0 1 0 1 0 0 0 1 0 1 0 0 0 0 0 0 0 0 0 0 0 0 0 0 0 0 0 0 1 0.5 {-1} 0.5 {-0.0186} 0 0 1e-7 1.74e-7 0 {-3} 5e-7 0 2.2 0.53 {-0.032} 0 5.3 {-0.032} 0 0.05 1e-9 1e-18 {-4.65e-11} 0 0 1e-7 1.67 8e4 1 0 0 0 {-0.047} 0 1 200 0 100 0 100 0 0 0 1 {-0.08} 0 0 1 0.08 {-0.07} 0.56 0 2.4e-4 0 0 0.5 0.39 8.6e-3 0 0.56 5e9 5e-6 0 0.01 0 1e-3 1 0 0 0 0 3 0 0 15 0.43 0.054 0.075 1 0.05 0 6e-3 1.1 3 0.054 0.054 0.075 0.43 0.054 0.075 5e-9 1 1 1 1 3e-9 0 2.3e9 0.5 0.8 0 5e-11 5e-11 1e-12 0.6 0.6 5e-11 1e-7 0.6 0 0 {-1} 1 0 1 15 1e-10 1e-10 0.1 0.1 0.1 0.1 1 1 10 10 1e-4 1e-4 1e-14 1e-14 1e-13 1e-14 0 0 0 0 0 0 20 20 20 0.02 0.02 0.02 0.02 0.02 0.02 10 10 10 10 10 10 0 0 0 5e-4 5e-4 0.5 0.5 0.33 0.33 1e-10 1e-10 5e-10 5e-10 0.33 0.33 0.8 0.8 0.8 0.8 0.8 0.8 25 {-1.5} {-0.11} 0 0.022 6.71e-3 {-3.35e-3} 4.1e-3 0 8.13e-3 0 1 1 3 3 0 0 0 0 0 0 0 0 1e-6 1e-6 0 0 0 0 0 1 1 1 1 0 0 0 0 0 0 0 1 0 1 0 0 0 0 0 1e-6 0.28e-6 0.22e-6 0 0 0 0 0 0 0 0
   453     734  *************************************************************
   455     735  ********************* dut testbench 7_0 *********************
   456     736  e_ds_7_0 d_7_0 0 v_sweep 0 1
   457     737  v_gs_7_0 g_7_0 0 0.2
   458     738  v_s_7_0 s_7_0 0 0
   459     739  v_bs_7_0 b_7_0 0 0.0
   460     740  x_7_0 d_7_0 g_7_0 s_7_0 b_7_0 dut 5e-06 1e-05 1 1.0 0 0 0 1 1 1 1e-12 1e-6 1e-12 1e-6 1 1 1 0 0 2 0 0 0 0 0 0 1 0 1 2 1 0 0 0 0 1e-4 1 3.9 3e-9 2.8e-9 3e-9 1e-7 1.7e17 1e23 1e20 0 0.1 0 0 0 1 0 1 0 0 0 1 0 1 0 0 0 0 0 0 0 0 0 0 0 0 0 0 0 0 0 0 1 0.5 {-1} 0.5 {-0.0186} 0 0 1e-7 1.74e-7 0 {-3} 5e-7 0 2.2 0.53 {-0.032} 0 5.3 {-0.032} 0 0.05 1e-9 1e-18 {-4.65e-11} 0 0 1e-7 1.67 8e4 1 0 0 0 {-0.047} 0 1 200 0 100 0 100 0 0 0 1 {-0.08} 0 0 1 0.08 {-0.07} 0.56 0 2.4e-4 0 0 0.5 0.39 8.6e-3 0 0.56 5e9 5e-6 0 0.01 0 1e-3 1 0 0 0 0 3 0 0 15 0.43 0.054 0.075 1 0.05 0 6e-3 1.1 3 0.054 0.054 0.075 0.43 0.054 0.075 5e-9 1 1 1 1 3e-9 0 2.3e9 0.5 0.8 0 5e-11 5e-11 1e-12 0.6 0.6 5e-11 1e-7 0.6 0 0 {-1} 1 0 1 15 1e-10 1e-10 0.1 0.1 0.1 0.1 1 1 10 10 1e-4 1e-4 1e-14 1e-14 1e-13 1e-14 0 0 0 0 0 0 20 20 20 0.02 0.02 0.02 0.02 0.02 0.02 10 10 10 10 10 10 0 0 0 5e-4 5e-4 0.5 0.5 0.33 0.33 1e-10 1e-10 5e-10 5e-10 0.33 0.33 0.8 0.8 0.8 0.8 0.8 0.8 25 {-1.5} {-0.11} 0 0.022 6.71e-3 {-3.35e-3} 4.1e-3 0 8.13e-3 0 1 1 3 3 0 0 0 0 0 0 0 0 1e-6 1e-6 0 0 0 0 0 1 1 1 1 0 0 0 0 0 0 0 1 0 1 0 0 0 0 0 1e-6 0.28e-6 0.22e-6 0 0 0 0 0 0 0 0
   461     741  *************************************************************
   463     742  ********************* dut testbench 7_1 *********************
   464     743  e_ds_7_1 d_7_1 0 v_sweep 0 1
   465     744  v_gs_7_1 g_7_1 0 0.4
   466     745  v_s_7_1 s_7_1 0 0
   467     746  v_bs_7_1 b_7_1 0 0.0
   468     747  x_7_1 d_7_1 g_7_1 s_7_1 b_7_1 dut 5e-06 1e-05 1 1.0 0 0 0 1 1 1 1e-12 1e-6 1e-12 1e-6 1 1 1 0 0 2 0 0 0 0 0 0 1 0 1 2 1 0 0 0 0 1e-4 1 3.9 3e-9 2.8e-9 3e-9 1e-7 1.7e17 1e23 1e20 0 0.1 0 0 0 1 0 1 0 0 0 1 0 1 0 0 0 0 0 0 0 0 0 0 0 0 0 0 0 0 0 0 1 0.5 {-1} 0.5 {-0.0186} 0 0 1e-7 1.74e-7 0 {-3} 5e-7 0 2.2 0.53 {-0.032} 0 5.3 {-0.032} 0 0.05 1e-9 1e-18 {-4.65e-11} 0 0 1e-7 1.67 8e4 1 0 0 0 {-0.047} 0 1 200 0 100 0 100 0 0 0 1 {-0.08} 0 0 1 0.08 {-0.07} 0.56 0 2.4e-4 0 0 0.5 0.39 8.6e-3 0 0.56 5e9 5e-6 0 0.01 0 1e-3 1 0 0 0 0 3 0 0 15 0.43 0.054 0.075 1 0.05 0 6e-3 1.1 3 0.054 0.054 0.075 0.43 0.054 0.075 5e-9 1 1 1 1 3e-9 0 2.3e9 0.5 0.8 0 5e-11 5e-11 1e-12 0.6 0.6 5e-11 1e-7 0.6 0 0 {-1} 1 0 1 15 1e-10 1e-10 0.1 0.1 0.1 0.1 1 1 10 10 1e-4 1e-4 1e-14 1e-14 1e-13 1e-14 0 0 0 0 0 0 20 20 20 0.02 0.02 0.02 0.02 0.02 0.02 10 10 10 10 10 10 0 0 0 5e-4 5e-4 0.5 0.5 0.33 0.33 1e-10 1e-10 5e-10 5e-10 0.33 0.33 0.8 0.8 0.8 0.8 0.8 0.8 25 {-1.5} {-0.11} 0 0.022 6.71e-3 {-3.35e-3} 4.1e-3 0 8.13e-3 0 1 1 3 3 0 0 0 0 0 0 0 0 1e-6 1e-6 0 0 0 0 0 1 1 1 1 0 0 0 0 0 0 0 1 0 1 0 0 0 0 0 1e-6 0.28e-6 0.22e-6 0 0 0 0 0 0 0 0
   469     748  *************************************************************
   471     749  ********************* dut testbench 7_2 *********************
   472     750  e_ds_7_2 d_7_2 0 v_sweep 0 1
   473     751  v_gs_7_2 g_7_2 0 0.6
   474     752  v_s_7_2 s_7_2 0 0
   475     753  v_bs_7_2 b_7_2 0 0.0
   476     754  x_7_2 d_7_2 g_7_2 s_7_2 b_7_2 dut 5e-06 1e-05 1 1.0 0 0 0 1 1 1 1e-12 1e-6 1e-12 1e-6 1 1 1 0 0 2 0 0 0 0 0 0 1 0 1 2 1 0 0 0 0 1e-4 1 3.9 3e-9 2.8e-9 3e-9 1e-7 1.7e17 1e23 1e20 0 0.1 0 0 0 1 0 1 0 0 0 1 0 1 0 0 0 0 0 0 0 0 0 0 0 0 0 0 0 0 0 0 1 0.5 {-1} 0.5 {-0.0186} 0 0 1e-7 1.74e-7 0 {-3} 5e-7 0 2.2 0.53 {-0.032} 0 5.3 {-0.032} 0 0.05 1e-9 1e-18 {-4.65e-11} 0 0 1e-7 1.67 8e4 1 0 0 0 {-0.047} 0 1 200 0 100 0 100 0 0 0 1 {-0.08} 0 0 1 0.08 {-0.07} 0.56 0 2.4e-4 0 0 0.5 0.39 8.6e-3 0 0.56 5e9 5e-6 0 0.01 0 1e-3 1 0 0 0 0 3 0 0 15 0.43 0.054 0.075 1 0.05 0 6e-3 1.1 3 0.054 0.054 0.075 0.43 0.054 0.075 5e-9 1 1 1 1 3e-9 0 2.3e9 0.5 0.8 0 5e-11 5e-11 1e-12 0.6 0.6 5e-11 1e-7 0.6 0 0 {-1} 1 0 1 15 1e-10 1e-10 0.1 0.1 0.1 0.1 1 1 10 10 1e-4 1e-4 1e-14 1e-14 1e-13 1e-14 0 0 0 0 0 0 20 20 20 0.02 0.02 0.02 0.02 0.02 0.02 10 10 10 10 10 10 0 0 0 5e-4 5e-4 0.5 0.5 0.33 0.33 1e-10 1e-10 5e-10 5e-10 0.33 0.33 0.8 0.8 0.8 0.8 0.8 0.8 25 {-1.5} {-0.11} 0 0.022 6.71e-3 {-3.35e-3} 4.1e-3 0 8.13e-3 0 1 1 3 3 0 0 0 0 0 0 0 0 1e-6 1e-6 0 0 0 0 0 1 1 1 1 0 0 0 0 0 0 0 1 0 1 0 0 0 0 0 1e-6 0.28e-6 0.22e-6 0 0 0 0 0 0 0 0
   477     755  *************************************************************
   479     756  ********************* dut testbench 7_3 *********************
   480     757  e_ds_7_3 d_7_3 0 v_sweep 0 1
   481     758  v_gs_7_3 g_7_3 0 0.8
   482     759  v_s_7_3 s_7_3 0 0
   483     760  v_bs_7_3 b_7_3 0 0.0
   484     761  x_7_3 d_7_3 g_7_3 s_7_3 b_7_3 dut 5e-06 1e-05 1 1.0 0 0 0 1 1 1 1e-12 1e-6 1e-12 1e-6 1 1 1 0 0 2 0 0 0 0 0 0 1 0 1 2 1 0 0 0 0 1e-4 1 3.9 3e-9 2.8e-9 3e-9 1e-7 1.7e17 1e23 1e20 0 0.1 0 0 0 1 0 1 0 0 0 1 0 1 0 0 0 0 0 0 0 0 0 0 0 0 0 0 0 0 0 0 1 0.5 {-1} 0.5 {-0.0186} 0 0 1e-7 1.74e-7 0 {-3} 5e-7 0 2.2 0.53 {-0.032} 0 5.3 {-0.032} 0 0.05 1e-9 1e-18 {-4.65e-11} 0 0 1e-7 1.67 8e4 1 0 0 0 {-0.047} 0 1 200 0 100 0 100 0 0 0 1 {-0.08} 0 0 1 0.08 {-0.07} 0.56 0 2.4e-4 0 0 0.5 0.39 8.6e-3 0 0.56 5e9 5e-6 0 0.01 0 1e-3 1 0 0 0 0 3 0 0 15 0.43 0.054 0.075 1 0.05 0 6e-3 1.1 3 0.054 0.054 0.075 0.43 0.054 0.075 5e-9 1 1 1 1 3e-9 0 2.3e9 0.5 0.8 0 5e-11 5e-11 1e-12 0.6 0.6 5e-11 1e-7 0.6 0 0 {-1} 1 0 1 15 1e-10 1e-10 0.1 0.1 0.1 0.1 1 1 10 10 1e-4 1e-4 1e-14 1e-14 1e-13 1e-14 0 0 0 0 0 0 20 20 20 0.02 0.02 0.02 0.02 0.02 0.02 10 10 10 10 10 10 0 0 0 5e-4 5e-4 0.5 0.5 0.33 0.33 1e-10 1e-10 5e-10 5e-10 0.33 0.33 0.8 0.8 0.8 0.8 0.8 0.8 25 {-1.5} {-0.11} 0 0.022 6.71e-3 {-3.35e-3} 4.1e-3 0 8.13e-3 0 1 1 3 3 0 0 0 0 0 0 0 0 1e-6 1e-6 0 0 0 0 0 1 1 1 1 0 0 0 0 0 0 0 1 0 1 0 0 0 0 0 1e-6 0.28e-6 0.22e-6 0 0 0 0 0 0 0 0
   485     762  *************************************************************
   487     763  ********************* dut testbench 7_4 *********************
   488     764  e_ds_7_4 d_7_4 0 v_sweep 0 1
   489     765  v_gs_7_4 g_7_4 0 1.0
   490     766  v_s_7_4 s_7_4 0 0
   491     767  v_bs_7_4 b_7_4 0 0.0
   492     768  x_7_4 d_7_4 g_7_4 s_7_4 b_7_4 dut 5e-06 1e-05 1 1.0 0 0 0 1 1 1 1e-12 1e-6 1e-12 1e-6 1 1 1 0 0 2 0 0 0 0 0 0 1 0 1 2 1 0 0 0 0 1e-4 1 3.9 3e-9 2.8e-9 3e-9 1e-7 1.7e17 1e23 1e20 0 0.1 0 0 0 1 0 1 0 0 0 1 0 1 0 0 0 0 0 0 0 0 0 0 0 0 0 0 0 0 0 0 1 0.5 {-1} 0.5 {-0.0186} 0 0 1e-7 1.74e-7 0 {-3} 5e-7 0 2.2 0.53 {-0.032} 0 5.3 {-0.032} 0 0.05 1e-9 1e-18 {-4.65e-11} 0 0 1e-7 1.67 8e4 1 0 0 0 {-0.047} 0 1 200 0 100 0 100 0 0 0 1 {-0.08} 0 0 1 0.08 {-0.07} 0.56 0 2.4e-4 0 0 0.5 0.39 8.6e-3 0 0.56 5e9 5e-6 0 0.01 0 1e-3 1 0 0 0 0 3 0 0 15 0.43 0.054 0.075 1 0.05 0 6e-3 1.1 3 0.054 0.054 0.075 0.43 0.054 0.075 5e-9 1 1 1 1 3e-9 0 2.3e9 0.5 0.8 0 5e-11 5e-11 1e-12 0.6 0.6 5e-11 1e-7 0.6 0 0 {-1} 1 0 1 15 1e-10 1e-10 0.1 0.1 0.1 0.1 1 1 10 10 1e-4 1e-4 1e-14 1e-14 1e-13 1e-14 0 0 0 0 0 0 20 20 20 0.02 0.02 0.02 0.02 0.02 0.02 10 10 10 10 10 10 0 0 0 5e-4 5e-4 0.5 0.5 0.33 0.33 1e-10 1e-10 5e-10 5e-10 0.33 0.33 0.8 0.8 0.8 0.8 0.8 0.8 25 {-1.5} {-0.11} 0 0.022 6.71e-3 {-3.35e-3} 4.1e-3 0 8.13e-3 0 1 1 3 3 0 0 0 0 0 0 0 0 1e-6 1e-6 0 0 0 0 0 1 1 1 1 0 0 0 0 0 0 0 1 0 1 0 0 0 0 0 1e-6 0.28e-6 0.22e-6 0 0 0 0 0 0 0 0
   493     769  *************************************************************
   495     770  ********************* dut testbench 7_5 *********************
   496     771  e_ds_7_5 d_7_5 0 v_sweep 0 1
   497     772  v_gs_7_5 g_7_5 0 1.2
   498     773  v_s_7_5 s_7_5 0 0
   499     774  v_bs_7_5 b_7_5 0 0.0
   500     775  x_7_5 d_7_5 g_7_5 s_7_5 b_7_5 dut 5e-06 1e-05 1 1.0 0 0 0 1 1 1 1e-12 1e-6 1e-12 1e-6 1 1 1 0 0 2 0 0 0 0 0 0 1 0 1 2 1 0 0 0 0 1e-4 1 3.9 3e-9 2.8e-9 3e-9 1e-7 1.7e17 1e23 1e20 0 0.1 0 0 0 1 0 1 0 0 0 1 0 1 0 0 0 0 0 0 0 0 0 0 0 0 0 0 0 0 0 0 1 0.5 {-1} 0.5 {-0.0186} 0 0 1e-7 1.74e-7 0 {-3} 5e-7 0 2.2 0.53 {-0.032} 0 5.3 {-0.032} 0 0.05 1e-9 1e-18 {-4.65e-11} 0 0 1e-7 1.67 8e4 1 0 0 0 {-0.047} 0 1 200 0 100 0 100 0 0 0 1 {-0.08} 0 0 1 0.08 {-0.07} 0.56 0 2.4e-4 0 0 0.5 0.39 8.6e-3 0 0.56 5e9 5e-6 0 0.01 0 1e-3 1 0 0 0 0 3 0 0 15 0.43 0.054 0.075 1 0.05 0 6e-3 1.1 3 0.054 0.054 0.075 0.43 0.054 0.075 5e-9 1 1 1 1 3e-9 0 2.3e9 0.5 0.8 0 5e-11 5e-11 1e-12 0.6 0.6 5e-11 1e-7 0.6 0 0 {-1} 1 0 1 15 1e-10 1e-10 0.1 0.1 0.1 0.1 1 1 10 10 1e-4 1e-4 1e-14 1e-14 1e-13 1e-14 0 0 0 0 0 0 20 20 20 0.02 0.02 0.02 0.02 0.02 0.02 10 10 10 10 10 10 0 0 0 5e-4 5e-4 0.5 0.5 0.33 0.33 1e-10 1e-10 5e-10 5e-10 0.33 0.33 0.8 0.8 0.8 0.8 0.8 0.8 25 {-1.5} {-0.11} 0 0.022 6.71e-3 {-3.35e-3} 4.1e-3 0 8.13e-3 0 1 1 3 3 0 0 0 0 0 0 0 0 1e-6 1e-6 0 0 0 0 0 1 1 1 1 0 0 0 0 0 0 0 1 0 1 0 0 0 0 0 1e-6 0.28e-6 0.22e-6 0 0 0 0 0 0 0 0
   501     776  *************************************************************
   503     777  ********************* dut testbench 7_6 *********************
   504     778  e_ds_7_6 d_7_6 0 v_sweep 0 1
   505     779  v_gs_7_6 g_7_6 0 1.4
   506     780  v_s_7_6 s_7_6 0 0
   507     781  v_bs_7_6 b_7_6 0 0.0
   508     782  x_7_6 d_7_6 g_7_6 s_7_6 b_7_6 dut 5e-06 1e-05 1 1.0 0 0 0 1 1 1 1e-12 1e-6 1e-12 1e-6 1 1 1 0 0 2 0 0 0 0 0 0 1 0 1 2 1 0 0 0 0 1e-4 1 3.9 3e-9 2.8e-9 3e-9 1e-7 1.7e17 1e23 1e20 0 0.1 0 0 0 1 0 1 0 0 0 1 0 1 0 0 0 0 0 0 0 0 0 0 0 0 0 0 0 0 0 0 1 0.5 {-1} 0.5 {-0.0186} 0 0 1e-7 1.74e-7 0 {-3} 5e-7 0 2.2 0.53 {-0.032} 0 5.3 {-0.032} 0 0.05 1e-9 1e-18 {-4.65e-11} 0 0 1e-7 1.67 8e4 1 0 0 0 {-0.047} 0 1 200 0 100 0 100 0 0 0 1 {-0.08} 0 0 1 0.08 {-0.07} 0.56 0 2.4e-4 0 0 0.5 0.39 8.6e-3 0 0.56 5e9 5e-6 0 0.01 0 1e-3 1 0 0 0 0 3 0 0 15 0.43 0.054 0.075 1 0.05 0 6e-3 1.1 3 0.054 0.054 0.075 0.43 0.054 0.075 5e-9 1 1 1 1 3e-9 0 2.3e9 0.5 0.8 0 5e-11 5e-11 1e-12 0.6 0.6 5e-11 1e-7 0.6 0 0 {-1} 1 0 1 15 1e-10 1e-10 0.1 0.1 0.1 0.1 1 1 10 10 1e-4 1e-4 1e-14 1e-14 1e-13 1e-14 0 0 0 0 0 0 20 20 20 0.02 0.02 0.02 0.02 0.02 0.02 10 10 10 10 10 10 0 0 0 5e-4 5e-4 0.5 0.5 0.33 0.33 1e-10 1e-10 5e-10 5e-10 0.33 0.33 0.8 0.8 0.8 0.8 0.8 0.8 25 {-1.5} {-0.11} 0 0.022 6.71e-3 {-3.35e-3} 4.1e-3 0 8.13e-3 0 1 1 3 3 0 0 0 0 0 0 0 0 1e-6 1e-6 0 0 0 0 0 1 1 1 1 0 0 0 0 0 0 0 1 0 1 0 0 0 0 0 1e-6 0.28e-6 0.22e-6 0 0 0 0 0 0 0 0
   509     783  *************************************************************
   511     784  ********************* dut testbench 7_7 *********************
   512     785  e_ds_7_7 d_7_7 0 v_sweep 0 1
   513     786  v_gs_7_7 g_7_7 0 1.6
   514     787  v_s_7_7 s_7_7 0 0
   515     788  v_bs_7_7 b_7_7 0 0.0
   516     789  x_7_7 d_7_7 g_7_7 s_7_7 b_7_7 dut 5e-06 1e-05 1 1.0 0 0 0 1 1 1 1e-12 1e-6 1e-12 1e-6 1 1 1 0 0 2 0 0 0 0 0 0 1 0 1 2 1 0 0 0 0 1e-4 1 3.9 3e-9 2.8e-9 3e-9 1e-7 1.7e17 1e23 1e20 0 0.1 0 0 0 1 0 1 0 0 0 1 0 1 0 0 0 0 0 0 0 0 0 0 0 0 0 0 0 0 0 0 1 0.5 {-1} 0.5 {-0.0186} 0 0 1e-7 1.74e-7 0 {-3} 5e-7 0 2.2 0.53 {-0.032} 0 5.3 {-0.032} 0 0.05 1e-9 1e-18 {-4.65e-11} 0 0 1e-7 1.67 8e4 1 0 0 0 {-0.047} 0 1 200 0 100 0 100 0 0 0 1 {-0.08} 0 0 1 0.08 {-0.07} 0.56 0 2.4e-4 0 0 0.5 0.39 8.6e-3 0 0.56 5e9 5e-6 0 0.01 0 1e-3 1 0 0 0 0 3 0 0 15 0.43 0.054 0.075 1 0.05 0 6e-3 1.1 3 0.054 0.054 0.075 0.43 0.054 0.075 5e-9 1 1 1 1 3e-9 0 2.3e9 0.5 0.8 0 5e-11 5e-11 1e-12 0.6 0.6 5e-11 1e-7 0.6 0 0 {-1} 1 0 1 15 1e-10 1e-10 0.1 0.1 0.1 0.1 1 1 10 10 1e-4 1e-4 1e-14 1e-14 1e-13 1e-14 0 0 0 0 0 0 20 20 20 0.02 0.02 0.02 0.02 0.02 0.02 10 10 10 10 10 10 0 0 0 5e-4 5e-4 0.5 0.5 0.33 0.33 1e-10 1e-10 5e-10 5e-10 0.33 0.33 0.8 0.8 0.8 0.8 0.8 0.8 25 {-1.5} {-0.11} 0 0.022 6.71e-3 {-3.35e-3} 4.1e-3 0 8.13e-3 0 1 1 3 3 0 0 0 0 0 0 0 0 1e-6 1e-6 0 0 0 0 0 1 1 1 1 0 0 0 0 0 0 0 1 0 1 0 0 0 0 0 1e-6 0.28e-6 0.22e-6 0 0 0 0 0 0 0 0
   517     790  *************************************************************
   519     791  ********************* dut testbench 8_0 *********************
   520     792  e_ds_8_0 d_8_0 0 v_sweep 0 1
   521     793  v_gs_8_0 g_8_0 0 0.2
   522     794  v_s_8_0 s_8_0 0 0
   523     795  v_bs_8_0 b_8_0 0 -1.0
   524     796  x_8_0 d_8_0 g_8_0 s_8_0 b_8_0 dut 1e-05 5e-06 1 1.0 0 0 0 1 1 1 1e-12 1e-6 1e-12 1e-6 1 1 1 0 0 2 0 0 0 0 0 0 1 0 1 2 1 0 0 0 0 1e-4 1 3.9 3e-9 2.8e-9 3e-9 1e-7 1.7e17 1e23 1e20 0 0.1 0 0 0 1 0 1 0 0 0 1 0 1 0 0 0 0 0 0 0 0 0 0 0 0 0 0 0 0 0 0 1 0.5 {-1} 0.5 {-0.0186} 0 0 1e-7 1.74e-7 0 {-3} 5e-7 0 2.2 0.53 {-0.032} 0 5.3 {-0.032} 0 0.05 1e-9 1e-18 {-4.65e-11} 0 0 1e-7 1.67 8e4 1 0 0 0 {-0.047} 0 1 200 0 100 0 100 0 0 0 1 {-0.08} 0 0 1 0.08 {-0.07} 0.56 0 2.4e-4 0 0 0.5 0.39 8.6e-3 0 0.56 5e9 5e-6 0 0.01 0 1e-3 1 0 0 0 0 3 0 0 15 0.43 0.054 0.075 1 0.05 0 6e-3 1.1 3 0.054 0.054 0.075 0.43 0.054 0.075 5e-9 1 1 1 1 3e-9 0 2.3e9 0.5 0.8 0 5e-11 5e-11 1e-12 0.6 0.6 5e-11 1e-7 0.6 0 0 {-1} 1 0 1 15 1e-10 1e-10 0.1 0.1 0.1 0.1 1 1 10 10 1e-4 1e-4 1e-14 1e-14 1e-13 1e-14 0 0 0 0 0 0 20 20 20 0.02 0.02 0.02 0.02 0.02 0.02 10 10 10 10 10 10 0 0 0 5e-4 5e-4 0.5 0.5 0.33 0.33 1e-10 1e-10 5e-10 5e-10 0.33 0.33 0.8 0.8 0.8 0.8 0.8 0.8 25 {-1.5} {-0.11} 0 0.022 6.71e-3 {-3.35e-3} 4.1e-3 0 8.13e-3 0 1 1 3 3 0 0 0 0 0 0 0 0 1e-6 1e-6 0 0 0 0 0 1 1 1 1 0 0 0 0 0 0 0 1 0 1 0 0 0 0 0 1e-6 0.28e-6 0.22e-6 0 0 0 0 0 0 0 0
   525     797  *************************************************************
   527     798  ********************* dut testbench 8_1 *********************
   528     799  e_ds_8_1 d_8_1 0 v_sweep 0 1
   529     800  v_gs_8_1 g_8_1 0 0.4
   530     801  v_s_8_1 s_8_1 0 0
   531     802  v_bs_8_1 b_8_1 0 -1.0
   532     803  x_8_1 d_8_1 g_8_1 s_8_1 b_8_1 dut 1e-05 5e-06 1 1.0 0 0 0 1 1 1 1e-12 1e-6 1e-12 1e-6 1 1 1 0 0 2 0 0 0 0 0 0 1 0 1 2 1 0 0 0 0 1e-4 1 3.9 3e-9 2.8e-9 3e-9 1e-7 1.7e17 1e23 1e20 0 0.1 0 0 0 1 0 1 0 0 0 1 0 1 0 0 0 0 0 0 0 0 0 0 0 0 0 0 0 0 0 0 1 0.5 {-1} 0.5 {-0.0186} 0 0 1e-7 1.74e-7 0 {-3} 5e-7 0 2.2 0.53 {-0.032} 0 5.3 {-0.032} 0 0.05 1e-9 1e-18 {-4.65e-11} 0 0 1e-7 1.67 8e4 1 0 0 0 {-0.047} 0 1 200 0 100 0 100 0 0 0 1 {-0.08} 0 0 1 0.08 {-0.07} 0.56 0 2.4e-4 0 0 0.5 0.39 8.6e-3 0 0.56 5e9 5e-6 0 0.01 0 1e-3 1 0 0 0 0 3 0 0 15 0.43 0.054 0.075 1 0.05 0 6e-3 1.1 3 0.054 0.054 0.075 0.43 0.054 0.075 5e-9 1 1 1 1 3e-9 0 2.3e9 0.5 0.8 0 5e-11 5e-11 1e-12 0.6 0.6 5e-11 1e-7 0.6 0 0 {-1} 1 0 1 15 1e-10 1e-10 0.1 0.1 0.1 0.1 1 1 10 10 1e-4 1e-4 1e-14 1e-14 1e-13 1e-14 0 0 0 0 0 0 20 20 20 0.02 0.02 0.02 0.02 0.02 0.02 10 10 10 10 10 10 0 0 0 5e-4 5e-4 0.5 0.5 0.33 0.33 1e-10 1e-10 5e-10 5e-10 0.33 0.33 0.8 0.8 0.8 0.8 0.8 0.8 25 {-1.5} {-0.11} 0 0.022 6.71e-3 {-3.35e-3} 4.1e-3 0 8.13e-3 0 1 1 3 3 0 0 0 0 0 0 0 0 1e-6 1e-6 0 0 0 0 0 1 1 1 1 0 0 0 0 0 0 0 1 0 1 0 0 0 0 0 1e-6 0.28e-6 0.22e-6 0 0 0 0 0 0 0 0
   533     804  *************************************************************
   535     805  ********************* dut testbench 8_2 *********************
   536     806  e_ds_8_2 d_8_2 0 v_sweep 0 1
   537     807  v_gs_8_2 g_8_2 0 0.6
   538     808  v_s_8_2 s_8_2 0 0
   539     809  v_bs_8_2 b_8_2 0 -1.0
   540     810  x_8_2 d_8_2 g_8_2 s_8_2 b_8_2 dut 1e-05 5e-06 1 1.0 0 0 0 1 1 1 1e-12 1e-6 1e-12 1e-6 1 1 1 0 0 2 0 0 0 0 0 0 1 0 1 2 1 0 0 0 0 1e-4 1 3.9 3e-9 2.8e-9 3e-9 1e-7 1.7e17 1e23 1e20 0 0.1 0 0 0 1 0 1 0 0 0 1 0 1 0 0 0 0 0 0 0 0 0 0 0 0 0 0 0 0 0 0 1 0.5 {-1} 0.5 {-0.0186} 0 0 1e-7 1.74e-7 0 {-3} 5e-7 0 2.2 0.53 {-0.032} 0 5.3 {-0.032} 0 0.05 1e-9 1e-18 {-4.65e-11} 0 0 1e-7 1.67 8e4 1 0 0 0 {-0.047} 0 1 200 0 100 0 100 0 0 0 1 {-0.08} 0 0 1 0.08 {-0.07} 0.56 0 2.4e-4 0 0 0.5 0.39 8.6e-3 0 0.56 5e9 5e-6 0 0.01 0 1e-3 1 0 0 0 0 3 0 0 15 0.43 0.054 0.075 1 0.05 0 6e-3 1.1 3 0.054 0.054 0.075 0.43 0.054 0.075 5e-9 1 1 1 1 3e-9 0 2.3e9 0.5 0.8 0 5e-11 5e-11 1e-12 0.6 0.6 5e-11 1e-7 0.6 0 0 {-1} 1 0 1 15 1e-10 1e-10 0.1 0.1 0.1 0.1 1 1 10 10 1e-4 1e-4 1e-14 1e-14 1e-13 1e-14 0 0 0 0 0 0 20 20 20 0.02 0.02 0.02 0.02 0.02 0.02 10 10 10 10 10 10 0 0 0 5e-4 5e-4 0.5 0.5 0.33 0.33 1e-10 1e-10 5e-10 5e-10 0.33 0.33 0.8 0.8 0.8 0.8 0.8 0.8 25 {-1.5} {-0.11} 0 0.022 6.71e-3 {-3.35e-3} 4.1e-3 0 8.13e-3 0 1 1 3 3 0 0 0 0 0 0 0 0 1e-6 1e-6 0 0 0 0 0 1 1 1 1 0 0 0 0 0 0 0 1 0 1 0 0 0 0 0 1e-6 0.28e-6 0.22e-6 0 0 0 0 0 0 0 0
   541     811  *************************************************************
   543     812  ********************* dut testbench 8_3 *********************
   544     813  e_ds_8_3 d_8_3 0 v_sweep 0 1
   545     814  v_gs_8_3 g_8_3 0 0.8
   546     815  v_s_8_3 s_8_3 0 0
   547     816  v_bs_8_3 b_8_3 0 -1.0
   548     817  x_8_3 d_8_3 g_8_3 s_8_3 b_8_3 dut 1e-05 5e-06 1 1.0 0 0 0 1 1 1 1e-12 1e-6 1e-12 1e-6 1 1 1 0 0 2 0 0 0 0 0 0 1 0 1 2 1 0 0 0 0 1e-4 1 3.9 3e-9 2.8e-9 3e-9 1e-7 1.7e17 1e23 1e20 0 0.1 0 0 0 1 0 1 0 0 0 1 0 1 0 0 0 0 0 0 0 0 0 0 0 0 0 0 0 0 0 0 1 0.5 {-1} 0.5 {-0.0186} 0 0 1e-7 1.74e-7 0 {-3} 5e-7 0 2.2 0.53 {-0.032} 0 5.3 {-0.032} 0 0.05 1e-9 1e-18 {-4.65e-11} 0 0 1e-7 1.67 8e4 1 0 0 0 {-0.047} 0 1 200 0 100 0 100 0 0 0 1 {-0.08} 0 0 1 0.08 {-0.07} 0.56 0 2.4e-4 0 0 0.5 0.39 8.6e-3 0 0.56 5e9 5e-6 0 0.01 0 1e-3 1 0 0 0 0 3 0 0 15 0.43 0.054 0.075 1 0.05 0 6e-3 1.1 3 0.054 0.054 0.075 0.43 0.054 0.075 5e-9 1 1 1 1 3e-9 0 2.3e9 0.5 0.8 0 5e-11 5e-11 1e-12 0.6 0.6 5e-11 1e-7 0.6 0 0 {-1} 1 0 1 15 1e-10 1e-10 0.1 0.1 0.1 0.1 1 1 10 10 1e-4 1e-4 1e-14 1e-14 1e-13 1e-14 0 0 0 0 0 0 20 20 20 0.02 0.02 0.02 0.02 0.02 0.02 10 10 10 10 10 10 0 0 0 5e-4 5e-4 0.5 0.5 0.33 0.33 1e-10 1e-10 5e-10 5e-10 0.33 0.33 0.8 0.8 0.8 0.8 0.8 0.8 25 {-1.5} {-0.11} 0 0.022 6.71e-3 {-3.35e-3} 4.1e-3 0 8.13e-3 0 1 1 3 3 0 0 0 0 0 0 0 0 1e-6 1e-6 0 0 0 0 0 1 1 1 1 0 0 0 0 0 0 0 1 0 1 0 0 0 0 0 1e-6 0.28e-6 0.22e-6 0 0 0 0 0 0 0 0
   549     818  *************************************************************
   551     819  ********************* dut testbench 8_4 *********************
   552     820  e_ds_8_4 d_8_4 0 v_sweep 0 1
   553     821  v_gs_8_4 g_8_4 0 1.0
   554     822  v_s_8_4 s_8_4 0 0
   555     823  v_bs_8_4 b_8_4 0 -1.0
   556     824  x_8_4 d_8_4 g_8_4 s_8_4 b_8_4 dut 1e-05 5e-06 1 1.0 0 0 0 1 1 1 1e-12 1e-6 1e-12 1e-6 1 1 1 0 0 2 0 0 0 0 0 0 1 0 1 2 1 0 0 0 0 1e-4 1 3.9 3e-9 2.8e-9 3e-9 1e-7 1.7e17 1e23 1e20 0 0.1 0 0 0 1 0 1 0 0 0 1 0 1 0 0 0 0 0 0 0 0 0 0 0 0 0 0 0 0 0 0 1 0.5 {-1} 0.5 {-0.0186} 0 0 1e-7 1.74e-7 0 {-3} 5e-7 0 2.2 0.53 {-0.032} 0 5.3 {-0.032} 0 0.05 1e-9 1e-18 {-4.65e-11} 0 0 1e-7 1.67 8e4 1 0 0 0 {-0.047} 0 1 200 0 100 0 100 0 0 0 1 {-0.08} 0 0 1 0.08 {-0.07} 0.56 0 2.4e-4 0 0 0.5 0.39 8.6e-3 0 0.56 5e9 5e-6 0 0.01 0 1e-3 1 0 0 0 0 3 0 0 15 0.43 0.054 0.075 1 0.05 0 6e-3 1.1 3 0.054 0.054 0.075 0.43 0.054 0.075 5e-9 1 1 1 1 3e-9 0 2.3e9 0.5 0.8 0 5e-11 5e-11 1e-12 0.6 0.6 5e-11 1e-7 0.6 0 0 {-1} 1 0 1 15 1e-10 1e-10 0.1 0.1 0.1 0.1 1 1 10 10 1e-4 1e-4 1e-14 1e-14 1e-13 1e-14 0 0 0 0 0 0 20 20 20 0.02 0.02 0.02 0.02 0.02 0.02 10 10 10 10 10 10 0 0 0 5e-4 5e-4 0.5 0.5 0.33 0.33 1e-10 1e-10 5e-10 5e-10 0.33 0.33 0.8 0.8 0.8 0.8 0.8 0.8 25 {-1.5} {-0.11} 0 0.022 6.71e-3 {-3.35e-3} 4.1e-3 0 8.13e-3 0 1 1 3 3 0 0 0 0 0 0 0 0 1e-6 1e-6 0 0 0 0 0 1 1 1 1 0 0 0 0 0 0 0 1 0 1 0 0 0 0 0 1e-6 0.28e-6 0.22e-6 0 0 0 0 0 0 0 0
   557     825  *************************************************************
   559     826  ********************* dut testbench 8_5 *********************
   560     827  e_ds_8_5 d_8_5 0 v_sweep 0 1
   561     828  v_gs_8_5 g_8_5 0 1.2
   562     829  v_s_8_5 s_8_5 0 0
   563     830  v_bs_8_5 b_8_5 0 -1.0
   564     831  x_8_5 d_8_5 g_8_5 s_8_5 b_8_5 dut 1e-05 5e-06 1 1.0 0 0 0 1 1 1 1e-12 1e-6 1e-12 1e-6 1 1 1 0 0 2 0 0 0 0 0 0 1 0 1 2 1 0 0 0 0 1e-4 1 3.9 3e-9 2.8e-9 3e-9 1e-7 1.7e17 1e23 1e20 0 0.1 0 0 0 1 0 1 0 0 0 1 0 1 0 0 0 0 0 0 0 0 0 0 0 0 0 0 0 0 0 0 1 0.5 {-1} 0.5 {-0.0186} 0 0 1e-7 1.74e-7 0 {-3} 5e-7 0 2.2 0.53 {-0.032} 0 5.3 {-0.032} 0 0.05 1e-9 1e-18 {-4.65e-11} 0 0 1e-7 1.67 8e4 1 0 0 0 {-0.047} 0 1 200 0 100 0 100 0 0 0 1 {-0.08} 0 0 1 0.08 {-0.07} 0.56 0 2.4e-4 0 0 0.5 0.39 8.6e-3 0 0.56 5e9 5e-6 0 0.01 0 1e-3 1 0 0 0 0 3 0 0 15 0.43 0.054 0.075 1 0.05 0 6e-3 1.1 3 0.054 0.054 0.075 0.43 0.054 0.075 5e-9 1 1 1 1 3e-9 0 2.3e9 0.5 0.8 0 5e-11 5e-11 1e-12 0.6 0.6 5e-11 1e-7 0.6 0 0 {-1} 1 0 1 15 1e-10 1e-10 0.1 0.1 0.1 0.1 1 1 10 10 1e-4 1e-4 1e-14 1e-14 1e-13 1e-14 0 0 0 0 0 0 20 20 20 0.02 0.02 0.02 0.02 0.02 0.02 10 10 10 10 10 10 0 0 0 5e-4 5e-4 0.5 0.5 0.33 0.33 1e-10 1e-10 5e-10 5e-10 0.33 0.33 0.8 0.8 0.8 0.8 0.8 0.8 25 {-1.5} {-0.11} 0 0.022 6.71e-3 {-3.35e-3} 4.1e-3 0 8.13e-3 0 1 1 3 3 0 0 0 0 0 0 0 0 1e-6 1e-6 0 0 0 0 0 1 1 1 1 0 0 0 0 0 0 0 1 0 1 0 0 0 0 0 1e-6 0.28e-6 0.22e-6 0 0 0 0 0 0 0 0
   565     832  *************************************************************
   567     833  ********************* dut testbench 8_6 *********************
   568     834  e_ds_8_6 d_8_6 0 v_sweep 0 1
   569     835  v_gs_8_6 g_8_6 0 1.4
   570     836  v_s_8_6 s_8_6 0 0
   571     837  v_bs_8_6 b_8_6 0 -1.0
   572     838  x_8_6 d_8_6 g_8_6 s_8_6 b_8_6 dut 1e-05 5e-06 1 1.0 0 0 0 1 1 1 1e-12 1e-6 1e-12 1e-6 1 1 1 0 0 2 0 0 0 0 0 0 1 0 1 2 1 0 0 0 0 1e-4 1 3.9 3e-9 2.8e-9 3e-9 1e-7 1.7e17 1e23 1e20 0 0.1 0 0 0 1 0 1 0 0 0 1 0 1 0 0 0 0 0 0 0 0 0 0 0 0 0 0 0 0 0 0 1 0.5 {-1} 0.5 {-0.0186} 0 0 1e-7 1.74e-7 0 {-3} 5e-7 0 2.2 0.53 {-0.032} 0 5.3 {-0.032} 0 0.05 1e-9 1e-18 {-4.65e-11} 0 0 1e-7 1.67 8e4 1 0 0 0 {-0.047} 0 1 200 0 100 0 100 0 0 0 1 {-0.08} 0 0 1 0.08 {-0.07} 0.56 0 2.4e-4 0 0 0.5 0.39 8.6e-3 0 0.56 5e9 5e-6 0 0.01 0 1e-3 1 0 0 0 0 3 0 0 15 0.43 0.054 0.075 1 0.05 0 6e-3 1.1 3 0.054 0.054 0.075 0.43 0.054 0.075 5e-9 1 1 1 1 3e-9 0 2.3e9 0.5 0.8 0 5e-11 5e-11 1e-12 0.6 0.6 5e-11 1e-7 0.6 0 0 {-1} 1 0 1 15 1e-10 1e-10 0.1 0.1 0.1 0.1 1 1 10 10 1e-4 1e-4 1e-14 1e-14 1e-13 1e-14 0 0 0 0 0 0 20 20 20 0.02 0.02 0.02 0.02 0.02 0.02 10 10 10 10 10 10 0 0 0 5e-4 5e-4 0.5 0.5 0.33 0.33 1e-10 1e-10 5e-10 5e-10 0.33 0.33 0.8 0.8 0.8 0.8 0.8 0.8 25 {-1.5} {-0.11} 0 0.022 6.71e-3 {-3.35e-3} 4.1e-3 0 8.13e-3 0 1 1 3 3 0 0 0 0 0 0 0 0 1e-6 1e-6 0 0 0 0 0 1 1 1 1 0 0 0 0 0 0 0 1 0 1 0 0 0 0 0 1e-6 0.28e-6 0.22e-6 0 0 0 0 0 0 0 0
   573     839  *************************************************************
   575     840  ********************* dut testbench 8_7 *********************
   576     841  e_ds_8_7 d_8_7 0 v_sweep 0 1
   577     842  v_gs_8_7 g_8_7 0 1.6
   578     843  v_s_8_7 s_8_7 0 0
   579     844  v_bs_8_7 b_8_7 0 -1.0
   580     845  x_8_7 d_8_7 g_8_7 s_8_7 b_8_7 dut 1e-05 5e-06 1 1.0 0 0 0 1 1 1 1e-12 1e-6 1e-12 1e-6 1 1 1 0 0 2 0 0 0 0 0 0 1 0 1 2 1 0 0 0 0 1e-4 1 3.9 3e-9 2.8e-9 3e-9 1e-7 1.7e17 1e23 1e20 0 0.1 0 0 0 1 0 1 0 0 0 1 0 1 0 0 0 0 0 0 0 0 0 0 0 0 0 0 0 0 0 0 1 0.5 {-1} 0.5 {-0.0186} 0 0 1e-7 1.74e-7 0 {-3} 5e-7 0 2.2 0.53 {-0.032} 0 5.3 {-0.032} 0 0.05 1e-9 1e-18 {-4.65e-11} 0 0 1e-7 1.67 8e4 1 0 0 0 {-0.047} 0 1 200 0 100 0 100 0 0 0 1 {-0.08} 0 0 1 0.08 {-0.07} 0.56 0 2.4e-4 0 0 0.5 0.39 8.6e-3 0 0.56 5e9 5e-6 0 0.01 0 1e-3 1 0 0 0 0 3 0 0 15 0.43 0.054 0.075 1 0.05 0 6e-3 1.1 3 0.054 0.054 0.075 0.43 0.054 0.075 5e-9 1 1 1 1 3e-9 0 2.3e9 0.5 0.8 0 5e-11 5e-11 1e-12 0.6 0.6 5e-11 1e-7 0.6 0 0 {-1} 1 0 1 15 1e-10 1e-10 0.1 0.1 0.1 0.1 1 1 10 10 1e-4 1e-4 1e-14 1e-14 1e-13 1e-14 0 0 0 0 0 0 20 20 20 0.02 0.02 0.02 0.02 0.02 0.02 10 10 10 10 10 10 0 0 0 5e-4 5e-4 0.5 0.5 0.33 0.33 1e-10 1e-10 5e-10 5e-10 0.33 0.33 0.8 0.8 0.8 0.8 0.8 0.8 25 {-1.5} {-0.11} 0 0.022 6.71e-3 {-3.35e-3} 4.1e-3 0 8.13e-3 0 1 1 3 3 0 0 0 0 0 0 0 0 1e-6 1e-6 0 0 0 0 0 1 1 1 1 0 0 0 0 0 0 0 1 0 1 0 0 0 0 0 1e-6 0.28e-6 0.22e-6 0 0 0 0 0 0 0 0
   581     846  *************************************************************
   583     847  ********************* dut testbench 9_0 *********************
   584     848  e_ds_9_0 d_9_0 0 v_sweep 0 1
   585     849  v_gs_9_0 g_9_0 0 0.2
   586     850  v_s_9_0 s_9_0 0 0
   587     851  v_bs_9_0 b_9_0 0 0.0
   588     852  x_9_0 d_9_0 g_9_0 s_9_0 b_9_0 dut 1e-05 5e-06 1 1.0 0 0 0 1 1 1 1e-12 1e-6 1e-12 1e-6 1 1 1 0 0 2 0 0 0 0 0 0 1 0 1 2 1 0 0 0 0 1e-4 1 3.9 3e-9 2.8e-9 3e-9 1e-7 1.7e17 1e23 1e20 0 0.1 0 0 0 1 0 1 0 0 0 1 0 1 0 0 0 0 0 0 0 0 0 0 0 0 0 0 0 0 0 0 1 0.5 {-1} 0.5 {-0.0186} 0 0 1e-7 1.74e-7 0 {-3} 5e-7 0 2.2 0.53 {-0.032} 0 5.3 {-0.032} 0 0.05 1e-9 1e-18 {-4.65e-11} 0 0 1e-7 1.67 8e4 1 0 0 0 {-0.047} 0 1 200 0 100 0 100 0 0 0 1 {-0.08} 0 0 1 0.08 {-0.07} 0.56 0 2.4e-4 0 0 0.5 0.39 8.6e-3 0 0.56 5e9 5e-6 0 0.01 0 1e-3 1 0 0 0 0 3 0 0 15 0.43 0.054 0.075 1 0.05 0 6e-3 1.1 3 0.054 0.054 0.075 0.43 0.054 0.075 5e-9 1 1 1 1 3e-9 0 2.3e9 0.5 0.8 0 5e-11 5e-11 1e-12 0.6 0.6 5e-11 1e-7 0.6 0 0 {-1} 1 0 1 15 1e-10 1e-10 0.1 0.1 0.1 0.1 1 1 10 10 1e-4 1e-4 1e-14 1e-14 1e-13 1e-14 0 0 0 0 0 0 20 20 20 0.02 0.02 0.02 0.02 0.02 0.02 10 10 10 10 10 10 0 0 0 5e-4 5e-4 0.5 0.5 0.33 0.33 1e-10 1e-10 5e-10 5e-10 0.33 0.33 0.8 0.8 0.8 0.8 0.8 0.8 25 {-1.5} {-0.11} 0 0.022 6.71e-3 {-3.35e-3} 4.1e-3 0 8.13e-3 0 1 1 3 3 0 0 0 0 0 0 0 0 1e-6 1e-6 0 0 0 0 0 1 1 1 1 0 0 0 0 0 0 0 1 0 1 0 0 0 0 0 1e-6 0.28e-6 0.22e-6 0 0 0 0 0 0 0 0
   589     853  *************************************************************
   591     854  ********************* dut testbench 9_1 *********************
   592     855  e_ds_9_1 d_9_1 0 v_sweep 0 1
   593     856  v_gs_9_1 g_9_1 0 0.4
   594     857  v_s_9_1 s_9_1 0 0
   595     858  v_bs_9_1 b_9_1 0 0.0
   596     859  x_9_1 d_9_1 g_9_1 s_9_1 b_9_1 dut 1e-05 5e-06 1 1.0 0 0 0 1 1 1 1e-12 1e-6 1e-12 1e-6 1 1 1 0 0 2 0 0 0 0 0 0 1 0 1 2 1 0 0 0 0 1e-4 1 3.9 3e-9 2.8e-9 3e-9 1e-7 1.7e17 1e23 1e20 0 0.1 0 0 0 1 0 1 0 0 0 1 0 1 0 0 0 0 0 0 0 0 0 0 0 0 0 0 0 0 0 0 1 0.5 {-1} 0.5 {-0.0186} 0 0 1e-7 1.74e-7 0 {-3} 5e-7 0 2.2 0.53 {-0.032} 0 5.3 {-0.032} 0 0.05 1e-9 1e-18 {-4.65e-11} 0 0 1e-7 1.67 8e4 1 0 0 0 {-0.047} 0 1 200 0 100 0 100 0 0 0 1 {-0.08} 0 0 1 0.08 {-0.07} 0.56 0 2.4e-4 0 0 0.5 0.39 8.6e-3 0 0.56 5e9 5e-6 0 0.01 0 1e-3 1 0 0 0 0 3 0 0 15 0.43 0.054 0.075 1 0.05 0 6e-3 1.1 3 0.054 0.054 0.075 0.43 0.054 0.075 5e-9 1 1 1 1 3e-9 0 2.3e9 0.5 0.8 0 5e-11 5e-11 1e-12 0.6 0.6 5e-11 1e-7 0.6 0 0 {-1} 1 0 1 15 1e-10 1e-10 0.1 0.1 0.1 0.1 1 1 10 10 1e-4 1e-4 1e-14 1e-14 1e-13 1e-14 0 0 0 0 0 0 20 20 20 0.02 0.02 0.02 0.02 0.02 0.02 10 10 10 10 10 10 0 0 0 5e-4 5e-4 0.5 0.5 0.33 0.33 1e-10 1e-10 5e-10 5e-10 0.33 0.33 0.8 0.8 0.8 0.8 0.8 0.8 25 {-1.5} {-0.11} 0 0.022 6.71e-3 {-3.35e-3} 4.1e-3 0 8.13e-3 0 1 1 3 3 0 0 0 0 0 0 0 0 1e-6 1e-6 0 0 0 0 0 1 1 1 1 0 0 0 0 0 0 0 1 0 1 0 0 0 0 0 1e-6 0.28e-6 0.22e-6 0 0 0 0 0 0 0 0
   597     860  *************************************************************
   599     861  ********************* dut testbench 9_2 *********************
   600     862  e_ds_9_2 d_9_2 0 v_sweep 0 1
   601     863  v_gs_9_2 g_9_2 0 0.6
   602     864  v_s_9_2 s_9_2 0 0
   603     865  v_bs_9_2 b_9_2 0 0.0
   604     866  x_9_2 d_9_2 g_9_2 s_9_2 b_9_2 dut 1e-05 5e-06 1 1.0 0 0 0 1 1 1 1e-12 1e-6 1e-12 1e-6 1 1 1 0 0 2 0 0 0 0 0 0 1 0 1 2 1 0 0 0 0 1e-4 1 3.9 3e-9 2.8e-9 3e-9 1e-7 1.7e17 1e23 1e20 0 0.1 0 0 0 1 0 1 0 0 0 1 0 1 0 0 0 0 0 0 0 0 0 0 0 0 0 0 0 0 0 0 1 0.5 {-1} 0.5 {-0.0186} 0 0 1e-7 1.74e-7 0 {-3} 5e-7 0 2.2 0.53 {-0.032} 0 5.3 {-0.032} 0 0.05 1e-9 1e-18 {-4.65e-11} 0 0 1e-7 1.67 8e4 1 0 0 0 {-0.047} 0 1 200 0 100 0 100 0 0 0 1 {-0.08} 0 0 1 0.08 {-0.07} 0.56 0 2.4e-4 0 0 0.5 0.39 8.6e-3 0 0.56 5e9 5e-6 0 0.01 0 1e-3 1 0 0 0 0 3 0 0 15 0.43 0.054 0.075 1 0.05 0 6e-3 1.1 3 0.054 0.054 0.075 0.43 0.054 0.075 5e-9 1 1 1 1 3e-9 0 2.3e9 0.5 0.8 0 5e-11 5e-11 1e-12 0.6 0.6 5e-11 1e-7 0.6 0 0 {-1} 1 0 1 15 1e-10 1e-10 0.1 0.1 0.1 0.1 1 1 10 10 1e-4 1e-4 1e-14 1e-14 1e-13 1e-14 0 0 0 0 0 0 20 20 20 0.02 0.02 0.02 0.02 0.02 0.02 10 10 10 10 10 10 0 0 0 5e-4 5e-4 0.5 0.5 0.33 0.33 1e-10 1e-10 5e-10 5e-10 0.33 0.33 0.8 0.8 0.8 0.8 0.8 0.8 25 {-1.5} {-0.11} 0 0.022 6.71e-3 {-3.35e-3} 4.1e-3 0 8.13e-3 0 1 1 3 3 0 0 0 0 0 0 0 0 1e-6 1e-6 0 0 0 0 0 1 1 1 1 0 0 0 0 0 0 0 1 0 1 0 0 0 0 0 1e-6 0.28e-6 0.22e-6 0 0 0 0 0 0 0 0
   605     867  *************************************************************
   607     868  ********************* dut testbench 9_3 *********************
   608     869  e_ds_9_3 d_9_3 0 v_sweep 0 1
   609     870  v_gs_9_3 g_9_3 0 0.8
   610     871  v_s_9_3 s_9_3 0 0
   611     872  v_bs_9_3 b_9_3 0 0.0
   612     873  x_9_3 d_9_3 g_9_3 s_9_3 b_9_3 dut 1e-05 5e-06 1 1.0 0 0 0 1 1 1 1e-12 1e-6 1e-12 1e-6 1 1 1 0 0 2 0 0 0 0 0 0 1 0 1 2 1 0 0 0 0 1e-4 1 3.9 3e-9 2.8e-9 3e-9 1e-7 1.7e17 1e23 1e20 0 0.1 0 0 0 1 0 1 0 0 0 1 0 1 0 0 0 0 0 0 0 0 0 0 0 0 0 0 0 0 0 0 1 0.5 {-1} 0.5 {-0.0186} 0 0 1e-7 1.74e-7 0 {-3} 5e-7 0 2.2 0.53 {-0.032} 0 5.3 {-0.032} 0 0.05 1e-9 1e-18 {-4.65e-11} 0 0 1e-7 1.67 8e4 1 0 0 0 {-0.047} 0 1 200 0 100 0 100 0 0 0 1 {-0.08} 0 0 1 0.08 {-0.07} 0.56 0 2.4e-4 0 0 0.5 0.39 8.6e-3 0 0.56 5e9 5e-6 0 0.01 0 1e-3 1 0 0 0 0 3 0 0 15 0.43 0.054 0.075 1 0.05 0 6e-3 1.1 3 0.054 0.054 0.075 0.43 0.054 0.075 5e-9 1 1 1 1 3e-9 0 2.3e9 0.5 0.8 0 5e-11 5e-11 1e-12 0.6 0.6 5e-11 1e-7 0.6 0 0 {-1} 1 0 1 15 1e-10 1e-10 0.1 0.1 0.1 0.1 1 1 10 10 1e-4 1e-4 1e-14 1e-14 1e-13 1e-14 0 0 0 0 0 0 20 20 20 0.02 0.02 0.02 0.02 0.02 0.02 10 10 10 10 10 10 0 0 0 5e-4 5e-4 0.5 0.5 0.33 0.33 1e-10 1e-10 5e-10 5e-10 0.33 0.33 0.8 0.8 0.8 0.8 0.8 0.8 25 {-1.5} {-0.11} 0 0.022 6.71e-3 {-3.35e-3} 4.1e-3 0 8.13e-3 0 1 1 3 3 0 0 0 0 0 0 0 0 1e-6 1e-6 0 0 0 0 0 1 1 1 1 0 0 0 0 0 0 0 1 0 1 0 0 0 0 0 1e-6 0.28e-6 0.22e-6 0 0 0 0 0 0 0 0
   613     874  *************************************************************
   615     875  ********************* dut testbench 9_4 *********************
   616     876  e_ds_9_4 d_9_4 0 v_sweep 0 1
   617     877  v_gs_9_4 g_9_4 0 1.0
   618     878  v_s_9_4 s_9_4 0 0
   619     879  v_bs_9_4 b_9_4 0 0.0
   620     880  x_9_4 d_9_4 g_9_4 s_9_4 b_9_4 dut 1e-05 5e-06 1 1.0 0 0 0 1 1 1 1e-12 1e-6 1e-12 1e-6 1 1 1 0 0 2 0 0 0 0 0 0 1 0 1 2 1 0 0 0 0 1e-4 1 3.9 3e-9 2.8e-9 3e-9 1e-7 1.7e17 1e23 1e20 0 0.1 0 0 0 1 0 1 0 0 0 1 0 1 0 0 0 0 0 0 0 0 0 0 0 0 0 0 0 0 0 0 1 0.5 {-1} 0.5 {-0.0186} 0 0 1e-7 1.74e-7 0 {-3} 5e-7 0 2.2 0.53 {-0.032} 0 5.3 {-0.032} 0 0.05 1e-9 1e-18 {-4.65e-11} 0 0 1e-7 1.67 8e4 1 0 0 0 {-0.047} 0 1 200 0 100 0 100 0 0 0 1 {-0.08} 0 0 1 0.08 {-0.07} 0.56 0 2.4e-4 0 0 0.5 0.39 8.6e-3 0 0.56 5e9 5e-6 0 0.01 0 1e-3 1 0 0 0 0 3 0 0 15 0.43 0.054 0.075 1 0.05 0 6e-3 1.1 3 0.054 0.054 0.075 0.43 0.054 0.075 5e-9 1 1 1 1 3e-9 0 2.3e9 0.5 0.8 0 5e-11 5e-11 1e-12 0.6 0.6 5e-11 1e-7 0.6 0 0 {-1} 1 0 1 15 1e-10 1e-10 0.1 0.1 0.1 0.1 1 1 10 10 1e-4 1e-4 1e-14 1e-14 1e-13 1e-14 0 0 0 0 0 0 20 20 20 0.02 0.02 0.02 0.02 0.02 0.02 10 10 10 10 10 10 0 0 0 5e-4 5e-4 0.5 0.5 0.33 0.33 1e-10 1e-10 5e-10 5e-10 0.33 0.33 0.8 0.8 0.8 0.8 0.8 0.8 25 {-1.5} {-0.11} 0 0.022 6.71e-3 {-3.35e-3} 4.1e-3 0 8.13e-3 0 1 1 3 3 0 0 0 0 0 0 0 0 1e-6 1e-6 0 0 0 0 0 1 1 1 1 0 0 0 0 0 0 0 1 0 1 0 0 0 0 0 1e-6 0.28e-6 0.22e-6 0 0 0 0 0 0 0 0
   621     881  *************************************************************
   623     882  ********************* dut testbench 9_5 *********************
   624     883  e_ds_9_5 d_9_5 0 v_sweep 0 1
   625     884  v_gs_9_5 g_9_5 0 1.2
   626     885  v_s_9_5 s_9_5 0 0
   627     886  v_bs_9_5 b_9_5 0 0.0
   628     887  x_9_5 d_9_5 g_9_5 s_9_5 b_9_5 dut 1e-05 5e-06 1 1.0 0 0 0 1 1 1 1e-12 1e-6 1e-12 1e-6 1 1 1 0 0 2 0 0 0 0 0 0 1 0 1 2 1 0 0 0 0 1e-4 1 3.9 3e-9 2.8e-9 3e-9 1e-7 1.7e17 1e23 1e20 0 0.1 0 0 0 1 0 1 0 0 0 1 0 1 0 0 0 0 0 0 0 0 0 0 0 0 0 0 0 0 0 0 1 0.5 {-1} 0.5 {-0.0186} 0 0 1e-7 1.74e-7 0 {-3} 5e-7 0 2.2 0.53 {-0.032} 0 5.3 {-0.032} 0 0.05 1e-9 1e-18 {-4.65e-11} 0 0 1e-7 1.67 8e4 1 0 0 0 {-0.047} 0 1 200 0 100 0 100 0 0 0 1 {-0.08} 0 0 1 0.08 {-0.07} 0.56 0 2.4e-4 0 0 0.5 0.39 8.6e-3 0 0.56 5e9 5e-6 0 0.01 0 1e-3 1 0 0 0 0 3 0 0 15 0.43 0.054 0.075 1 0.05 0 6e-3 1.1 3 0.054 0.054 0.075 0.43 0.054 0.075 5e-9 1 1 1 1 3e-9 0 2.3e9 0.5 0.8 0 5e-11 5e-11 1e-12 0.6 0.6 5e-11 1e-7 0.6 0 0 {-1} 1 0 1 15 1e-10 1e-10 0.1 0.1 0.1 0.1 1 1 10 10 1e-4 1e-4 1e-14 1e-14 1e-13 1e-14 0 0 0 0 0 0 20 20 20 0.02 0.02 0.02 0.02 0.02 0.02 10 10 10 10 10 10 0 0 0 5e-4 5e-4 0.5 0.5 0.33 0.33 1e-10 1e-10 5e-10 5e-10 0.33 0.33 0.8 0.8 0.8 0.8 0.8 0.8 25 {-1.5} {-0.11} 0 0.022 6.71e-3 {-3.35e-3} 4.1e-3 0 8.13e-3 0 1 1 3 3 0 0 0 0 0 0 0 0 1e-6 1e-6 0 0 0 0 0 1 1 1 1 0 0 0 0 0 0 0 1 0 1 0 0 0 0 0 1e-6 0.28e-6 0.22e-6 0 0 0 0 0 0 0 0
   629     888  *************************************************************
   631     889  ********************* dut testbench 9_6 *********************
   632     890  e_ds_9_6 d_9_6 0 v_sweep 0 1
   633     891  v_gs_9_6 g_9_6 0 1.4
   634     892  v_s_9_6 s_9_6 0 0
   635     893  v_bs_9_6 b_9_6 0 0.0
   636     894  x_9_6 d_9_6 g_9_6 s_9_6 b_9_6 dut 1e-05 5e-06 1 1.0 0 0 0 1 1 1 1e-12 1e-6 1e-12 1e-6 1 1 1 0 0 2 0 0 0 0 0 0 1 0 1 2 1 0 0 0 0 1e-4 1 3.9 3e-9 2.8e-9 3e-9 1e-7 1.7e17 1e23 1e20 0 0.1 0 0 0 1 0 1 0 0 0 1 0 1 0 0 0 0 0 0 0 0 0 0 0 0 0 0 0 0 0 0 1 0.5 {-1} 0.5 {-0.0186} 0 0 1e-7 1.74e-7 0 {-3} 5e-7 0 2.2 0.53 {-0.032} 0 5.3 {-0.032} 0 0.05 1e-9 1e-18 {-4.65e-11} 0 0 1e-7 1.67 8e4 1 0 0 0 {-0.047} 0 1 200 0 100 0 100 0 0 0 1 {-0.08} 0 0 1 0.08 {-0.07} 0.56 0 2.4e-4 0 0 0.5 0.39 8.6e-3 0 0.56 5e9 5e-6 0 0.01 0 1e-3 1 0 0 0 0 3 0 0 15 0.43 0.054 0.075 1 0.05 0 6e-3 1.1 3 0.054 0.054 0.075 0.43 0.054 0.075 5e-9 1 1 1 1 3e-9 0 2.3e9 0.5 0.8 0 5e-11 5e-11 1e-12 0.6 0.6 5e-11 1e-7 0.6 0 0 {-1} 1 0 1 15 1e-10 1e-10 0.1 0.1 0.1 0.1 1 1 10 10 1e-4 1e-4 1e-14 1e-14 1e-13 1e-14 0 0 0 0 0 0 20 20 20 0.02 0.02 0.02 0.02 0.02 0.02 10 10 10 10 10 10 0 0 0 5e-4 5e-4 0.5 0.5 0.33 0.33 1e-10 1e-10 5e-10 5e-10 0.33 0.33 0.8 0.8 0.8 0.8 0.8 0.8 25 {-1.5} {-0.11} 0 0.022 6.71e-3 {-3.35e-3} 4.1e-3 0 8.13e-3 0 1 1 3 3 0 0 0 0 0 0 0 0 1e-6 1e-6 0 0 0 0 0 1 1 1 1 0 0 0 0 0 0 0 1 0 1 0 0 0 0 0 1e-6 0.28e-6 0.22e-6 0 0 0 0 0 0 0 0
   637     895  *************************************************************
   639     896  ********************* dut testbench 9_7 *********************
   640     897  e_ds_9_7 d_9_7 0 v_sweep 0 1
   641     898  v_gs_9_7 g_9_7 0 1.6
   642     899  v_s_9_7 s_9_7 0 0
   643     900  v_bs_9_7 b_9_7 0 0.0
   644     901  x_9_7 d_9_7 g_9_7 s_9_7 b_9_7 dut 1e-05 5e-06 1 1.0 0 0 0 1 1 1 1e-12 1e-6 1e-12 1e-6 1 1 1 0 0 2 0 0 0 0 0 0 1 0 1 2 1 0 0 0 0 1e-4 1 3.9 3e-9 2.8e-9 3e-9 1e-7 1.7e17 1e23 1e20 0 0.1 0 0 0 1 0 1 0 0 0 1 0 1 0 0 0 0 0 0 0 0 0 0 0 0 0 0 0 0 0 0 1 0.5 {-1} 0.5 {-0.0186} 0 0 1e-7 1.74e-7 0 {-3} 5e-7 0 2.2 0.53 {-0.032} 0 5.3 {-0.032} 0 0.05 1e-9 1e-18 {-4.65e-11} 0 0 1e-7 1.67 8e4 1 0 0 0 {-0.047} 0 1 200 0 100 0 100 0 0 0 1 {-0.08} 0 0 1 0.08 {-0.07} 0.56 0 2.4e-4 0 0 0.5 0.39 8.6e-3 0 0.56 5e9 5e-6 0 0.01 0 1e-3 1 0 0 0 0 3 0 0 15 0.43 0.054 0.075 1 0.05 0 6e-3 1.1 3 0.054 0.054 0.075 0.43 0.054 0.075 5e-9 1 1 1 1 3e-9 0 2.3e9 0.5 0.8 0 5e-11 5e-11 1e-12 0.6 0.6 5e-11 1e-7 0.6 0 0 {-1} 1 0 1 15 1e-10 1e-10 0.1 0.1 0.1 0.1 1 1 10 10 1e-4 1e-4 1e-14 1e-14 1e-13 1e-14 0 0 0 0 0 0 20 20 20 0.02 0.02 0.02 0.02 0.02 0.02 10 10 10 10 10 10 0 0 0 5e-4 5e-4 0.5 0.5 0.33 0.33 1e-10 1e-10 5e-10 5e-10 0.33 0.33 0.8 0.8 0.8 0.8 0.8 0.8 25 {-1.5} {-0.11} 0 0.022 6.71e-3 {-3.35e-3} 4.1e-3 0 8.13e-3 0 1 1 3 3 0 0 0 0 0 0 0 0 1e-6 1e-6 0 0 0 0 0 1 1 1 1 0 0 0 0 0 0 0 1 0 1 0 0 0 0 0 1e-6 0.28e-6 0.22e-6 0 0 0 0 0 0 0 0
   645     902  *************************************************************
   647     903  ** end testbenches
   649     904  * declare the v_sweep, which will change during the simulation.
   650     905  v_sweep v_sweep 0 0
   652     906  ********** start of control section **********
   653     907  .control
   655     908  ** model parameters start
   656     909  alterparam dut a0=1.6669323493658108
   657     910  alterparam dut a1=0.04824186174683426
   658     911  alterparam dut a2=0.33831510895135486
   659     912  alterparam dut acde=1.3875053406892315
   660     913  alterparam dut ags=1.461013193085545
   661     914  alterparam dut bin_lketa=0.23426137580019427
   662     915  alterparam dut bin_pketa=0.9547174833633073
   663     916  alterparam dut bin_ppclm=0.03482176601624304
   664     917  alterparam dut bin_prdsw=0.7175767068245535
   665     918  alterparam dut bin_pvsat=0.5753471583527263
   666     919  alterparam dut bin_wk3=0.00381662479854345
   667     920  alterparam dut bin_wk3b=0.03636957174700447
   668     921  alterparam dut bin_wketa=0.9787254722620039
   669     922  alterparam dut cf=8.351188464209156e-11
   670     923  alterparam dut cgdl=3.858307605887325e-09
   671     924  alterparam dut cgdo=1.317604072668257e-10
   672     925  alterparam dut ckappas=7.291803097063258
   673     926  alterparam dut clc=2.4069645042633775e-07
   674     927  alterparam dut cle=0.27009070103158
   675     928  alterparam dut dlc=9.126894668593116e-08
   676     929  alterparam dut drout=1.4540223382310196
   677     930  alterparam dut dsub=0.7025834364215341
   678     931  alterparam dut dvt0=7.912105914535838
   679     932  alterparam dut dvt0w=2.5566926777240235
   680     933  alterparam dut dvt1=1.3753568906716982
   681     934  alterparam dut dvt1w=4503307.656083409
   682     935  alterparam dut dvt2=1*-0.0010658872711142298
   683     936  alterparam dut dvt2w=1*-0.02587926962052811
   684     937  alterparam dut dwg=7.192421539185264e-08
   685     938  alterparam dut eta0=0.7381329368289259
   686     939  alterparam dut etab=1*-0.22682425354497093
   687     940  alterparam dut k1=0.7400556090072814
   688     941  alterparam dut k2=1*-0.021588887208401637
   689     942  alterparam dut k3=1*-64.02878203620219
   690     943  alterparam dut k3b=7.818979340521146
   691     944  alterparam dut keta=1*-0.003494327634832345
   692     945  alterparam dut lint=1*-1.1024881374803529e-08
   693     946  alterparam dut ll=2.944241858380913e-14
   694     947  alterparam dut lwl=1*-5.44665145312596e-20
   695     948  alterparam dut moin=17.347701956985464
   696     949  alterparam dut ndep=1.2786067991378795e+17
   697     950  alterparam dut nfactor=1.305784501632896
   698     951  alterparam dut ngate=5.0085659234150704e+23
   699     952  alterparam dut noff=1.4237592661519185
   700     953  alterparam dut pclm=0.00010589727050773801
   701     954  alterparam dut pdiblc1=1.865933618205728e-07
   702     955  alterparam dut pdiblc2=3.213219875802274e-06
   703     956  alterparam dut pdiblcb=1*-0.595509368143662
   704     957  alterparam dut pvag=0.9906424983931763
   705     958  alterparam dut rdsw=1021.6640721141046
   706     959  alterparam dut toxp=7.958213331092724e-09
   707     960  alterparam dut u0=664.2016379163018
   708     961  alterparam dut ua=3.887686849410945e-09
   709     962  alterparam dut ub=5.316970950314203e-19
   710     963  alterparam dut uc=8.009473390466758e-09
   711     964  alterparam dut voff=1*-0.06448242568404003
   712     965  alterparam dut voffcv=1*-0.40642909989333953
   713     966  alterparam dut voffl=7.534117034257408e-09
   714     967  alterparam dut vsat=5271.817113608137
   715     968  alterparam dut vth0=1.45181834359204
   716     969  alterparam dut w0=4.186266760885249e-11
   717     970  alterparam dut wint=1*-3.972245518201736e-08
   718     971  alterparam dut ww=1*-1.7043818024425863e-15
   719     972  alterparam dut wwl=2.617476637824593e-20
   720     973  alterparam dut xpart=0.7998732067633417
   721     974  reset
   722     975  ** model parameters end
   724     976  ** declare the vectors to save.
   725     977  save v(d_5_5) i(v_s_3_4) v(d_8_2) v(d_9_2) v(d_0_5) v(d_7_7) i(v_s_8_6) v(d_6_0) v(d_1_5) i(v_s_4_4) i(v_s_6_5) v(d_4_4) i(v_s_4_5) i(v_s_7_6) i(v_s_8_1) v(d_4_2) i(v_s_7_5) i(v_s_0_5) v(d_1_2) v(d_0_4) v(d_1_3) v(d_1_0) v(d_2_7) i(v_s_1_7) v(d_7_3) v(d_3_4) v(d_2_0) v(d_3_5) v(d_0_3) i(v_s_6_1) v(d_3_6) v(d_6_6) v(d_5_7) v(d_4_1) i(v_s_9_4) v(d_2_5) v(d_5_3) i(v_s_4_2) v(d_6_7) v(d_5_6) i(v_s_6_0) v(d_0_6) i(v_s_0_1) i(v_s_7_1) v(d_2_4) i(v_s_8_4) i(v_s_8_2) v(d_9_7) i(v_s_1_3) i(v_s_2_6) v(d_4_5) v(d_5_0) i(v_s_9_0) v(d_4_6) i(v_s_1_0) i(v_s_5_4) i(v_s_6_2) i(v_s_7_2) i(v_s_8_5) v(d_8_6) i(v_s_3_3) i(v_s_9_6) i(v_s_4_7) i(v_s_0_4) v(d_4_7) i(v_s_2_7) v(d_6_5) v(d_4_3) i(v_s_1_6) i(v_s_5_5) i(v_s_5_7) v(d_6_1) i(v_s_4_1) i(v_s_5_3) i(v_s_3_6) v(d_7_0) v(d_0_2) i(v_s_9_2) v(d_0_1) i(v_s_0_3) v(d_7_2) i(v_s_4_6) v(d_8_3) v(d_5_4) v(d_0_0) i(v_s_2_3) v(d_2_3) i(v_s_8_0) v(d_8_0) i(v_s_0_0) v(d_3_1) i(v_s_7_0) i(v_s_8_7) i(v_s_7_7) i(v_s_6_4) i(v_s_6_6) i(v_s_3_0) i(v_s_1_2) v(d_2_1) v(d_8_1) v(d_2_2) i(v_s_0_7) v(d_9_5) v(d_1_7) i(v_s_9_5) v(d_3_0) v(d_9_0) i(v_s_8_3) v(d_6_2) i(v_s_4_3) i(v_s_6_7) i(v_s_5_2) i(v_s_7_3) v(d_9_6) v(d_9_1) v(d_8_7) v(d_9_3) i(v_s_9_3) i(v_s_3_5) i(v_s_3_7) i(v_s_1_1) v(d_9_4) v(d_3_3) v(d_5_1) i(v_s_1_5) i(v_s_2_0) v(d_4_0) v(d_1_6) i(v_s_0_2) v(d_0_7) i(v_s_6_3) v(d_8_4) v(d_7_1) v(d_7_6) i(v_s_5_1) i(v_s_2_4) i(v_s_9_1) i(v_s_2_2) v(d_3_2) v(d_2_6) i(v_s_0_6) i(v_s_7_4) v(d_1_1) v(d_5_2) i(v_s_5_0) i(v_s_3_2) i(v_s_5_6) i(v_s_2_5) v(d_3_7) v(d_6_3) i(v_s_3_1) i(v_s_2_1) v(d_6_4) i(v_s_4_0) v(d_7_5) i(v_s_9_7) v(d_8_5) v(d_7_4)
   727     978  ** run the dc sweep analysis.
   728     979  dc v_sweep 0.0 1.6 0.1
   730     980  ** save the output to file.
   731     981  set wr_vecnames
   732     982  set wr_singlescale
   733     983  wrdata /home/gazi/Desktop/Work/custom_packages/aivalanche/aivalanche_app/src/aivalanche_app/data_store/projects/project_1.gazi.5ce9039e-e488-419b-92e8-c95a713c4994/models/model_1.0e00713a-4f68-42d4-9653-2a40c98c558f/calibration_08_08_2024-15_07_37/simulation_files/dc_sweep_10.csv v(d_5_5) i(v_s_3_4) v(d_8_2) v(d_9_2) v(d_0_5) v(d_7_7) i(v_s_8_6) v(d_6_0) v(d_1_5) i(v_s_4_4) i(v_s_6_5) v(d_4_4) i(v_s_4_5) i(v_s_7_6) i(v_s_8_1) v(d_4_2) i(v_s_7_5) i(v_s_0_5) v(d_1_2) v(d_0_4) v(d_1_3) v(d_1_0) v(d_2_7) i(v_s_1_7) v(d_7_3) v(d_3_4) v(d_2_0) v(d_3_5) v(d_0_3) i(v_s_6_1) v(d_3_6) v(d_6_6) v(d_5_7) v(d_4_1) i(v_s_9_4) v(d_2_5) v(d_5_3) i(v_s_4_2) v(d_6_7) v(d_5_6) i(v_s_6_0) v(d_0_6) i(v_s_0_1) i(v_s_7_1) v(d_2_4) i(v_s_8_4) i(v_s_8_2) v(d_9_7) i(v_s_1_3) i(v_s_2_6) v(d_4_5) v(d_5_0) i(v_s_9_0) v(d_4_6) i(v_s_1_0) i(v_s_5_4) i(v_s_6_2) i(v_s_7_2) i(v_s_8_5) v(d_8_6) i(v_s_3_3) i(v_s_9_6) i(v_s_4_7) i(v_s_0_4) v(d_4_7) i(v_s_2_7) v(d_6_5) v(d_4_3) i(v_s_1_6) i(v_s_5_5) i(v_s_5_7) v(d_6_1) i(v_s_4_1) i(v_s_5_3) i(v_s_3_6) v(d_7_0) v(d_0_2) i(v_s_9_2) v(d_0_1) i(v_s_0_3) v(d_7_2) i(v_s_4_6) v(d_8_3) v(d_5_4) v(d_0_0) i(v_s_2_3) v(d_2_3) i(v_s_8_0) v(d_8_0) i(v_s_0_0) v(d_3_1) i(v_s_7_0) i(v_s_8_7) i(v_s_7_7) i(v_s_6_4) i(v_s_6_6) i(v_s_3_0) i(v_s_1_2) v(d_2_1) v(d_8_1) v(d_2_2) i(v_s_0_7) v(d_9_5) v(d_1_7) i(v_s_9_5) v(d_3_0) v(d_9_0) i(v_s_8_3) v(d_6_2) i(v_s_4_3) i(v_s_6_7) i(v_s_5_2) i(v_s_7_3) v(d_9_6) v(d_9_1) v(d_8_7) v(d_9_3) i(v_s_9_3) i(v_s_3_5) i(v_s_3_7) i(v_s_1_1) v(d_9_4) v(d_3_3) v(d_5_1) i(v_s_1_5) i(v_s_2_0) v(d_4_0) v(d_1_6) i(v_s_0_2) v(d_0_7) i(v_s_6_3) v(d_8_4) v(d_7_1) v(d_7_6) i(v_s_5_1) i(v_s_2_4) i(v_s_9_1) i(v_s_2_2) v(d_3_2) v(d_2_6) i(v_s_0_6) i(v_s_7_4) v(d_1_1) v(d_5_2) i(v_s_5_0) i(v_s_3_2) i(v_s_5_6) i(v_s_2_5) v(d_3_7) v(d_6_3) i(v_s_3_1) i(v_s_2_1) v(d_6_4) i(v_s_4_0) v(d_7_5) i(v_s_9_7) v(d_8_5) v(d_7_4)
   735     984  .endc
   736     985  ********** end of control section **********
   738     986  *end
   739     987  .end
