****************** complete mc deck ***************

     0       0  **********************************************************
     0       1  .param gmin=1e-12
     0       2  .global gnd
     0       3  .temp 25.0
     0       4  .subckt dut d g s b params: l=10e-6 w=10e-6 nf=1 m=1 sa=0 sb=0 sc=0 sca=1 scb=1 scc=1 ad=1e-12 pd=1e-6 as=1e-12 ps=1e-6 nrs=1 nrd=1 binunit=1 paramchk=0 mobmod=0 capmod=2 rdsmod=0 igcmod=0 igbmod=0 rbodymod=0 trnqsmod=0 acnqsmod=0 fnoimod=1 tnoimod=0 diomod=1 tempmod=2 permod=1 geomod=0 rgeomod=0 rgatemod=0 wpemod=0 lmax=1e-4 wmax=1 epsrox=3.9 toxe=3e-9 toxp=2.8e-9 toxm=3e-9 xj=1e-7 ndep=1.7e17 ngate=1e23 nsd=1e20 rsh=0 rshg=0.1 phin=0 wint=0 wl=0 wln=1 ww=0 wwn=1 wwl=0 lint=0 ll=0 lln=1 lw=0 lwn=1 lwl=0 llc=0 lwc=0 lwlc=0 wlc=0 wwc=0 wwlc=0 dwg=0 dwb=0 xl=0 xw=0 dmcg=0 dmci=0 dmdg=0 dmcgt=0 dwj=0 xgw=0 xgl=0 ngcon=1 vth0=0.5 vfb=-1 k1=0.5 k2=-0.0186 k3=0 k3b=0 w0=1e-7 lpe0=1.74e-7 lpeb=0 vbm=-3 dvtp0=5e-7 dvtp1=0 dvt0=2.2 dvt1=0.53 dvt2=-0.032 dvt0w=0 dvt1w=5.3 dvt2w=-0.032 vfbsdoff=0 u0=0.05 ua=1e-9 ub=1e-18 uc=-4.65e-11 ud=0 up=0 lp=1e-7 eu=1.67 vsat=8e4 a0=1 ags=0 b0=0 b1=0 keta=-0.047 a1=0 a2=1 rdsw=200 rdswmin=0 rdw=100 rdwmin=0 rsw=100 rswmin=0 prwb=0 prwg=0 wr=1 voff=-0.08 voffl=0 minv=0 nfactor=1 eta0=0.08 etab=-0.07 dsub=0.56 cit=0 cdsc=2.4e-4 cdscb=0 cdscd=0 pclm=0.5 pdiblc1=0.39 pdiblc2=8.6e-3 pdiblcb=0 drout=0.56 pscbe1=5e9 pscbe2=5e-6 pvag=0 delta=0.01 fprout=0 pdits=1e-3 pditsl=1 pditsd=0 lambda=0 vtl=0 lc=0 xn=3 alpha0=0 alpha1=0 beta0=15 aigbacc=0.43 bigbacc=0.054 cigbacc=0.075 nigbacc=1 aigbinv=0.05 bigbinv=0 cigbinv=6e-3 eigbinv=1.1 nigbinv=3 aigc=0.054 bigc=0.054 cigc=0.075 aigsd=0.43 bigsd=0.054 cigsd=0.075 dlcig=5e-9 nigc=1 poxedge=1 pigcd=1 ntox=1 toxref=3e-9 agidl=0 bgidl=2.3e9 cgidl=0.5 egidl=0.8 xpart=0 cgso=5e-11 cgdo=5e-11 cgbo=1e-12 ckappas=0.6 ckappad=0.6 cf=5e-11 clc=1e-7 cle=0.6 dlc=0 dwc=0 vfbcv=-1 noff=1 voffcv=0 acde=1 moin=15 cgsl=1e-10 cgdl=1e-10 ijthsrev=0.1 ijthdrev=0.1 ijthsfwd=0.1 ijthdfwd=0.1 xjbvs=1 xjbvd=1 bvs=10 bvd=10 jss=1e-4 jsd=1e-4 jsws=1e-14 jswd=1e-14 jswgs=1e-13 jswgd=1e-14 jtss=0 jtsd=0 jtssws=0 jtsswd=0 jtsswgs=0 jtsswgd=0 njts=20 njtssw=20 njtsswg=20 xtss=0.02 xtsd=0.02 xtssws=0.02 xtsswd=0.02 xtsswgs=0.02 xtsswgd=0.02 vtss=10 vtsd=10 vtssws=10 vtsswd=10 vtsswgs=10 vtsswgd=10 tnjts=0 tnjtssw=0 tnjtsswg=0 cjs=5e-4 cjd=5e-4 mjs=0.5 mjd=0.5 mjsws=0.33 mjswd=0.33 cjsws=1e-10 cjswd=1e-10 cjswgs=5e-10 cjswgd=5e-10 mjswgs=0.33 mjswgd=0.33 pbs=0.8 pbd=0.8 pbsws=0.8 pbswd=0.8 pbswgs=0.8 pbswgd=0.8 tnom=25 ute=-1.5 kt1=-0.11 kt1l=0 kt2=0.022 ua1=6.71e-3 ub1=-3.35e-3 uc1=4.1e-3 ud1=0 at=8.13e-3 prt=0 njs=1 njd=1 xtis=3 xtid=3 tpb=0 tpbsw=0 tpbswg=0 tcj=0 tcjsw=0 tcjswg=0 tvoff=0 tvfbsdoff=0 saref=1e-6 sbref=1e-6 wlod=0 ku0=0 kvsat=0 kvth0=0 tku0=0 llodku0=1 wlodku0=1 llodvth=1 wlodvth=1 lku0=0 wku0=0 pku0=0 lkvth0=0 wkvth0=0 pkvth0=0 stk2=0 lodk2=1 steta0=0 lodeta0=1 web=0 wec=0 kvth0we=0 k2we=0 ku0we=0 scref=1e-6 wmin=0.28e-6 lmin=0.22e-6 bin_pvsat=0 bin_prdsw=0 bin_ppclm=0 bin_wketa=0 bin_lketa=0 bin_pketa=0 bin_wk3=0 bin_wk3b=0
     0       5  .model nch nmos version=4.8 level=54 binunit={binunit} paramchk={paramchk} mobmod={mobmod} capmod={capmod} rdsmod={rdsmod} igcmod={igcmod} igbmod={igbmod} rbodymod={rbodymod} trnqsmod={trnqsmod} acnqsmod={acnqsmod} fnoimod={fnoimod} tnoimod={tnoimod} diomod={diomod} tempmod={tempmod} permod={permod} geomod={geomod} rgeomod={rgeomod} rgatemod={rgatemod} wpemod={wpemod} lmin={lmin} lmax={lmax} wmin={wmin} wmax={wmax} epsrox={epsrox} toxe={toxe} toxp={toxp} toxm={toxm} xj={xj} ndep={ndep} ngate={ngate} nsd={nsd} rsh={rsh} rshg={rshg} phin={phin} wint={wint} wl={wl} wln={wln} ww={ww} wwn={wwn} wwl={wwl} lint={lint} ll={ll} lln={lln} lw={lw} lwn={lwn} lwl={lwl} llc={llc} lwc={lwc} lwlc={lwlc} wlc={wlc} wwc={wwc} wwlc={wwlc} dwg={dwg} dwb={dwb} xl={xl} xw={xw} dmcg={dmcg} dmci={dmci} dmdg={dmdg} dmcgt={dmcgt} dwj={dwj} xgw={xgw} xgl={xgl} ngcon={ngcon} vth0={vth0} vfb={vfb} k1={k1} k2={k2} w0={w0} lpe0={lpe0} lpeb={lpeb} vbm={vbm} dvtp0={dvtp0} dvtp1={dvtp1} dvt0={dvt0} dvt1={dvt1} dvt2={dvt2} dvt0w={dvt0w} dvt1w={dvt1w} dvt2w={dvt2w} vfbsdoff={vfbsdoff} u0={u0} ua={ua} ub={ub} uc={uc} ud={ud} up={up} lp={lp} eu={eu} a0={a0} ags={ags} b0={b0} b1={b1} a1={a1} a2={a2} rdw={rdw} rdswmin={rdswmin} rdwmin={rdwmin} rsw={rsw} rswmin={rswmin} prwb={prwb} prwg={prwg} wr={wr} voff={voff} voffl={voffl} minv={minv} nfactor={nfactor} eta0={eta0} etab={etab} dsub={dsub} cit={cit} cdsc={cdsc} cdscb={cdscb} cdscd={cdscd} pdiblc1={pdiblc1} pdiblc2={pdiblc2} pdiblcb={pdiblcb} drout={drout} pscbe1={pscbe1} pscbe2={pscbe2} pvag={pvag} delta={delta} fprout={fprout} pdits={pdits} pditsl={pditsl} pditsd={pditsd} lambda={lambda} vtl={vtl} lc={lc} xn={xn} alpha0={alpha0} alpha1={alpha1} beta0={beta0} aigbacc={aigbacc} bigbacc={bigbacc} cigbacc={cigbacc} nigbacc={nigbacc} aigbinv={aigbinv} bigbinv={bigbinv} cigbinv={cigbinv} eigbinv={eigbinv} nigbinv={nigbinv} aigc={aigc} bigc={bigc} cigc={cigc} aigsd={aigsd} bigsd={bigsd} cigsd={cigsd} dlcig={dlcig} nigc={nigc} poxedge={poxedge} pigcd={pigcd} ntox={ntox} toxref={toxref} agidl={agidl} bgidl={bgidl} cgidl={cgidl} egidl={egidl} xpart={xpart} cgso={cgso} cgdo={cgdo} cgbo={cgbo} ckappas={ckappas} ckappad={ckappad} cf={cf} clc={clc} cle={cle} dlc={dlc} dwc={dwc} vfbcv={vfbcv} noff={noff} voffcv={voffcv} acde={acde} moin={moin} cgsl={cgsl} cgdl={cgdl} ijthsrev={ijthsrev} ijthdrev={ijthdrev} ijthsfwd={ijthsfwd} ijthdfwd={ijthdfwd} xjbvs={xjbvs} xjbvd={xjbvd} bvs={bvs} bvd={bvd} jss={jss} jsd={jsd} jsws={jsws} jswd={jswd} jswgs={jswgs} jswgd={jswgd} jtss={jtss} jtsd={jtsd} jtssws={jtssws} jtsswd={jtsswd} jtsswgs={jtsswgs} jtsswgd={jtsswgd} njts={njts} njtssw={njtssw} njtsswg={njtsswg} xtss={xtss} xtsd={xtsd} xtssws={xtssws} xtsswd={xtsswd} xtsswgs={xtsswgs} xtsswgd={xtsswgd} vtss={vtss} vtsd={vtsd} vtssws={vtssws} vtsswd={vtsswd} vtsswgs={vtsswgs} vtsswgd={vtsswgd} tnjts={tnjts} tnjtssw={tnjtssw} tnjtsswg={tnjtsswg} cjs={cjs} cjd={cjd} mjs={mjs} mjd={mjd} mjsws={mjsws} mjswd={mjswd} cjsws={cjsws} cjswd={cjswd} cjswgs={cjswgs} cjswgd={cjswgd} mjswgs={mjswgs} mjswgd={mjswgd} pbs={pbs} pbd={pbd} pbsws={pbsws} pbswd={pbswd} pbswgs={pbswgs} pbswgd={pbswgd} tnom={tnom} ute={ute} kt1={kt1} kt1l={kt1l} kt2={kt2} ua1={ua1} ub1={ub1} uc1={uc1} ud1={ud1} at={at} prt={prt} njs={njs} njd={njd} xtis={xtis} xtid={xtid} tpb={tpb} tpbsw={tpbsw} tpbswg={tpbswg} tcj={tcj} tcjsw={tcjsw} tcjswg={tcjswg} tvoff={tvoff} tvfbsdoff={tvfbsdoff} saref={saref} sbref={sbref} wlod={wlod} ku0={ku0} kvsat={kvsat} kvth0={kvth0} tku0={tku0} llodku0={llodku0} wlodku0={wlodku0} llodvth={llodvth} wlodvth={wlodvth} lku0={lku0} wku0={wku0} pku0={pku0} lkvth0={lkvth0} wkvth0={wkvth0} pkvth0={pkvth0} stk2={stk2} lodk2={lodk2} steta0={steta0} lodeta0={lodeta0} web={web} wec={wec} kvth0we={kvth0we} k2we={k2we} ku0we={ku0we} scref={scref} vsat={vsat} pvsat={vsat*bin_pvsat*(lmin*wmin)} rdsw={rdsw} prdsw={rdsw*bin_prdsw*(lmin*wmin)} pclm={pclm} ppclm={pclm*bin_ppclm*(lmin*wmin)} keta={keta} lketa={keta*bin_lketa*lmin} wketa={keta*bin_wketa*wmin} pketa={keta*bin_pketa*(lmin*wmin)} k3={k3} wk3={k3*bin_wk3*wmin} k3b={k3b} wk3b={k3b*bin_wk3b*wmin}
     0       6  m1 d g s b nch l={l} w={w} nf={nf} m={m} sa={sa} sb={sb} sc={sc} sca={sca} scb={scb} scc={scc} ad={ad} pd={pd} as={as} ps={ps} nrs={nrs} nrd={nrd}
     0       7  .ends
     0       8  v_ds_10_0 d_10_0 0 0.05
     0       9  e_gs_10_0 g_10_0 0 v_sweep 0 1
     0      10  v_s_10_0 s_10_0 0 0
     0      11  v_bs_10_0 b_10_0 0 -1.0
     0      12  x_10_0 d_10_0 g_10_0 s_10_0 b_10_0 dut 1e-05 1e-05 1 1.0 0 0 0 1 1 1 1e-12 1e-6 1e-12 1e-6 1 1 1 0 0 2 0 0 0 0 0 0 1 0 1 2 1 0 0 0 0 1e-4 1 3.9 3e-9  2.5283648400390646e-09 3e-9 1e-7  2.513137011637006e+16  1.1651553986299767e+19 1e20 0 0.1 0  1*-8.831661153537918e-08 0 1  1*-9.396706795154786e-14 1  6.826105009382718e-20 1*-5.155602414649769e-08  9.61453132805084e-14 1 0 1  1*-2.598267962804297e-21 0 0 0 0 0 0  1.2288982194797635e-08 0 0 0 0 0 0 0 0 0 0 1  1.6502996151425715 {-1}  0.06616739376322876  0.011125391543644989  67.85946618308395  1*-19.60802463020844  1.0482874077450323e-08 1.74e-7 0 {-3} 5e-7 0  9.348216928087822  1.4517654371803352  1*-0.07421757726239225 9.147961189439465  31.03073845826344  1*-0.004780399724894344 0  255.1859415424868  1.563369125859135e-10  3.7970351166965e-21  3.0318084569789787e-09 0 0 1e-7 1.67  120288.02068995887 2.626125009348153  1.1072049080931825 0 0  1*-0.04719534597375924 0.05088217142409034  0.5946952970911885  729.7610475717817 0 100 0 100 0 0 0 1  1*-0.010636654646327653  1.7224654220201368e-09 0  0.9301732048423627 0.19564157983904398  1*-0.10488426890389202 0.33899632521464007 0 2.4e-4 0 0  8.773071843847125e-08  6.987591244064103e-07  0.0008759361914234717  1*-0.8100930349728017 1.606298599243046 5e9 5e-6  1.2462766280624296 0.01 0 1e-3 1 0 0 0 0 3 0 0 15 0.43 0.054 0.075 1 0.05 0 6e-3 1.1 3 0.054 0.054 0.075 0.43 0.054 0.075 5e-9 1 1 1 1 3e-9 0 2.3e9 0.5 0.8  0.8251506129387414 5e-11  3.229479323306168e-10 1e-12  13.625848985112958 0.6  1.7898894163002573e-10  3.4059897922918125e-08  0.6320842741814965  3.1206659810964594e-08 0 {-1}  1.3688975561110386  1*-0.14931210619627294 0.6040943204774073  23.85750162490291 1e-10  6.148372987487574e-10 0.1 0.1 0.1 0.1 1 1 10 10 1e-4 1e-4 1e-14 1e-14 1e-13 1e-14 0 0 0 0 0 0 20 20 20 0.02 0.02 0.02 0.02 0.02 0.02 10 10 10 10 10 10 0 0 0 5e-4 5e-4 0.5 0.5 0.33 0.33 1e-10 1e-10 5e-10 5e-10 0.33 0.33 0.8 0.8 0.8 0.8 0.8 0.8 25 {-1.5} {-0.11} 0 0.022 6.71e-3 {-3.35e-3} 4.1e-3 0 8.13e-3 0 1 1 3 3 0 0 0 0 0 0 0 0 1e-6 1e-6 0 0 0 0 0 1 1 1 1 0 0 0 0 0 0 0 1 0 1 0 0 0 0 0 1e-6 0.28e-6 0.22e-6  0.8437752622664191 0.1657314960359324 0.2302504168614232  0.2605051011463085 0.5801339681251597  0.21893077442656117  0.8439336703177824  0.5287579554092193 
     0      13  v_ds_10_1 d_10_1 0 0.05
     0      14  e_gs_10_1 g_10_1 0 v_sweep 0 1
     0      15  v_s_10_1 s_10_1 0 0
     0      16  v_bs_10_1 b_10_1 0 -0.75
     0      17  x_10_1 d_10_1 g_10_1 s_10_1 b_10_1 dut 1e-05 1e-05 1 1.0 0 0 0 1 1 1 1e-12 1e-6 1e-12 1e-6 1 1 1 0 0 2 0 0 0 0 0 0 1 0 1 2 1 0 0 0 0 1e-4 1 3.9 3e-9  2.5283648400390646e-09 3e-9 1e-7  2.513137011637006e+16  1.1651553986299767e+19 1e20 0 0.1 0  1*-8.831661153537918e-08 0 1  1*-9.396706795154786e-14 1  6.826105009382718e-20 1*-5.155602414649769e-08  9.61453132805084e-14 1 0 1  1*-2.598267962804297e-21 0 0 0 0 0 0  1.2288982194797635e-08 0 0 0 0 0 0 0 0 0 0 1  1.6502996151425715 {-1}  0.06616739376322876  0.011125391543644989  67.85946618308395  1*-19.60802463020844  1.0482874077450323e-08 1.74e-7 0 {-3} 5e-7 0  9.348216928087822  1.4517654371803352  1*-0.07421757726239225 9.147961189439465  31.03073845826344  1*-0.004780399724894344 0  255.1859415424868  1.563369125859135e-10  3.7970351166965e-21  3.0318084569789787e-09 0 0 1e-7 1.67  120288.02068995887 2.626125009348153  1.1072049080931825 0 0  1*-0.04719534597375924 0.05088217142409034  0.5946952970911885  729.7610475717817 0 100 0 100 0 0 0 1  1*-0.010636654646327653  1.7224654220201368e-09 0  0.9301732048423627 0.19564157983904398  1*-0.10488426890389202 0.33899632521464007 0 2.4e-4 0 0  8.773071843847125e-08  6.987591244064103e-07  0.0008759361914234717  1*-0.8100930349728017 1.606298599243046 5e9 5e-6  1.2462766280624296 0.01 0 1e-3 1 0 0 0 0 3 0 0 15 0.43 0.054 0.075 1 0.05 0 6e-3 1.1 3 0.054 0.054 0.075 0.43 0.054 0.075 5e-9 1 1 1 1 3e-9 0 2.3e9 0.5 0.8  0.8251506129387414 5e-11  3.229479323306168e-10 1e-12  13.625848985112958 0.6  1.7898894163002573e-10  3.4059897922918125e-08  0.6320842741814965  3.1206659810964594e-08 0 {-1}  1.3688975561110386  1*-0.14931210619627294 0.6040943204774073  23.85750162490291 1e-10  6.148372987487574e-10 0.1 0.1 0.1 0.1 1 1 10 10 1e-4 1e-4 1e-14 1e-14 1e-13 1e-14 0 0 0 0 0 0 20 20 20 0.02 0.02 0.02 0.02 0.02 0.02 10 10 10 10 10 10 0 0 0 5e-4 5e-4 0.5 0.5 0.33 0.33 1e-10 1e-10 5e-10 5e-10 0.33 0.33 0.8 0.8 0.8 0.8 0.8 0.8 25 {-1.5} {-0.11} 0 0.022 6.71e-3 {-3.35e-3} 4.1e-3 0 8.13e-3 0 1 1 3 3 0 0 0 0 0 0 0 0 1e-6 1e-6 0 0 0 0 0 1 1 1 1 0 0 0 0 0 0 0 1 0 1 0 0 0 0 0 1e-6 0.28e-6 0.22e-6  0.8437752622664191 0.1657314960359324 0.2302504168614232  0.2605051011463085 0.5801339681251597  0.21893077442656117  0.8439336703177824  0.5287579554092193 
     0      18  v_ds_10_2 d_10_2 0 0.05
     0      19  e_gs_10_2 g_10_2 0 v_sweep 0 1
     0      20  v_s_10_2 s_10_2 0 0
     0      21  v_bs_10_2 b_10_2 0 -0.5
     0      22  x_10_2 d_10_2 g_10_2 s_10_2 b_10_2 dut 1e-05 1e-05 1 1.0 0 0 0 1 1 1 1e-12 1e-6 1e-12 1e-6 1 1 1 0 0 2 0 0 0 0 0 0 1 0 1 2 1 0 0 0 0 1e-4 1 3.9 3e-9  2.5283648400390646e-09 3e-9 1e-7  2.513137011637006e+16  1.1651553986299767e+19 1e20 0 0.1 0  1*-8.831661153537918e-08 0 1  1*-9.396706795154786e-14 1  6.826105009382718e-20 1*-5.155602414649769e-08  9.61453132805084e-14 1 0 1  1*-2.598267962804297e-21 0 0 0 0 0 0  1.2288982194797635e-08 0 0 0 0 0 0 0 0 0 0 1  1.6502996151425715 {-1}  0.06616739376322876  0.011125391543644989  67.85946618308395  1*-19.60802463020844  1.0482874077450323e-08 1.74e-7 0 {-3} 5e-7 0  9.348216928087822  1.4517654371803352  1*-0.07421757726239225 9.147961189439465  31.03073845826344  1*-0.004780399724894344 0  255.1859415424868  1.563369125859135e-10  3.7970351166965e-21  3.0318084569789787e-09 0 0 1e-7 1.67  120288.02068995887 2.626125009348153  1.1072049080931825 0 0  1*-0.04719534597375924 0.05088217142409034  0.5946952970911885  729.7610475717817 0 100 0 100 0 0 0 1  1*-0.010636654646327653  1.7224654220201368e-09 0  0.9301732048423627 0.19564157983904398  1*-0.10488426890389202 0.33899632521464007 0 2.4e-4 0 0  8.773071843847125e-08  6.987591244064103e-07  0.0008759361914234717  1*-0.8100930349728017 1.606298599243046 5e9 5e-6  1.2462766280624296 0.01 0 1e-3 1 0 0 0 0 3 0 0 15 0.43 0.054 0.075 1 0.05 0 6e-3 1.1 3 0.054 0.054 0.075 0.43 0.054 0.075 5e-9 1 1 1 1 3e-9 0 2.3e9 0.5 0.8  0.8251506129387414 5e-11  3.229479323306168e-10 1e-12  13.625848985112958 0.6  1.7898894163002573e-10  3.4059897922918125e-08  0.6320842741814965  3.1206659810964594e-08 0 {-1}  1.3688975561110386  1*-0.14931210619627294 0.6040943204774073  23.85750162490291 1e-10  6.148372987487574e-10 0.1 0.1 0.1 0.1 1 1 10 10 1e-4 1e-4 1e-14 1e-14 1e-13 1e-14 0 0 0 0 0 0 20 20 20 0.02 0.02 0.02 0.02 0.02 0.02 10 10 10 10 10 10 0 0 0 5e-4 5e-4 0.5 0.5 0.33 0.33 1e-10 1e-10 5e-10 5e-10 0.33 0.33 0.8 0.8 0.8 0.8 0.8 0.8 25 {-1.5} {-0.11} 0 0.022 6.71e-3 {-3.35e-3} 4.1e-3 0 8.13e-3 0 1 1 3 3 0 0 0 0 0 0 0 0 1e-6 1e-6 0 0 0 0 0 1 1 1 1 0 0 0 0 0 0 0 1 0 1 0 0 0 0 0 1e-6 0.28e-6 0.22e-6  0.8437752622664191 0.1657314960359324 0.2302504168614232  0.2605051011463085 0.5801339681251597  0.21893077442656117  0.8439336703177824  0.5287579554092193 
     0      23  v_ds_10_3 d_10_3 0 0.05
     0      24  e_gs_10_3 g_10_3 0 v_sweep 0 1
     0      25  v_s_10_3 s_10_3 0 0
     0      26  v_bs_10_3 b_10_3 0 -0.25
     0      27  x_10_3 d_10_3 g_10_3 s_10_3 b_10_3 dut 1e-05 1e-05 1 1.0 0 0 0 1 1 1 1e-12 1e-6 1e-12 1e-6 1 1 1 0 0 2 0 0 0 0 0 0 1 0 1 2 1 0 0 0 0 1e-4 1 3.9 3e-9  2.5283648400390646e-09 3e-9 1e-7  2.513137011637006e+16  1.1651553986299767e+19 1e20 0 0.1 0  1*-8.831661153537918e-08 0 1  1*-9.396706795154786e-14 1  6.826105009382718e-20 1*-5.155602414649769e-08  9.61453132805084e-14 1 0 1  1*-2.598267962804297e-21 0 0 0 0 0 0  1.2288982194797635e-08 0 0 0 0 0 0 0 0 0 0 1  1.6502996151425715 {-1}  0.06616739376322876  0.011125391543644989  67.85946618308395  1*-19.60802463020844  1.0482874077450323e-08 1.74e-7 0 {-3} 5e-7 0  9.348216928087822  1.4517654371803352  1*-0.07421757726239225 9.147961189439465  31.03073845826344  1*-0.004780399724894344 0  255.1859415424868  1.563369125859135e-10  3.7970351166965e-21  3.0318084569789787e-09 0 0 1e-7 1.67  120288.02068995887 2.626125009348153  1.1072049080931825 0 0  1*-0.04719534597375924 0.05088217142409034  0.5946952970911885  729.7610475717817 0 100 0 100 0 0 0 1  1*-0.010636654646327653  1.7224654220201368e-09 0  0.9301732048423627 0.19564157983904398  1*-0.10488426890389202 0.33899632521464007 0 2.4e-4 0 0  8.773071843847125e-08  6.987591244064103e-07  0.0008759361914234717  1*-0.8100930349728017 1.606298599243046 5e9 5e-6  1.2462766280624296 0.01 0 1e-3 1 0 0 0 0 3 0 0 15 0.43 0.054 0.075 1 0.05 0 6e-3 1.1 3 0.054 0.054 0.075 0.43 0.054 0.075 5e-9 1 1 1 1 3e-9 0 2.3e9 0.5 0.8  0.8251506129387414 5e-11  3.229479323306168e-10 1e-12  13.625848985112958 0.6  1.7898894163002573e-10  3.4059897922918125e-08  0.6320842741814965  3.1206659810964594e-08 0 {-1}  1.3688975561110386  1*-0.14931210619627294 0.6040943204774073  23.85750162490291 1e-10  6.148372987487574e-10 0.1 0.1 0.1 0.1 1 1 10 10 1e-4 1e-4 1e-14 1e-14 1e-13 1e-14 0 0 0 0 0 0 20 20 20 0.02 0.02 0.02 0.02 0.02 0.02 10 10 10 10 10 10 0 0 0 5e-4 5e-4 0.5 0.5 0.33 0.33 1e-10 1e-10 5e-10 5e-10 0.33 0.33 0.8 0.8 0.8 0.8 0.8 0.8 25 {-1.5} {-0.11} 0 0.022 6.71e-3 {-3.35e-3} 4.1e-3 0 8.13e-3 0 1 1 3 3 0 0 0 0 0 0 0 0 1e-6 1e-6 0 0 0 0 0 1 1 1 1 0 0 0 0 0 0 0 1 0 1 0 0 0 0 0 1e-6 0.28e-6 0.22e-6  0.8437752622664191 0.1657314960359324 0.2302504168614232  0.2605051011463085 0.5801339681251597  0.21893077442656117  0.8439336703177824  0.5287579554092193 
     0      28  v_ds_10_4 d_10_4 0 0.05
     0      29  e_gs_10_4 g_10_4 0 v_sweep 0 1
     0      30  v_s_10_4 s_10_4 0 0
     0      31  v_bs_10_4 b_10_4 0 0.0
     0      32  x_10_4 d_10_4 g_10_4 s_10_4 b_10_4 dut 1e-05 1e-05 1 1.0 0 0 0 1 1 1 1e-12 1e-6 1e-12 1e-6 1 1 1 0 0 2 0 0 0 0 0 0 1 0 1 2 1 0 0 0 0 1e-4 1 3.9 3e-9  2.5283648400390646e-09 3e-9 1e-7  2.513137011637006e+16  1.1651553986299767e+19 1e20 0 0.1 0  1*-8.831661153537918e-08 0 1  1*-9.396706795154786e-14 1  6.826105009382718e-20 1*-5.155602414649769e-08  9.61453132805084e-14 1 0 1  1*-2.598267962804297e-21 0 0 0 0 0 0  1.2288982194797635e-08 0 0 0 0 0 0 0 0 0 0 1  1.6502996151425715 {-1}  0.06616739376322876  0.011125391543644989  67.85946618308395  1*-19.60802463020844  1.0482874077450323e-08 1.74e-7 0 {-3} 5e-7 0  9.348216928087822  1.4517654371803352  1*-0.07421757726239225 9.147961189439465  31.03073845826344  1*-0.004780399724894344 0  255.1859415424868  1.563369125859135e-10  3.7970351166965e-21  3.0318084569789787e-09 0 0 1e-7 1.67  120288.02068995887 2.626125009348153  1.1072049080931825 0 0  1*-0.04719534597375924 0.05088217142409034  0.5946952970911885  729.7610475717817 0 100 0 100 0 0 0 1  1*-0.010636654646327653  1.7224654220201368e-09 0  0.9301732048423627 0.19564157983904398  1*-0.10488426890389202 0.33899632521464007 0 2.4e-4 0 0  8.773071843847125e-08  6.987591244064103e-07  0.0008759361914234717  1*-0.8100930349728017 1.606298599243046 5e9 5e-6  1.2462766280624296 0.01 0 1e-3 1 0 0 0 0 3 0 0 15 0.43 0.054 0.075 1 0.05 0 6e-3 1.1 3 0.054 0.054 0.075 0.43 0.054 0.075 5e-9 1 1 1 1 3e-9 0 2.3e9 0.5 0.8  0.8251506129387414 5e-11  3.229479323306168e-10 1e-12  13.625848985112958 0.6  1.7898894163002573e-10  3.4059897922918125e-08  0.6320842741814965  3.1206659810964594e-08 0 {-1}  1.3688975561110386  1*-0.14931210619627294 0.6040943204774073  23.85750162490291 1e-10  6.148372987487574e-10 0.1 0.1 0.1 0.1 1 1 10 10 1e-4 1e-4 1e-14 1e-14 1e-13 1e-14 0 0 0 0 0 0 20 20 20 0.02 0.02 0.02 0.02 0.02 0.02 10 10 10 10 10 10 0 0 0 5e-4 5e-4 0.5 0.5 0.33 0.33 1e-10 1e-10 5e-10 5e-10 0.33 0.33 0.8 0.8 0.8 0.8 0.8 0.8 25 {-1.5} {-0.11} 0 0.022 6.71e-3 {-3.35e-3} 4.1e-3 0 8.13e-3 0 1 1 3 3 0 0 0 0 0 0 0 0 1e-6 1e-6 0 0 0 0 0 1 1 1 1 0 0 0 0 0 0 0 1 0 1 0 0 0 0 0 1e-6 0.28e-6 0.22e-6  0.8437752622664191 0.1657314960359324 0.2302504168614232  0.2605051011463085 0.5801339681251597  0.21893077442656117  0.8439336703177824  0.5287579554092193 
     0      33  v_ds_11_0 d_11_0 0 1.6
     0      34  e_gs_11_0 g_11_0 0 v_sweep 0 1
     0      35  v_s_11_0 s_11_0 0 0
     0      36  v_bs_11_0 b_11_0 0 -1.0
     0      37  x_11_0 d_11_0 g_11_0 s_11_0 b_11_0 dut 1e-05 1e-05 1 1.0 0 0 0 1 1 1 1e-12 1e-6 1e-12 1e-6 1 1 1 0 0 2 0 0 0 0 0 0 1 0 1 2 1 0 0 0 0 1e-4 1 3.9 3e-9  2.5283648400390646e-09 3e-9 1e-7  2.513137011637006e+16  1.1651553986299767e+19 1e20 0 0.1 0  1*-8.831661153537918e-08 0 1  1*-9.396706795154786e-14 1  6.826105009382718e-20 1*-5.155602414649769e-08  9.61453132805084e-14 1 0 1  1*-2.598267962804297e-21 0 0 0 0 0 0  1.2288982194797635e-08 0 0 0 0 0 0 0 0 0 0 1  1.6502996151425715 {-1}  0.06616739376322876  0.011125391543644989  67.85946618308395  1*-19.60802463020844  1.0482874077450323e-08 1.74e-7 0 {-3} 5e-7 0  9.348216928087822  1.4517654371803352  1*-0.07421757726239225 9.147961189439465  31.03073845826344  1*-0.004780399724894344 0  255.1859415424868  1.563369125859135e-10  3.7970351166965e-21  3.0318084569789787e-09 0 0 1e-7 1.67  120288.02068995887 2.626125009348153  1.1072049080931825 0 0  1*-0.04719534597375924 0.05088217142409034  0.5946952970911885  729.7610475717817 0 100 0 100 0 0 0 1  1*-0.010636654646327653  1.7224654220201368e-09 0  0.9301732048423627 0.19564157983904398  1*-0.10488426890389202 0.33899632521464007 0 2.4e-4 0 0  8.773071843847125e-08  6.987591244064103e-07  0.0008759361914234717  1*-0.8100930349728017 1.606298599243046 5e9 5e-6  1.2462766280624296 0.01 0 1e-3 1 0 0 0 0 3 0 0 15 0.43 0.054 0.075 1 0.05 0 6e-3 1.1 3 0.054 0.054 0.075 0.43 0.054 0.075 5e-9 1 1 1 1 3e-9 0 2.3e9 0.5 0.8  0.8251506129387414 5e-11  3.229479323306168e-10 1e-12  13.625848985112958 0.6  1.7898894163002573e-10  3.4059897922918125e-08  0.6320842741814965  3.1206659810964594e-08 0 {-1}  1.3688975561110386  1*-0.14931210619627294 0.6040943204774073  23.85750162490291 1e-10  6.148372987487574e-10 0.1 0.1 0.1 0.1 1 1 10 10 1e-4 1e-4 1e-14 1e-14 1e-13 1e-14 0 0 0 0 0 0 20 20 20 0.02 0.02 0.02 0.02 0.02 0.02 10 10 10 10 10 10 0 0 0 5e-4 5e-4 0.5 0.5 0.33 0.33 1e-10 1e-10 5e-10 5e-10 0.33 0.33 0.8 0.8 0.8 0.8 0.8 0.8 25 {-1.5} {-0.11} 0 0.022 6.71e-3 {-3.35e-3} 4.1e-3 0 8.13e-3 0 1 1 3 3 0 0 0 0 0 0 0 0 1e-6 1e-6 0 0 0 0 0 1 1 1 1 0 0 0 0 0 0 0 1 0 1 0 0 0 0 0 1e-6 0.28e-6 0.22e-6  0.8437752622664191 0.1657314960359324 0.2302504168614232  0.2605051011463085 0.5801339681251597  0.21893077442656117  0.8439336703177824  0.5287579554092193 
     0      38  v_ds_11_1 d_11_1 0 1.6
     0      39  e_gs_11_1 g_11_1 0 v_sweep 0 1
     0      40  v_s_11_1 s_11_1 0 0
     0      41  v_bs_11_1 b_11_1 0 -0.75
     0      42  x_11_1 d_11_1 g_11_1 s_11_1 b_11_1 dut 1e-05 1e-05 1 1.0 0 0 0 1 1 1 1e-12 1e-6 1e-12 1e-6 1 1 1 0 0 2 0 0 0 0 0 0 1 0 1 2 1 0 0 0 0 1e-4 1 3.9 3e-9  2.5283648400390646e-09 3e-9 1e-7  2.513137011637006e+16  1.1651553986299767e+19 1e20 0 0.1 0  1*-8.831661153537918e-08 0 1  1*-9.396706795154786e-14 1  6.826105009382718e-20 1*-5.155602414649769e-08  9.61453132805084e-14 1 0 1  1*-2.598267962804297e-21 0 0 0 0 0 0  1.2288982194797635e-08 0 0 0 0 0 0 0 0 0 0 1  1.6502996151425715 {-1}  0.06616739376322876  0.011125391543644989  67.85946618308395  1*-19.60802463020844  1.0482874077450323e-08 1.74e-7 0 {-3} 5e-7 0  9.348216928087822  1.4517654371803352  1*-0.07421757726239225 9.147961189439465  31.03073845826344  1*-0.004780399724894344 0  255.1859415424868  1.563369125859135e-10  3.7970351166965e-21  3.0318084569789787e-09 0 0 1e-7 1.67  120288.02068995887 2.626125009348153  1.1072049080931825 0 0  1*-0.04719534597375924 0.05088217142409034  0.5946952970911885  729.7610475717817 0 100 0 100 0 0 0 1  1*-0.010636654646327653  1.7224654220201368e-09 0  0.9301732048423627 0.19564157983904398  1*-0.10488426890389202 0.33899632521464007 0 2.4e-4 0 0  8.773071843847125e-08  6.987591244064103e-07  0.0008759361914234717  1*-0.8100930349728017 1.606298599243046 5e9 5e-6  1.2462766280624296 0.01 0 1e-3 1 0 0 0 0 3 0 0 15 0.43 0.054 0.075 1 0.05 0 6e-3 1.1 3 0.054 0.054 0.075 0.43 0.054 0.075 5e-9 1 1 1 1 3e-9 0 2.3e9 0.5 0.8  0.8251506129387414 5e-11  3.229479323306168e-10 1e-12  13.625848985112958 0.6  1.7898894163002573e-10  3.4059897922918125e-08  0.6320842741814965  3.1206659810964594e-08 0 {-1}  1.3688975561110386  1*-0.14931210619627294 0.6040943204774073  23.85750162490291 1e-10  6.148372987487574e-10 0.1 0.1 0.1 0.1 1 1 10 10 1e-4 1e-4 1e-14 1e-14 1e-13 1e-14 0 0 0 0 0 0 20 20 20 0.02 0.02 0.02 0.02 0.02 0.02 10 10 10 10 10 10 0 0 0 5e-4 5e-4 0.5 0.5 0.33 0.33 1e-10 1e-10 5e-10 5e-10 0.33 0.33 0.8 0.8 0.8 0.8 0.8 0.8 25 {-1.5} {-0.11} 0 0.022 6.71e-3 {-3.35e-3} 4.1e-3 0 8.13e-3 0 1 1 3 3 0 0 0 0 0 0 0 0 1e-6 1e-6 0 0 0 0 0 1 1 1 1 0 0 0 0 0 0 0 1 0 1 0 0 0 0 0 1e-6 0.28e-6 0.22e-6  0.8437752622664191 0.1657314960359324 0.2302504168614232  0.2605051011463085 0.5801339681251597  0.21893077442656117  0.8439336703177824  0.5287579554092193 
     0      43  v_ds_11_2 d_11_2 0 1.6
     0      44  e_gs_11_2 g_11_2 0 v_sweep 0 1
     0      45  v_s_11_2 s_11_2 0 0
     0      46  v_bs_11_2 b_11_2 0 -0.5
     0      47  x_11_2 d_11_2 g_11_2 s_11_2 b_11_2 dut 1e-05 1e-05 1 1.0 0 0 0 1 1 1 1e-12 1e-6 1e-12 1e-6 1 1 1 0 0 2 0 0 0 0 0 0 1 0 1 2 1 0 0 0 0 1e-4 1 3.9 3e-9  2.5283648400390646e-09 3e-9 1e-7  2.513137011637006e+16  1.1651553986299767e+19 1e20 0 0.1 0  1*-8.831661153537918e-08 0 1  1*-9.396706795154786e-14 1  6.826105009382718e-20 1*-5.155602414649769e-08  9.61453132805084e-14 1 0 1  1*-2.598267962804297e-21 0 0 0 0 0 0  1.2288982194797635e-08 0 0 0 0 0 0 0 0 0 0 1  1.6502996151425715 {-1}  0.06616739376322876  0.011125391543644989  67.85946618308395  1*-19.60802463020844  1.0482874077450323e-08 1.74e-7 0 {-3} 5e-7 0  9.348216928087822  1.4517654371803352  1*-0.07421757726239225 9.147961189439465  31.03073845826344  1*-0.004780399724894344 0  255.1859415424868  1.563369125859135e-10  3.7970351166965e-21  3.0318084569789787e-09 0 0 1e-7 1.67  120288.02068995887 2.626125009348153  1.1072049080931825 0 0  1*-0.04719534597375924 0.05088217142409034  0.5946952970911885  729.7610475717817 0 100 0 100 0 0 0 1  1*-0.010636654646327653  1.7224654220201368e-09 0  0.9301732048423627 0.19564157983904398  1*-0.10488426890389202 0.33899632521464007 0 2.4e-4 0 0  8.773071843847125e-08  6.987591244064103e-07  0.0008759361914234717  1*-0.8100930349728017 1.606298599243046 5e9 5e-6  1.2462766280624296 0.01 0 1e-3 1 0 0 0 0 3 0 0 15 0.43 0.054 0.075 1 0.05 0 6e-3 1.1 3 0.054 0.054 0.075 0.43 0.054 0.075 5e-9 1 1 1 1 3e-9 0 2.3e9 0.5 0.8  0.8251506129387414 5e-11  3.229479323306168e-10 1e-12  13.625848985112958 0.6  1.7898894163002573e-10  3.4059897922918125e-08  0.6320842741814965  3.1206659810964594e-08 0 {-1}  1.3688975561110386  1*-0.14931210619627294 0.6040943204774073  23.85750162490291 1e-10  6.148372987487574e-10 0.1 0.1 0.1 0.1 1 1 10 10 1e-4 1e-4 1e-14 1e-14 1e-13 1e-14 0 0 0 0 0 0 20 20 20 0.02 0.02 0.02 0.02 0.02 0.02 10 10 10 10 10 10 0 0 0 5e-4 5e-4 0.5 0.5 0.33 0.33 1e-10 1e-10 5e-10 5e-10 0.33 0.33 0.8 0.8 0.8 0.8 0.8 0.8 25 {-1.5} {-0.11} 0 0.022 6.71e-3 {-3.35e-3} 4.1e-3 0 8.13e-3 0 1 1 3 3 0 0 0 0 0 0 0 0 1e-6 1e-6 0 0 0 0 0 1 1 1 1 0 0 0 0 0 0 0 1 0 1 0 0 0 0 0 1e-6 0.28e-6 0.22e-6  0.8437752622664191 0.1657314960359324 0.2302504168614232  0.2605051011463085 0.5801339681251597  0.21893077442656117  0.8439336703177824  0.5287579554092193 
     0      48  v_ds_11_3 d_11_3 0 1.6
     0      49  e_gs_11_3 g_11_3 0 v_sweep 0 1
     0      50  v_s_11_3 s_11_3 0 0
     0      51  v_bs_11_3 b_11_3 0 -0.25
     0      52  x_11_3 d_11_3 g_11_3 s_11_3 b_11_3 dut 1e-05 1e-05 1 1.0 0 0 0 1 1 1 1e-12 1e-6 1e-12 1e-6 1 1 1 0 0 2 0 0 0 0 0 0 1 0 1 2 1 0 0 0 0 1e-4 1 3.9 3e-9  2.5283648400390646e-09 3e-9 1e-7  2.513137011637006e+16  1.1651553986299767e+19 1e20 0 0.1 0  1*-8.831661153537918e-08 0 1  1*-9.396706795154786e-14 1  6.826105009382718e-20 1*-5.155602414649769e-08  9.61453132805084e-14 1 0 1  1*-2.598267962804297e-21 0 0 0 0 0 0  1.2288982194797635e-08 0 0 0 0 0 0 0 0 0 0 1  1.6502996151425715 {-1}  0.06616739376322876  0.011125391543644989  67.85946618308395  1*-19.60802463020844  1.0482874077450323e-08 1.74e-7 0 {-3} 5e-7 0  9.348216928087822  1.4517654371803352  1*-0.07421757726239225 9.147961189439465  31.03073845826344  1*-0.004780399724894344 0  255.1859415424868  1.563369125859135e-10  3.7970351166965e-21  3.0318084569789787e-09 0 0 1e-7 1.67  120288.02068995887 2.626125009348153  1.1072049080931825 0 0  1*-0.04719534597375924 0.05088217142409034  0.5946952970911885  729.7610475717817 0 100 0 100 0 0 0 1  1*-0.010636654646327653  1.7224654220201368e-09 0  0.9301732048423627 0.19564157983904398  1*-0.10488426890389202 0.33899632521464007 0 2.4e-4 0 0  8.773071843847125e-08  6.987591244064103e-07  0.0008759361914234717  1*-0.8100930349728017 1.606298599243046 5e9 5e-6  1.2462766280624296 0.01 0 1e-3 1 0 0 0 0 3 0 0 15 0.43 0.054 0.075 1 0.05 0 6e-3 1.1 3 0.054 0.054 0.075 0.43 0.054 0.075 5e-9 1 1 1 1 3e-9 0 2.3e9 0.5 0.8  0.8251506129387414 5e-11  3.229479323306168e-10 1e-12  13.625848985112958 0.6  1.7898894163002573e-10  3.4059897922918125e-08  0.6320842741814965  3.1206659810964594e-08 0 {-1}  1.3688975561110386  1*-0.14931210619627294 0.6040943204774073  23.85750162490291 1e-10  6.148372987487574e-10 0.1 0.1 0.1 0.1 1 1 10 10 1e-4 1e-4 1e-14 1e-14 1e-13 1e-14 0 0 0 0 0 0 20 20 20 0.02 0.02 0.02 0.02 0.02 0.02 10 10 10 10 10 10 0 0 0 5e-4 5e-4 0.5 0.5 0.33 0.33 1e-10 1e-10 5e-10 5e-10 0.33 0.33 0.8 0.8 0.8 0.8 0.8 0.8 25 {-1.5} {-0.11} 0 0.022 6.71e-3 {-3.35e-3} 4.1e-3 0 8.13e-3 0 1 1 3 3 0 0 0 0 0 0 0 0 1e-6 1e-6 0 0 0 0 0 1 1 1 1 0 0 0 0 0 0 0 1 0 1 0 0 0 0 0 1e-6 0.28e-6 0.22e-6  0.8437752622664191 0.1657314960359324 0.2302504168614232  0.2605051011463085 0.5801339681251597  0.21893077442656117  0.8439336703177824  0.5287579554092193 
     0      53  v_ds_11_4 d_11_4 0 1.6
     0      54  e_gs_11_4 g_11_4 0 v_sweep 0 1
     0      55  v_s_11_4 s_11_4 0 0
     0      56  v_bs_11_4 b_11_4 0 0.0
     0      57  x_11_4 d_11_4 g_11_4 s_11_4 b_11_4 dut 1e-05 1e-05 1 1.0 0 0 0 1 1 1 1e-12 1e-6 1e-12 1e-6 1 1 1 0 0 2 0 0 0 0 0 0 1 0 1 2 1 0 0 0 0 1e-4 1 3.9 3e-9  2.5283648400390646e-09 3e-9 1e-7  2.513137011637006e+16  1.1651553986299767e+19 1e20 0 0.1 0  1*-8.831661153537918e-08 0 1  1*-9.396706795154786e-14 1  6.826105009382718e-20 1*-5.155602414649769e-08  9.61453132805084e-14 1 0 1  1*-2.598267962804297e-21 0 0 0 0 0 0  1.2288982194797635e-08 0 0 0 0 0 0 0 0 0 0 1  1.6502996151425715 {-1}  0.06616739376322876  0.011125391543644989  67.85946618308395  1*-19.60802463020844  1.0482874077450323e-08 1.74e-7 0 {-3} 5e-7 0  9.348216928087822  1.4517654371803352  1*-0.07421757726239225 9.147961189439465  31.03073845826344  1*-0.004780399724894344 0  255.1859415424868  1.563369125859135e-10  3.7970351166965e-21  3.0318084569789787e-09 0 0 1e-7 1.67  120288.02068995887 2.626125009348153  1.1072049080931825 0 0  1*-0.04719534597375924 0.05088217142409034  0.5946952970911885  729.7610475717817 0 100 0 100 0 0 0 1  1*-0.010636654646327653  1.7224654220201368e-09 0  0.9301732048423627 0.19564157983904398  1*-0.10488426890389202 0.33899632521464007 0 2.4e-4 0 0  8.773071843847125e-08  6.987591244064103e-07  0.0008759361914234717  1*-0.8100930349728017 1.606298599243046 5e9 5e-6  1.2462766280624296 0.01 0 1e-3 1 0 0 0 0 3 0 0 15 0.43 0.054 0.075 1 0.05 0 6e-3 1.1 3 0.054 0.054 0.075 0.43 0.054 0.075 5e-9 1 1 1 1 3e-9 0 2.3e9 0.5 0.8  0.8251506129387414 5e-11  3.229479323306168e-10 1e-12  13.625848985112958 0.6  1.7898894163002573e-10  3.4059897922918125e-08  0.6320842741814965  3.1206659810964594e-08 0 {-1}  1.3688975561110386  1*-0.14931210619627294 0.6040943204774073  23.85750162490291 1e-10  6.148372987487574e-10 0.1 0.1 0.1 0.1 1 1 10 10 1e-4 1e-4 1e-14 1e-14 1e-13 1e-14 0 0 0 0 0 0 20 20 20 0.02 0.02 0.02 0.02 0.02 0.02 10 10 10 10 10 10 0 0 0 5e-4 5e-4 0.5 0.5 0.33 0.33 1e-10 1e-10 5e-10 5e-10 0.33 0.33 0.8 0.8 0.8 0.8 0.8 0.8 25 {-1.5} {-0.11} 0 0.022 6.71e-3 {-3.35e-3} 4.1e-3 0 8.13e-3 0 1 1 3 3 0 0 0 0 0 0 0 0 1e-6 1e-6 0 0 0 0 0 1 1 1 1 0 0 0 0 0 0 0 1 0 1 0 0 0 0 0 1e-6 0.28e-6 0.22e-6  0.8437752622664191 0.1657314960359324 0.2302504168614232  0.2605051011463085 0.5801339681251597  0.21893077442656117  0.8439336703177824  0.5287579554092193 
     0      58  v_ds_12_0 d_12_0 0 0.05
     0      59  e_gs_12_0 g_12_0 0 v_sweep 0 1
     0      60  v_s_12_0 s_12_0 0 0
     0      61  v_bs_12_0 b_12_0 0 -1.0
     0      62  x_12_0 d_12_0 g_12_0 s_12_0 b_12_0 dut 5e-06 5e-06 1 1.0 0 0 0 1 1 1 1e-12 1e-6 1e-12 1e-6 1 1 1 0 0 2 0 0 0 0 0 0 1 0 1 2 1 0 0 0 0 1e-4 1 3.9 3e-9  2.5283648400390646e-09 3e-9 1e-7  2.513137011637006e+16  1.1651553986299767e+19 1e20 0 0.1 0  1*-8.831661153537918e-08 0 1  1*-9.396706795154786e-14 1  6.826105009382718e-20 1*-5.155602414649769e-08  9.61453132805084e-14 1 0 1  1*-2.598267962804297e-21 0 0 0 0 0 0  1.2288982194797635e-08 0 0 0 0 0 0 0 0 0 0 1  1.6502996151425715 {-1}  0.06616739376322876  0.011125391543644989  67.85946618308395  1*-19.60802463020844  1.0482874077450323e-08 1.74e-7 0 {-3} 5e-7 0  9.348216928087822  1.4517654371803352  1*-0.07421757726239225 9.147961189439465  31.03073845826344  1*-0.004780399724894344 0  255.1859415424868  1.563369125859135e-10  3.7970351166965e-21  3.0318084569789787e-09 0 0 1e-7 1.67  120288.02068995887 2.626125009348153  1.1072049080931825 0 0  1*-0.04719534597375924 0.05088217142409034  0.5946952970911885  729.7610475717817 0 100 0 100 0 0 0 1  1*-0.010636654646327653  1.7224654220201368e-09 0  0.9301732048423627 0.19564157983904398  1*-0.10488426890389202 0.33899632521464007 0 2.4e-4 0 0  8.773071843847125e-08  6.987591244064103e-07  0.0008759361914234717  1*-0.8100930349728017 1.606298599243046 5e9 5e-6  1.2462766280624296 0.01 0 1e-3 1 0 0 0 0 3 0 0 15 0.43 0.054 0.075 1 0.05 0 6e-3 1.1 3 0.054 0.054 0.075 0.43 0.054 0.075 5e-9 1 1 1 1 3e-9 0 2.3e9 0.5 0.8  0.8251506129387414 5e-11  3.229479323306168e-10 1e-12  13.625848985112958 0.6  1.7898894163002573e-10  3.4059897922918125e-08  0.6320842741814965  3.1206659810964594e-08 0 {-1}  1.3688975561110386  1*-0.14931210619627294 0.6040943204774073  23.85750162490291 1e-10  6.148372987487574e-10 0.1 0.1 0.1 0.1 1 1 10 10 1e-4 1e-4 1e-14 1e-14 1e-13 1e-14 0 0 0 0 0 0 20 20 20 0.02 0.02 0.02 0.02 0.02 0.02 10 10 10 10 10 10 0 0 0 5e-4 5e-4 0.5 0.5 0.33 0.33 1e-10 1e-10 5e-10 5e-10 0.33 0.33 0.8 0.8 0.8 0.8 0.8 0.8 25 {-1.5} {-0.11} 0 0.022 6.71e-3 {-3.35e-3} 4.1e-3 0 8.13e-3 0 1 1 3 3 0 0 0 0 0 0 0 0 1e-6 1e-6 0 0 0 0 0 1 1 1 1 0 0 0 0 0 0 0 1 0 1 0 0 0 0 0 1e-6 0.28e-6 0.22e-6  0.8437752622664191 0.1657314960359324 0.2302504168614232  0.2605051011463085 0.5801339681251597  0.21893077442656117  0.8439336703177824  0.5287579554092193 
     0      63  v_ds_12_1 d_12_1 0 0.05
     0      64  e_gs_12_1 g_12_1 0 v_sweep 0 1
     0      65  v_s_12_1 s_12_1 0 0
     0      66  v_bs_12_1 b_12_1 0 -0.75
     0      67  x_12_1 d_12_1 g_12_1 s_12_1 b_12_1 dut 5e-06 5e-06 1 1.0 0 0 0 1 1 1 1e-12 1e-6 1e-12 1e-6 1 1 1 0 0 2 0 0 0 0 0 0 1 0 1 2 1 0 0 0 0 1e-4 1 3.9 3e-9  2.5283648400390646e-09 3e-9 1e-7  2.513137011637006e+16  1.1651553986299767e+19 1e20 0 0.1 0  1*-8.831661153537918e-08 0 1  1*-9.396706795154786e-14 1  6.826105009382718e-20 1*-5.155602414649769e-08  9.61453132805084e-14 1 0 1  1*-2.598267962804297e-21 0 0 0 0 0 0  1.2288982194797635e-08 0 0 0 0 0 0 0 0 0 0 1  1.6502996151425715 {-1}  0.06616739376322876  0.011125391543644989  67.85946618308395  1*-19.60802463020844  1.0482874077450323e-08 1.74e-7 0 {-3} 5e-7 0  9.348216928087822  1.4517654371803352  1*-0.07421757726239225 9.147961189439465  31.03073845826344  1*-0.004780399724894344 0  255.1859415424868  1.563369125859135e-10  3.7970351166965e-21  3.0318084569789787e-09 0 0 1e-7 1.67  120288.02068995887 2.626125009348153  1.1072049080931825 0 0  1*-0.04719534597375924 0.05088217142409034  0.5946952970911885  729.7610475717817 0 100 0 100 0 0 0 1  1*-0.010636654646327653  1.7224654220201368e-09 0  0.9301732048423627 0.19564157983904398  1*-0.10488426890389202 0.33899632521464007 0 2.4e-4 0 0  8.773071843847125e-08  6.987591244064103e-07  0.0008759361914234717  1*-0.8100930349728017 1.606298599243046 5e9 5e-6  1.2462766280624296 0.01 0 1e-3 1 0 0 0 0 3 0 0 15 0.43 0.054 0.075 1 0.05 0 6e-3 1.1 3 0.054 0.054 0.075 0.43 0.054 0.075 5e-9 1 1 1 1 3e-9 0 2.3e9 0.5 0.8  0.8251506129387414 5e-11  3.229479323306168e-10 1e-12  13.625848985112958 0.6  1.7898894163002573e-10  3.4059897922918125e-08  0.6320842741814965  3.1206659810964594e-08 0 {-1}  1.3688975561110386  1*-0.14931210619627294 0.6040943204774073  23.85750162490291 1e-10  6.148372987487574e-10 0.1 0.1 0.1 0.1 1 1 10 10 1e-4 1e-4 1e-14 1e-14 1e-13 1e-14 0 0 0 0 0 0 20 20 20 0.02 0.02 0.02 0.02 0.02 0.02 10 10 10 10 10 10 0 0 0 5e-4 5e-4 0.5 0.5 0.33 0.33 1e-10 1e-10 5e-10 5e-10 0.33 0.33 0.8 0.8 0.8 0.8 0.8 0.8 25 {-1.5} {-0.11} 0 0.022 6.71e-3 {-3.35e-3} 4.1e-3 0 8.13e-3 0 1 1 3 3 0 0 0 0 0 0 0 0 1e-6 1e-6 0 0 0 0 0 1 1 1 1 0 0 0 0 0 0 0 1 0 1 0 0 0 0 0 1e-6 0.28e-6 0.22e-6  0.8437752622664191 0.1657314960359324 0.2302504168614232  0.2605051011463085 0.5801339681251597  0.21893077442656117  0.8439336703177824  0.5287579554092193 
     0      68  v_ds_12_2 d_12_2 0 0.05
     0      69  e_gs_12_2 g_12_2 0 v_sweep 0 1
     0      70  v_s_12_2 s_12_2 0 0
     0      71  v_bs_12_2 b_12_2 0 -0.5
     0      72  x_12_2 d_12_2 g_12_2 s_12_2 b_12_2 dut 5e-06 5e-06 1 1.0 0 0 0 1 1 1 1e-12 1e-6 1e-12 1e-6 1 1 1 0 0 2 0 0 0 0 0 0 1 0 1 2 1 0 0 0 0 1e-4 1 3.9 3e-9  2.5283648400390646e-09 3e-9 1e-7  2.513137011637006e+16  1.1651553986299767e+19 1e20 0 0.1 0  1*-8.831661153537918e-08 0 1  1*-9.396706795154786e-14 1  6.826105009382718e-20 1*-5.155602414649769e-08  9.61453132805084e-14 1 0 1  1*-2.598267962804297e-21 0 0 0 0 0 0  1.2288982194797635e-08 0 0 0 0 0 0 0 0 0 0 1  1.6502996151425715 {-1}  0.06616739376322876  0.011125391543644989  67.85946618308395  1*-19.60802463020844  1.0482874077450323e-08 1.74e-7 0 {-3} 5e-7 0  9.348216928087822  1.4517654371803352  1*-0.07421757726239225 9.147961189439465  31.03073845826344  1*-0.004780399724894344 0  255.1859415424868  1.563369125859135e-10  3.7970351166965e-21  3.0318084569789787e-09 0 0 1e-7 1.67  120288.02068995887 2.626125009348153  1.1072049080931825 0 0  1*-0.04719534597375924 0.05088217142409034  0.5946952970911885  729.7610475717817 0 100 0 100 0 0 0 1  1*-0.010636654646327653  1.7224654220201368e-09 0  0.9301732048423627 0.19564157983904398  1*-0.10488426890389202 0.33899632521464007 0 2.4e-4 0 0  8.773071843847125e-08  6.987591244064103e-07  0.0008759361914234717  1*-0.8100930349728017 1.606298599243046 5e9 5e-6  1.2462766280624296 0.01 0 1e-3 1 0 0 0 0 3 0 0 15 0.43 0.054 0.075 1 0.05 0 6e-3 1.1 3 0.054 0.054 0.075 0.43 0.054 0.075 5e-9 1 1 1 1 3e-9 0 2.3e9 0.5 0.8  0.8251506129387414 5e-11  3.229479323306168e-10 1e-12  13.625848985112958 0.6  1.7898894163002573e-10  3.4059897922918125e-08  0.6320842741814965  3.1206659810964594e-08 0 {-1}  1.3688975561110386  1*-0.14931210619627294 0.6040943204774073  23.85750162490291 1e-10  6.148372987487574e-10 0.1 0.1 0.1 0.1 1 1 10 10 1e-4 1e-4 1e-14 1e-14 1e-13 1e-14 0 0 0 0 0 0 20 20 20 0.02 0.02 0.02 0.02 0.02 0.02 10 10 10 10 10 10 0 0 0 5e-4 5e-4 0.5 0.5 0.33 0.33 1e-10 1e-10 5e-10 5e-10 0.33 0.33 0.8 0.8 0.8 0.8 0.8 0.8 25 {-1.5} {-0.11} 0 0.022 6.71e-3 {-3.35e-3} 4.1e-3 0 8.13e-3 0 1 1 3 3 0 0 0 0 0 0 0 0 1e-6 1e-6 0 0 0 0 0 1 1 1 1 0 0 0 0 0 0 0 1 0 1 0 0 0 0 0 1e-6 0.28e-6 0.22e-6  0.8437752622664191 0.1657314960359324 0.2302504168614232  0.2605051011463085 0.5801339681251597  0.21893077442656117  0.8439336703177824  0.5287579554092193 
     0      73  v_ds_12_3 d_12_3 0 0.05
     0      74  e_gs_12_3 g_12_3 0 v_sweep 0 1
     0      75  v_s_12_3 s_12_3 0 0
     0      76  v_bs_12_3 b_12_3 0 -0.25
     0      77  x_12_3 d_12_3 g_12_3 s_12_3 b_12_3 dut 5e-06 5e-06 1 1.0 0 0 0 1 1 1 1e-12 1e-6 1e-12 1e-6 1 1 1 0 0 2 0 0 0 0 0 0 1 0 1 2 1 0 0 0 0 1e-4 1 3.9 3e-9  2.5283648400390646e-09 3e-9 1e-7  2.513137011637006e+16  1.1651553986299767e+19 1e20 0 0.1 0  1*-8.831661153537918e-08 0 1  1*-9.396706795154786e-14 1  6.826105009382718e-20 1*-5.155602414649769e-08  9.61453132805084e-14 1 0 1  1*-2.598267962804297e-21 0 0 0 0 0 0  1.2288982194797635e-08 0 0 0 0 0 0 0 0 0 0 1  1.6502996151425715 {-1}  0.06616739376322876  0.011125391543644989  67.85946618308395  1*-19.60802463020844  1.0482874077450323e-08 1.74e-7 0 {-3} 5e-7 0  9.348216928087822  1.4517654371803352  1*-0.07421757726239225 9.147961189439465  31.03073845826344  1*-0.004780399724894344 0  255.1859415424868  1.563369125859135e-10  3.7970351166965e-21  3.0318084569789787e-09 0 0 1e-7 1.67  120288.02068995887 2.626125009348153  1.1072049080931825 0 0  1*-0.04719534597375924 0.05088217142409034  0.5946952970911885  729.7610475717817 0 100 0 100 0 0 0 1  1*-0.010636654646327653  1.7224654220201368e-09 0  0.9301732048423627 0.19564157983904398  1*-0.10488426890389202 0.33899632521464007 0 2.4e-4 0 0  8.773071843847125e-08  6.987591244064103e-07  0.0008759361914234717  1*-0.8100930349728017 1.606298599243046 5e9 5e-6  1.2462766280624296 0.01 0 1e-3 1 0 0 0 0 3 0 0 15 0.43 0.054 0.075 1 0.05 0 6e-3 1.1 3 0.054 0.054 0.075 0.43 0.054 0.075 5e-9 1 1 1 1 3e-9 0 2.3e9 0.5 0.8  0.8251506129387414 5e-11  3.229479323306168e-10 1e-12  13.625848985112958 0.6  1.7898894163002573e-10  3.4059897922918125e-08  0.6320842741814965  3.1206659810964594e-08 0 {-1}  1.3688975561110386  1*-0.14931210619627294 0.6040943204774073  23.85750162490291 1e-10  6.148372987487574e-10 0.1 0.1 0.1 0.1 1 1 10 10 1e-4 1e-4 1e-14 1e-14 1e-13 1e-14 0 0 0 0 0 0 20 20 20 0.02 0.02 0.02 0.02 0.02 0.02 10 10 10 10 10 10 0 0 0 5e-4 5e-4 0.5 0.5 0.33 0.33 1e-10 1e-10 5e-10 5e-10 0.33 0.33 0.8 0.8 0.8 0.8 0.8 0.8 25 {-1.5} {-0.11} 0 0.022 6.71e-3 {-3.35e-3} 4.1e-3 0 8.13e-3 0 1 1 3 3 0 0 0 0 0 0 0 0 1e-6 1e-6 0 0 0 0 0 1 1 1 1 0 0 0 0 0 0 0 1 0 1 0 0 0 0 0 1e-6 0.28e-6 0.22e-6  0.8437752622664191 0.1657314960359324 0.2302504168614232  0.2605051011463085 0.5801339681251597  0.21893077442656117  0.8439336703177824  0.5287579554092193 
     0      78  v_ds_12_4 d_12_4 0 0.05
     0      79  e_gs_12_4 g_12_4 0 v_sweep 0 1
     0      80  v_s_12_4 s_12_4 0 0
     0      81  v_bs_12_4 b_12_4 0 0.0
     0      82  x_12_4 d_12_4 g_12_4 s_12_4 b_12_4 dut 5e-06 5e-06 1 1.0 0 0 0 1 1 1 1e-12 1e-6 1e-12 1e-6 1 1 1 0 0 2 0 0 0 0 0 0 1 0 1 2 1 0 0 0 0 1e-4 1 3.9 3e-9  2.5283648400390646e-09 3e-9 1e-7  2.513137011637006e+16  1.1651553986299767e+19 1e20 0 0.1 0  1*-8.831661153537918e-08 0 1  1*-9.396706795154786e-14 1  6.826105009382718e-20 1*-5.155602414649769e-08  9.61453132805084e-14 1 0 1  1*-2.598267962804297e-21 0 0 0 0 0 0  1.2288982194797635e-08 0 0 0 0 0 0 0 0 0 0 1  1.6502996151425715 {-1}  0.06616739376322876  0.011125391543644989  67.85946618308395  1*-19.60802463020844  1.0482874077450323e-08 1.74e-7 0 {-3} 5e-7 0  9.348216928087822  1.4517654371803352  1*-0.07421757726239225 9.147961189439465  31.03073845826344  1*-0.004780399724894344 0  255.1859415424868  1.563369125859135e-10  3.7970351166965e-21  3.0318084569789787e-09 0 0 1e-7 1.67  120288.02068995887 2.626125009348153  1.1072049080931825 0 0  1*-0.04719534597375924 0.05088217142409034  0.5946952970911885  729.7610475717817 0 100 0 100 0 0 0 1  1*-0.010636654646327653  1.7224654220201368e-09 0  0.9301732048423627 0.19564157983904398  1*-0.10488426890389202 0.33899632521464007 0 2.4e-4 0 0  8.773071843847125e-08  6.987591244064103e-07  0.0008759361914234717  1*-0.8100930349728017 1.606298599243046 5e9 5e-6  1.2462766280624296 0.01 0 1e-3 1 0 0 0 0 3 0 0 15 0.43 0.054 0.075 1 0.05 0 6e-3 1.1 3 0.054 0.054 0.075 0.43 0.054 0.075 5e-9 1 1 1 1 3e-9 0 2.3e9 0.5 0.8  0.8251506129387414 5e-11  3.229479323306168e-10 1e-12  13.625848985112958 0.6  1.7898894163002573e-10  3.4059897922918125e-08  0.6320842741814965  3.1206659810964594e-08 0 {-1}  1.3688975561110386  1*-0.14931210619627294 0.6040943204774073  23.85750162490291 1e-10  6.148372987487574e-10 0.1 0.1 0.1 0.1 1 1 10 10 1e-4 1e-4 1e-14 1e-14 1e-13 1e-14 0 0 0 0 0 0 20 20 20 0.02 0.02 0.02 0.02 0.02 0.02 10 10 10 10 10 10 0 0 0 5e-4 5e-4 0.5 0.5 0.33 0.33 1e-10 1e-10 5e-10 5e-10 0.33 0.33 0.8 0.8 0.8 0.8 0.8 0.8 25 {-1.5} {-0.11} 0 0.022 6.71e-3 {-3.35e-3} 4.1e-3 0 8.13e-3 0 1 1 3 3 0 0 0 0 0 0 0 0 1e-6 1e-6 0 0 0 0 0 1 1 1 1 0 0 0 0 0 0 0 1 0 1 0 0 0 0 0 1e-6 0.28e-6 0.22e-6  0.8437752622664191 0.1657314960359324 0.2302504168614232  0.2605051011463085 0.5801339681251597  0.21893077442656117  0.8439336703177824  0.5287579554092193 
     0      83  v_ds_13_0 d_13_0 0 1.6
     0      84  e_gs_13_0 g_13_0 0 v_sweep 0 1
     0      85  v_s_13_0 s_13_0 0 0
     0      86  v_bs_13_0 b_13_0 0 -1.0
     0      87  x_13_0 d_13_0 g_13_0 s_13_0 b_13_0 dut 5e-06 5e-06 1 1.0 0 0 0 1 1 1 1e-12 1e-6 1e-12 1e-6 1 1 1 0 0 2 0 0 0 0 0 0 1 0 1 2 1 0 0 0 0 1e-4 1 3.9 3e-9  2.5283648400390646e-09 3e-9 1e-7  2.513137011637006e+16  1.1651553986299767e+19 1e20 0 0.1 0  1*-8.831661153537918e-08 0 1  1*-9.396706795154786e-14 1  6.826105009382718e-20 1*-5.155602414649769e-08  9.61453132805084e-14 1 0 1  1*-2.598267962804297e-21 0 0 0 0 0 0  1.2288982194797635e-08 0 0 0 0 0 0 0 0 0 0 1  1.6502996151425715 {-1}  0.06616739376322876  0.011125391543644989  67.85946618308395  1*-19.60802463020844  1.0482874077450323e-08 1.74e-7 0 {-3} 5e-7 0  9.348216928087822  1.4517654371803352  1*-0.07421757726239225 9.147961189439465  31.03073845826344  1*-0.004780399724894344 0  255.1859415424868  1.563369125859135e-10  3.7970351166965e-21  3.0318084569789787e-09 0 0 1e-7 1.67  120288.02068995887 2.626125009348153  1.1072049080931825 0 0  1*-0.04719534597375924 0.05088217142409034  0.5946952970911885  729.7610475717817 0 100 0 100 0 0 0 1  1*-0.010636654646327653  1.7224654220201368e-09 0  0.9301732048423627 0.19564157983904398  1*-0.10488426890389202 0.33899632521464007 0 2.4e-4 0 0  8.773071843847125e-08  6.987591244064103e-07  0.0008759361914234717  1*-0.8100930349728017 1.606298599243046 5e9 5e-6  1.2462766280624296 0.01 0 1e-3 1 0 0 0 0 3 0 0 15 0.43 0.054 0.075 1 0.05 0 6e-3 1.1 3 0.054 0.054 0.075 0.43 0.054 0.075 5e-9 1 1 1 1 3e-9 0 2.3e9 0.5 0.8  0.8251506129387414 5e-11  3.229479323306168e-10 1e-12  13.625848985112958 0.6  1.7898894163002573e-10  3.4059897922918125e-08  0.6320842741814965  3.1206659810964594e-08 0 {-1}  1.3688975561110386  1*-0.14931210619627294 0.6040943204774073  23.85750162490291 1e-10  6.148372987487574e-10 0.1 0.1 0.1 0.1 1 1 10 10 1e-4 1e-4 1e-14 1e-14 1e-13 1e-14 0 0 0 0 0 0 20 20 20 0.02 0.02 0.02 0.02 0.02 0.02 10 10 10 10 10 10 0 0 0 5e-4 5e-4 0.5 0.5 0.33 0.33 1e-10 1e-10 5e-10 5e-10 0.33 0.33 0.8 0.8 0.8 0.8 0.8 0.8 25 {-1.5} {-0.11} 0 0.022 6.71e-3 {-3.35e-3} 4.1e-3 0 8.13e-3 0 1 1 3 3 0 0 0 0 0 0 0 0 1e-6 1e-6 0 0 0 0 0 1 1 1 1 0 0 0 0 0 0 0 1 0 1 0 0 0 0 0 1e-6 0.28e-6 0.22e-6  0.8437752622664191 0.1657314960359324 0.2302504168614232  0.2605051011463085 0.5801339681251597  0.21893077442656117  0.8439336703177824  0.5287579554092193 
     0      88  v_ds_13_1 d_13_1 0 1.6
     0      89  e_gs_13_1 g_13_1 0 v_sweep 0 1
     0      90  v_s_13_1 s_13_1 0 0
     0      91  v_bs_13_1 b_13_1 0 -0.75
     0      92  x_13_1 d_13_1 g_13_1 s_13_1 b_13_1 dut 5e-06 5e-06 1 1.0 0 0 0 1 1 1 1e-12 1e-6 1e-12 1e-6 1 1 1 0 0 2 0 0 0 0 0 0 1 0 1 2 1 0 0 0 0 1e-4 1 3.9 3e-9  2.5283648400390646e-09 3e-9 1e-7  2.513137011637006e+16  1.1651553986299767e+19 1e20 0 0.1 0  1*-8.831661153537918e-08 0 1  1*-9.396706795154786e-14 1  6.826105009382718e-20 1*-5.155602414649769e-08  9.61453132805084e-14 1 0 1  1*-2.598267962804297e-21 0 0 0 0 0 0  1.2288982194797635e-08 0 0 0 0 0 0 0 0 0 0 1  1.6502996151425715 {-1}  0.06616739376322876  0.011125391543644989  67.85946618308395  1*-19.60802463020844  1.0482874077450323e-08 1.74e-7 0 {-3} 5e-7 0  9.348216928087822  1.4517654371803352  1*-0.07421757726239225 9.147961189439465  31.03073845826344  1*-0.004780399724894344 0  255.1859415424868  1.563369125859135e-10  3.7970351166965e-21  3.0318084569789787e-09 0 0 1e-7 1.67  120288.02068995887 2.626125009348153  1.1072049080931825 0 0  1*-0.04719534597375924 0.05088217142409034  0.5946952970911885  729.7610475717817 0 100 0 100 0 0 0 1  1*-0.010636654646327653  1.7224654220201368e-09 0  0.9301732048423627 0.19564157983904398  1*-0.10488426890389202 0.33899632521464007 0 2.4e-4 0 0  8.773071843847125e-08  6.987591244064103e-07  0.0008759361914234717  1*-0.8100930349728017 1.606298599243046 5e9 5e-6  1.2462766280624296 0.01 0 1e-3 1 0 0 0 0 3 0 0 15 0.43 0.054 0.075 1 0.05 0 6e-3 1.1 3 0.054 0.054 0.075 0.43 0.054 0.075 5e-9 1 1 1 1 3e-9 0 2.3e9 0.5 0.8  0.8251506129387414 5e-11  3.229479323306168e-10 1e-12  13.625848985112958 0.6  1.7898894163002573e-10  3.4059897922918125e-08  0.6320842741814965  3.1206659810964594e-08 0 {-1}  1.3688975561110386  1*-0.14931210619627294 0.6040943204774073  23.85750162490291 1e-10  6.148372987487574e-10 0.1 0.1 0.1 0.1 1 1 10 10 1e-4 1e-4 1e-14 1e-14 1e-13 1e-14 0 0 0 0 0 0 20 20 20 0.02 0.02 0.02 0.02 0.02 0.02 10 10 10 10 10 10 0 0 0 5e-4 5e-4 0.5 0.5 0.33 0.33 1e-10 1e-10 5e-10 5e-10 0.33 0.33 0.8 0.8 0.8 0.8 0.8 0.8 25 {-1.5} {-0.11} 0 0.022 6.71e-3 {-3.35e-3} 4.1e-3 0 8.13e-3 0 1 1 3 3 0 0 0 0 0 0 0 0 1e-6 1e-6 0 0 0 0 0 1 1 1 1 0 0 0 0 0 0 0 1 0 1 0 0 0 0 0 1e-6 0.28e-6 0.22e-6  0.8437752622664191 0.1657314960359324 0.2302504168614232  0.2605051011463085 0.5801339681251597  0.21893077442656117  0.8439336703177824  0.5287579554092193 
     0      93  v_ds_13_2 d_13_2 0 1.6
     0      94  e_gs_13_2 g_13_2 0 v_sweep 0 1
     0      95  v_s_13_2 s_13_2 0 0
     0      96  v_bs_13_2 b_13_2 0 -0.5
     0      97  x_13_2 d_13_2 g_13_2 s_13_2 b_13_2 dut 5e-06 5e-06 1 1.0 0 0 0 1 1 1 1e-12 1e-6 1e-12 1e-6 1 1 1 0 0 2 0 0 0 0 0 0 1 0 1 2 1 0 0 0 0 1e-4 1 3.9 3e-9  2.5283648400390646e-09 3e-9 1e-7  2.513137011637006e+16  1.1651553986299767e+19 1e20 0 0.1 0  1*-8.831661153537918e-08 0 1  1*-9.396706795154786e-14 1  6.826105009382718e-20 1*-5.155602414649769e-08  9.61453132805084e-14 1 0 1  1*-2.598267962804297e-21 0 0 0 0 0 0  1.2288982194797635e-08 0 0 0 0 0 0 0 0 0 0 1  1.6502996151425715 {-1}  0.06616739376322876  0.011125391543644989  67.85946618308395  1*-19.60802463020844  1.0482874077450323e-08 1.74e-7 0 {-3} 5e-7 0  9.348216928087822  1.4517654371803352  1*-0.07421757726239225 9.147961189439465  31.03073845826344  1*-0.004780399724894344 0  255.1859415424868  1.563369125859135e-10  3.7970351166965e-21  3.0318084569789787e-09 0 0 1e-7 1.67  120288.02068995887 2.626125009348153  1.1072049080931825 0 0  1*-0.04719534597375924 0.05088217142409034  0.5946952970911885  729.7610475717817 0 100 0 100 0 0 0 1  1*-0.010636654646327653  1.7224654220201368e-09 0  0.9301732048423627 0.19564157983904398  1*-0.10488426890389202 0.33899632521464007 0 2.4e-4 0 0  8.773071843847125e-08  6.987591244064103e-07  0.0008759361914234717  1*-0.8100930349728017 1.606298599243046 5e9 5e-6  1.2462766280624296 0.01 0 1e-3 1 0 0 0 0 3 0 0 15 0.43 0.054 0.075 1 0.05 0 6e-3 1.1 3 0.054 0.054 0.075 0.43 0.054 0.075 5e-9 1 1 1 1 3e-9 0 2.3e9 0.5 0.8  0.8251506129387414 5e-11  3.229479323306168e-10 1e-12  13.625848985112958 0.6  1.7898894163002573e-10  3.4059897922918125e-08  0.6320842741814965  3.1206659810964594e-08 0 {-1}  1.3688975561110386  1*-0.14931210619627294 0.6040943204774073  23.85750162490291 1e-10  6.148372987487574e-10 0.1 0.1 0.1 0.1 1 1 10 10 1e-4 1e-4 1e-14 1e-14 1e-13 1e-14 0 0 0 0 0 0 20 20 20 0.02 0.02 0.02 0.02 0.02 0.02 10 10 10 10 10 10 0 0 0 5e-4 5e-4 0.5 0.5 0.33 0.33 1e-10 1e-10 5e-10 5e-10 0.33 0.33 0.8 0.8 0.8 0.8 0.8 0.8 25 {-1.5} {-0.11} 0 0.022 6.71e-3 {-3.35e-3} 4.1e-3 0 8.13e-3 0 1 1 3 3 0 0 0 0 0 0 0 0 1e-6 1e-6 0 0 0 0 0 1 1 1 1 0 0 0 0 0 0 0 1 0 1 0 0 0 0 0 1e-6 0.28e-6 0.22e-6  0.8437752622664191 0.1657314960359324 0.2302504168614232  0.2605051011463085 0.5801339681251597  0.21893077442656117  0.8439336703177824  0.5287579554092193 
     0      98  v_ds_13_3 d_13_3 0 1.6
     0      99  e_gs_13_3 g_13_3 0 v_sweep 0 1
     0     100  v_s_13_3 s_13_3 0 0
     0     101  v_bs_13_3 b_13_3 0 -0.25
     0     102  x_13_3 d_13_3 g_13_3 s_13_3 b_13_3 dut 5e-06 5e-06 1 1.0 0 0 0 1 1 1 1e-12 1e-6 1e-12 1e-6 1 1 1 0 0 2 0 0 0 0 0 0 1 0 1 2 1 0 0 0 0 1e-4 1 3.9 3e-9  2.5283648400390646e-09 3e-9 1e-7  2.513137011637006e+16  1.1651553986299767e+19 1e20 0 0.1 0  1*-8.831661153537918e-08 0 1  1*-9.396706795154786e-14 1  6.826105009382718e-20 1*-5.155602414649769e-08  9.61453132805084e-14 1 0 1  1*-2.598267962804297e-21 0 0 0 0 0 0  1.2288982194797635e-08 0 0 0 0 0 0 0 0 0 0 1  1.6502996151425715 {-1}  0.06616739376322876  0.011125391543644989  67.85946618308395  1*-19.60802463020844  1.0482874077450323e-08 1.74e-7 0 {-3} 5e-7 0  9.348216928087822  1.4517654371803352  1*-0.07421757726239225 9.147961189439465  31.03073845826344  1*-0.004780399724894344 0  255.1859415424868  1.563369125859135e-10  3.7970351166965e-21  3.0318084569789787e-09 0 0 1e-7 1.67  120288.02068995887 2.626125009348153  1.1072049080931825 0 0  1*-0.04719534597375924 0.05088217142409034  0.5946952970911885  729.7610475717817 0 100 0 100 0 0 0 1  1*-0.010636654646327653  1.7224654220201368e-09 0  0.9301732048423627 0.19564157983904398  1*-0.10488426890389202 0.33899632521464007 0 2.4e-4 0 0  8.773071843847125e-08  6.987591244064103e-07  0.0008759361914234717  1*-0.8100930349728017 1.606298599243046 5e9 5e-6  1.2462766280624296 0.01 0 1e-3 1 0 0 0 0 3 0 0 15 0.43 0.054 0.075 1 0.05 0 6e-3 1.1 3 0.054 0.054 0.075 0.43 0.054 0.075 5e-9 1 1 1 1 3e-9 0 2.3e9 0.5 0.8  0.8251506129387414 5e-11  3.229479323306168e-10 1e-12  13.625848985112958 0.6  1.7898894163002573e-10  3.4059897922918125e-08  0.6320842741814965  3.1206659810964594e-08 0 {-1}  1.3688975561110386  1*-0.14931210619627294 0.6040943204774073  23.85750162490291 1e-10  6.148372987487574e-10 0.1 0.1 0.1 0.1 1 1 10 10 1e-4 1e-4 1e-14 1e-14 1e-13 1e-14 0 0 0 0 0 0 20 20 20 0.02 0.02 0.02 0.02 0.02 0.02 10 10 10 10 10 10 0 0 0 5e-4 5e-4 0.5 0.5 0.33 0.33 1e-10 1e-10 5e-10 5e-10 0.33 0.33 0.8 0.8 0.8 0.8 0.8 0.8 25 {-1.5} {-0.11} 0 0.022 6.71e-3 {-3.35e-3} 4.1e-3 0 8.13e-3 0 1 1 3 3 0 0 0 0 0 0 0 0 1e-6 1e-6 0 0 0 0 0 1 1 1 1 0 0 0 0 0 0 0 1 0 1 0 0 0 0 0 1e-6 0.28e-6 0.22e-6  0.8437752622664191 0.1657314960359324 0.2302504168614232  0.2605051011463085 0.5801339681251597  0.21893077442656117  0.8439336703177824  0.5287579554092193 
     0     103  v_ds_13_4 d_13_4 0 1.6
     0     104  e_gs_13_4 g_13_4 0 v_sweep 0 1
     0     105  v_s_13_4 s_13_4 0 0
     0     106  v_bs_13_4 b_13_4 0 0.0
     0     107  x_13_4 d_13_4 g_13_4 s_13_4 b_13_4 dut 5e-06 5e-06 1 1.0 0 0 0 1 1 1 1e-12 1e-6 1e-12 1e-6 1 1 1 0 0 2 0 0 0 0 0 0 1 0 1 2 1 0 0 0 0 1e-4 1 3.9 3e-9  2.5283648400390646e-09 3e-9 1e-7  2.513137011637006e+16  1.1651553986299767e+19 1e20 0 0.1 0  1*-8.831661153537918e-08 0 1  1*-9.396706795154786e-14 1  6.826105009382718e-20 1*-5.155602414649769e-08  9.61453132805084e-14 1 0 1  1*-2.598267962804297e-21 0 0 0 0 0 0  1.2288982194797635e-08 0 0 0 0 0 0 0 0 0 0 1  1.6502996151425715 {-1}  0.06616739376322876  0.011125391543644989  67.85946618308395  1*-19.60802463020844  1.0482874077450323e-08 1.74e-7 0 {-3} 5e-7 0  9.348216928087822  1.4517654371803352  1*-0.07421757726239225 9.147961189439465  31.03073845826344  1*-0.004780399724894344 0  255.1859415424868  1.563369125859135e-10  3.7970351166965e-21  3.0318084569789787e-09 0 0 1e-7 1.67  120288.02068995887 2.626125009348153  1.1072049080931825 0 0  1*-0.04719534597375924 0.05088217142409034  0.5946952970911885  729.7610475717817 0 100 0 100 0 0 0 1  1*-0.010636654646327653  1.7224654220201368e-09 0  0.9301732048423627 0.19564157983904398  1*-0.10488426890389202 0.33899632521464007 0 2.4e-4 0 0  8.773071843847125e-08  6.987591244064103e-07  0.0008759361914234717  1*-0.8100930349728017 1.606298599243046 5e9 5e-6  1.2462766280624296 0.01 0 1e-3 1 0 0 0 0 3 0 0 15 0.43 0.054 0.075 1 0.05 0 6e-3 1.1 3 0.054 0.054 0.075 0.43 0.054 0.075 5e-9 1 1 1 1 3e-9 0 2.3e9 0.5 0.8  0.8251506129387414 5e-11  3.229479323306168e-10 1e-12  13.625848985112958 0.6  1.7898894163002573e-10  3.4059897922918125e-08  0.6320842741814965  3.1206659810964594e-08 0 {-1}  1.3688975561110386  1*-0.14931210619627294 0.6040943204774073  23.85750162490291 1e-10  6.148372987487574e-10 0.1 0.1 0.1 0.1 1 1 10 10 1e-4 1e-4 1e-14 1e-14 1e-13 1e-14 0 0 0 0 0 0 20 20 20 0.02 0.02 0.02 0.02 0.02 0.02 10 10 10 10 10 10 0 0 0 5e-4 5e-4 0.5 0.5 0.33 0.33 1e-10 1e-10 5e-10 5e-10 0.33 0.33 0.8 0.8 0.8 0.8 0.8 0.8 25 {-1.5} {-0.11} 0 0.022 6.71e-3 {-3.35e-3} 4.1e-3 0 8.13e-3 0 1 1 3 3 0 0 0 0 0 0 0 0 1e-6 1e-6 0 0 0 0 0 1 1 1 1 0 0 0 0 0 0 0 1 0 1 0 0 0 0 0 1e-6 0.28e-6 0.22e-6  0.8437752622664191 0.1657314960359324 0.2302504168614232  0.2605051011463085 0.5801339681251597  0.21893077442656117  0.8439336703177824  0.5287579554092193 
     0     108  v_ds_14_0 d_14_0 0 0.05
     0     109  e_gs_14_0 g_14_0 0 v_sweep 0 1
     0     110  v_s_14_0 s_14_0 0 0
     0     111  v_bs_14_0 b_14_0 0 -1.0
     0     112  x_14_0 d_14_0 g_14_0 s_14_0 b_14_0 dut 1e-06 1e-06 1 1.0 0 0 0 1 1 1 1e-12 1e-6 1e-12 1e-6 1 1 1 0 0 2 0 0 0 0 0 0 1 0 1 2 1 0 0 0 0 1e-4 1 3.9 3e-9  2.5283648400390646e-09 3e-9 1e-7  2.513137011637006e+16  1.1651553986299767e+19 1e20 0 0.1 0  1*-8.831661153537918e-08 0 1  1*-9.396706795154786e-14 1  6.826105009382718e-20 1*-5.155602414649769e-08  9.61453132805084e-14 1 0 1  1*-2.598267962804297e-21 0 0 0 0 0 0  1.2288982194797635e-08 0 0 0 0 0 0 0 0 0 0 1  1.6502996151425715 {-1}  0.06616739376322876  0.011125391543644989  67.85946618308395  1*-19.60802463020844  1.0482874077450323e-08 1.74e-7 0 {-3} 5e-7 0  9.348216928087822  1.4517654371803352  1*-0.07421757726239225 9.147961189439465  31.03073845826344  1*-0.004780399724894344 0  255.1859415424868  1.563369125859135e-10  3.7970351166965e-21  3.0318084569789787e-09 0 0 1e-7 1.67  120288.02068995887 2.626125009348153  1.1072049080931825 0 0  1*-0.04719534597375924 0.05088217142409034  0.5946952970911885  729.7610475717817 0 100 0 100 0 0 0 1  1*-0.010636654646327653  1.7224654220201368e-09 0  0.9301732048423627 0.19564157983904398  1*-0.10488426890389202 0.33899632521464007 0 2.4e-4 0 0  8.773071843847125e-08  6.987591244064103e-07  0.0008759361914234717  1*-0.8100930349728017 1.606298599243046 5e9 5e-6  1.2462766280624296 0.01 0 1e-3 1 0 0 0 0 3 0 0 15 0.43 0.054 0.075 1 0.05 0 6e-3 1.1 3 0.054 0.054 0.075 0.43 0.054 0.075 5e-9 1 1 1 1 3e-9 0 2.3e9 0.5 0.8  0.8251506129387414 5e-11  3.229479323306168e-10 1e-12  13.625848985112958 0.6  1.7898894163002573e-10  3.4059897922918125e-08  0.6320842741814965  3.1206659810964594e-08 0 {-1}  1.3688975561110386  1*-0.14931210619627294 0.6040943204774073  23.85750162490291 1e-10  6.148372987487574e-10 0.1 0.1 0.1 0.1 1 1 10 10 1e-4 1e-4 1e-14 1e-14 1e-13 1e-14 0 0 0 0 0 0 20 20 20 0.02 0.02 0.02 0.02 0.02 0.02 10 10 10 10 10 10 0 0 0 5e-4 5e-4 0.5 0.5 0.33 0.33 1e-10 1e-10 5e-10 5e-10 0.33 0.33 0.8 0.8 0.8 0.8 0.8 0.8 25 {-1.5} {-0.11} 0 0.022 6.71e-3 {-3.35e-3} 4.1e-3 0 8.13e-3 0 1 1 3 3 0 0 0 0 0 0 0 0 1e-6 1e-6 0 0 0 0 0 1 1 1 1 0 0 0 0 0 0 0 1 0 1 0 0 0 0 0 1e-6 0.28e-6 0.22e-6  0.8437752622664191 0.1657314960359324 0.2302504168614232  0.2605051011463085 0.5801339681251597  0.21893077442656117  0.8439336703177824  0.5287579554092193 
     0     113  v_ds_14_1 d_14_1 0 0.05
     0     114  e_gs_14_1 g_14_1 0 v_sweep 0 1
     0     115  v_s_14_1 s_14_1 0 0
     0     116  v_bs_14_1 b_14_1 0 -0.75
     0     117  x_14_1 d_14_1 g_14_1 s_14_1 b_14_1 dut 1e-06 1e-06 1 1.0 0 0 0 1 1 1 1e-12 1e-6 1e-12 1e-6 1 1 1 0 0 2 0 0 0 0 0 0 1 0 1 2 1 0 0 0 0 1e-4 1 3.9 3e-9  2.5283648400390646e-09 3e-9 1e-7  2.513137011637006e+16  1.1651553986299767e+19 1e20 0 0.1 0  1*-8.831661153537918e-08 0 1  1*-9.396706795154786e-14 1  6.826105009382718e-20 1*-5.155602414649769e-08  9.61453132805084e-14 1 0 1  1*-2.598267962804297e-21 0 0 0 0 0 0  1.2288982194797635e-08 0 0 0 0 0 0 0 0 0 0 1  1.6502996151425715 {-1}  0.06616739376322876  0.011125391543644989  67.85946618308395  1*-19.60802463020844  1.0482874077450323e-08 1.74e-7 0 {-3} 5e-7 0  9.348216928087822  1.4517654371803352  1*-0.07421757726239225 9.147961189439465  31.03073845826344  1*-0.004780399724894344 0  255.1859415424868  1.563369125859135e-10  3.7970351166965e-21  3.0318084569789787e-09 0 0 1e-7 1.67  120288.02068995887 2.626125009348153  1.1072049080931825 0 0  1*-0.04719534597375924 0.05088217142409034  0.5946952970911885  729.7610475717817 0 100 0 100 0 0 0 1  1*-0.010636654646327653  1.7224654220201368e-09 0  0.9301732048423627 0.19564157983904398  1*-0.10488426890389202 0.33899632521464007 0 2.4e-4 0 0  8.773071843847125e-08  6.987591244064103e-07  0.0008759361914234717  1*-0.8100930349728017 1.606298599243046 5e9 5e-6  1.2462766280624296 0.01 0 1e-3 1 0 0 0 0 3 0 0 15 0.43 0.054 0.075 1 0.05 0 6e-3 1.1 3 0.054 0.054 0.075 0.43 0.054 0.075 5e-9 1 1 1 1 3e-9 0 2.3e9 0.5 0.8  0.8251506129387414 5e-11  3.229479323306168e-10 1e-12  13.625848985112958 0.6  1.7898894163002573e-10  3.4059897922918125e-08  0.6320842741814965  3.1206659810964594e-08 0 {-1}  1.3688975561110386  1*-0.14931210619627294 0.6040943204774073  23.85750162490291 1e-10  6.148372987487574e-10 0.1 0.1 0.1 0.1 1 1 10 10 1e-4 1e-4 1e-14 1e-14 1e-13 1e-14 0 0 0 0 0 0 20 20 20 0.02 0.02 0.02 0.02 0.02 0.02 10 10 10 10 10 10 0 0 0 5e-4 5e-4 0.5 0.5 0.33 0.33 1e-10 1e-10 5e-10 5e-10 0.33 0.33 0.8 0.8 0.8 0.8 0.8 0.8 25 {-1.5} {-0.11} 0 0.022 6.71e-3 {-3.35e-3} 4.1e-3 0 8.13e-3 0 1 1 3 3 0 0 0 0 0 0 0 0 1e-6 1e-6 0 0 0 0 0 1 1 1 1 0 0 0 0 0 0 0 1 0 1 0 0 0 0 0 1e-6 0.28e-6 0.22e-6  0.8437752622664191 0.1657314960359324 0.2302504168614232  0.2605051011463085 0.5801339681251597  0.21893077442656117  0.8439336703177824  0.5287579554092193 
     0     118  v_ds_14_2 d_14_2 0 0.05
     0     119  e_gs_14_2 g_14_2 0 v_sweep 0 1
     0     120  v_s_14_2 s_14_2 0 0
     0     121  v_bs_14_2 b_14_2 0 -0.5
     0     122  x_14_2 d_14_2 g_14_2 s_14_2 b_14_2 dut 1e-06 1e-06 1 1.0 0 0 0 1 1 1 1e-12 1e-6 1e-12 1e-6 1 1 1 0 0 2 0 0 0 0 0 0 1 0 1 2 1 0 0 0 0 1e-4 1 3.9 3e-9  2.5283648400390646e-09 3e-9 1e-7  2.513137011637006e+16  1.1651553986299767e+19 1e20 0 0.1 0  1*-8.831661153537918e-08 0 1  1*-9.396706795154786e-14 1  6.826105009382718e-20 1*-5.155602414649769e-08  9.61453132805084e-14 1 0 1  1*-2.598267962804297e-21 0 0 0 0 0 0  1.2288982194797635e-08 0 0 0 0 0 0 0 0 0 0 1  1.6502996151425715 {-1}  0.06616739376322876  0.011125391543644989  67.85946618308395  1*-19.60802463020844  1.0482874077450323e-08 1.74e-7 0 {-3} 5e-7 0  9.348216928087822  1.4517654371803352  1*-0.07421757726239225 9.147961189439465  31.03073845826344  1*-0.004780399724894344 0  255.1859415424868  1.563369125859135e-10  3.7970351166965e-21  3.0318084569789787e-09 0 0 1e-7 1.67  120288.02068995887 2.626125009348153  1.1072049080931825 0 0  1*-0.04719534597375924 0.05088217142409034  0.5946952970911885  729.7610475717817 0 100 0 100 0 0 0 1  1*-0.010636654646327653  1.7224654220201368e-09 0  0.9301732048423627 0.19564157983904398  1*-0.10488426890389202 0.33899632521464007 0 2.4e-4 0 0  8.773071843847125e-08  6.987591244064103e-07  0.0008759361914234717  1*-0.8100930349728017 1.606298599243046 5e9 5e-6  1.2462766280624296 0.01 0 1e-3 1 0 0 0 0 3 0 0 15 0.43 0.054 0.075 1 0.05 0 6e-3 1.1 3 0.054 0.054 0.075 0.43 0.054 0.075 5e-9 1 1 1 1 3e-9 0 2.3e9 0.5 0.8  0.8251506129387414 5e-11  3.229479323306168e-10 1e-12  13.625848985112958 0.6  1.7898894163002573e-10  3.4059897922918125e-08  0.6320842741814965  3.1206659810964594e-08 0 {-1}  1.3688975561110386  1*-0.14931210619627294 0.6040943204774073  23.85750162490291 1e-10  6.148372987487574e-10 0.1 0.1 0.1 0.1 1 1 10 10 1e-4 1e-4 1e-14 1e-14 1e-13 1e-14 0 0 0 0 0 0 20 20 20 0.02 0.02 0.02 0.02 0.02 0.02 10 10 10 10 10 10 0 0 0 5e-4 5e-4 0.5 0.5 0.33 0.33 1e-10 1e-10 5e-10 5e-10 0.33 0.33 0.8 0.8 0.8 0.8 0.8 0.8 25 {-1.5} {-0.11} 0 0.022 6.71e-3 {-3.35e-3} 4.1e-3 0 8.13e-3 0 1 1 3 3 0 0 0 0 0 0 0 0 1e-6 1e-6 0 0 0 0 0 1 1 1 1 0 0 0 0 0 0 0 1 0 1 0 0 0 0 0 1e-6 0.28e-6 0.22e-6  0.8437752622664191 0.1657314960359324 0.2302504168614232  0.2605051011463085 0.5801339681251597  0.21893077442656117  0.8439336703177824  0.5287579554092193 
     0     123  v_ds_14_3 d_14_3 0 0.05
     0     124  e_gs_14_3 g_14_3 0 v_sweep 0 1
     0     125  v_s_14_3 s_14_3 0 0
     0     126  v_bs_14_3 b_14_3 0 -0.25
     0     127  x_14_3 d_14_3 g_14_3 s_14_3 b_14_3 dut 1e-06 1e-06 1 1.0 0 0 0 1 1 1 1e-12 1e-6 1e-12 1e-6 1 1 1 0 0 2 0 0 0 0 0 0 1 0 1 2 1 0 0 0 0 1e-4 1 3.9 3e-9  2.5283648400390646e-09 3e-9 1e-7  2.513137011637006e+16  1.1651553986299767e+19 1e20 0 0.1 0  1*-8.831661153537918e-08 0 1  1*-9.396706795154786e-14 1  6.826105009382718e-20 1*-5.155602414649769e-08  9.61453132805084e-14 1 0 1  1*-2.598267962804297e-21 0 0 0 0 0 0  1.2288982194797635e-08 0 0 0 0 0 0 0 0 0 0 1  1.6502996151425715 {-1}  0.06616739376322876  0.011125391543644989  67.85946618308395  1*-19.60802463020844  1.0482874077450323e-08 1.74e-7 0 {-3} 5e-7 0  9.348216928087822  1.4517654371803352  1*-0.07421757726239225 9.147961189439465  31.03073845826344  1*-0.004780399724894344 0  255.1859415424868  1.563369125859135e-10  3.7970351166965e-21  3.0318084569789787e-09 0 0 1e-7 1.67  120288.02068995887 2.626125009348153  1.1072049080931825 0 0  1*-0.04719534597375924 0.05088217142409034  0.5946952970911885  729.7610475717817 0 100 0 100 0 0 0 1  1*-0.010636654646327653  1.7224654220201368e-09 0  0.9301732048423627 0.19564157983904398  1*-0.10488426890389202 0.33899632521464007 0 2.4e-4 0 0  8.773071843847125e-08  6.987591244064103e-07  0.0008759361914234717  1*-0.8100930349728017 1.606298599243046 5e9 5e-6  1.2462766280624296 0.01 0 1e-3 1 0 0 0 0 3 0 0 15 0.43 0.054 0.075 1 0.05 0 6e-3 1.1 3 0.054 0.054 0.075 0.43 0.054 0.075 5e-9 1 1 1 1 3e-9 0 2.3e9 0.5 0.8  0.8251506129387414 5e-11  3.229479323306168e-10 1e-12  13.625848985112958 0.6  1.7898894163002573e-10  3.4059897922918125e-08  0.6320842741814965  3.1206659810964594e-08 0 {-1}  1.3688975561110386  1*-0.14931210619627294 0.6040943204774073  23.85750162490291 1e-10  6.148372987487574e-10 0.1 0.1 0.1 0.1 1 1 10 10 1e-4 1e-4 1e-14 1e-14 1e-13 1e-14 0 0 0 0 0 0 20 20 20 0.02 0.02 0.02 0.02 0.02 0.02 10 10 10 10 10 10 0 0 0 5e-4 5e-4 0.5 0.5 0.33 0.33 1e-10 1e-10 5e-10 5e-10 0.33 0.33 0.8 0.8 0.8 0.8 0.8 0.8 25 {-1.5} {-0.11} 0 0.022 6.71e-3 {-3.35e-3} 4.1e-3 0 8.13e-3 0 1 1 3 3 0 0 0 0 0 0 0 0 1e-6 1e-6 0 0 0 0 0 1 1 1 1 0 0 0 0 0 0 0 1 0 1 0 0 0 0 0 1e-6 0.28e-6 0.22e-6  0.8437752622664191 0.1657314960359324 0.2302504168614232  0.2605051011463085 0.5801339681251597  0.21893077442656117  0.8439336703177824  0.5287579554092193 
     0     128  v_ds_14_4 d_14_4 0 0.05
     0     129  e_gs_14_4 g_14_4 0 v_sweep 0 1
     0     130  v_s_14_4 s_14_4 0 0
     0     131  v_bs_14_4 b_14_4 0 0.0
     0     132  x_14_4 d_14_4 g_14_4 s_14_4 b_14_4 dut 1e-06 1e-06 1 1.0 0 0 0 1 1 1 1e-12 1e-6 1e-12 1e-6 1 1 1 0 0 2 0 0 0 0 0 0 1 0 1 2 1 0 0 0 0 1e-4 1 3.9 3e-9  2.5283648400390646e-09 3e-9 1e-7  2.513137011637006e+16  1.1651553986299767e+19 1e20 0 0.1 0  1*-8.831661153537918e-08 0 1  1*-9.396706795154786e-14 1  6.826105009382718e-20 1*-5.155602414649769e-08  9.61453132805084e-14 1 0 1  1*-2.598267962804297e-21 0 0 0 0 0 0  1.2288982194797635e-08 0 0 0 0 0 0 0 0 0 0 1  1.6502996151425715 {-1}  0.06616739376322876  0.011125391543644989  67.85946618308395  1*-19.60802463020844  1.0482874077450323e-08 1.74e-7 0 {-3} 5e-7 0  9.348216928087822  1.4517654371803352  1*-0.07421757726239225 9.147961189439465  31.03073845826344  1*-0.004780399724894344 0  255.1859415424868  1.563369125859135e-10  3.7970351166965e-21  3.0318084569789787e-09 0 0 1e-7 1.67  120288.02068995887 2.626125009348153  1.1072049080931825 0 0  1*-0.04719534597375924 0.05088217142409034  0.5946952970911885  729.7610475717817 0 100 0 100 0 0 0 1  1*-0.010636654646327653  1.7224654220201368e-09 0  0.9301732048423627 0.19564157983904398  1*-0.10488426890389202 0.33899632521464007 0 2.4e-4 0 0  8.773071843847125e-08  6.987591244064103e-07  0.0008759361914234717  1*-0.8100930349728017 1.606298599243046 5e9 5e-6  1.2462766280624296 0.01 0 1e-3 1 0 0 0 0 3 0 0 15 0.43 0.054 0.075 1 0.05 0 6e-3 1.1 3 0.054 0.054 0.075 0.43 0.054 0.075 5e-9 1 1 1 1 3e-9 0 2.3e9 0.5 0.8  0.8251506129387414 5e-11  3.229479323306168e-10 1e-12  13.625848985112958 0.6  1.7898894163002573e-10  3.4059897922918125e-08  0.6320842741814965  3.1206659810964594e-08 0 {-1}  1.3688975561110386  1*-0.14931210619627294 0.6040943204774073  23.85750162490291 1e-10  6.148372987487574e-10 0.1 0.1 0.1 0.1 1 1 10 10 1e-4 1e-4 1e-14 1e-14 1e-13 1e-14 0 0 0 0 0 0 20 20 20 0.02 0.02 0.02 0.02 0.02 0.02 10 10 10 10 10 10 0 0 0 5e-4 5e-4 0.5 0.5 0.33 0.33 1e-10 1e-10 5e-10 5e-10 0.33 0.33 0.8 0.8 0.8 0.8 0.8 0.8 25 {-1.5} {-0.11} 0 0.022 6.71e-3 {-3.35e-3} 4.1e-3 0 8.13e-3 0 1 1 3 3 0 0 0 0 0 0 0 0 1e-6 1e-6 0 0 0 0 0 1 1 1 1 0 0 0 0 0 0 0 1 0 1 0 0 0 0 0 1e-6 0.28e-6 0.22e-6  0.8437752622664191 0.1657314960359324 0.2302504168614232  0.2605051011463085 0.5801339681251597  0.21893077442656117  0.8439336703177824  0.5287579554092193 
     0     133  v_ds_15_0 d_15_0 0 1.6
     0     134  e_gs_15_0 g_15_0 0 v_sweep 0 1
     0     135  v_s_15_0 s_15_0 0 0
     0     136  v_bs_15_0 b_15_0 0 -1.0
     0     137  x_15_0 d_15_0 g_15_0 s_15_0 b_15_0 dut 1e-06 1e-06 1 1.0 0 0 0 1 1 1 1e-12 1e-6 1e-12 1e-6 1 1 1 0 0 2 0 0 0 0 0 0 1 0 1 2 1 0 0 0 0 1e-4 1 3.9 3e-9  2.5283648400390646e-09 3e-9 1e-7  2.513137011637006e+16  1.1651553986299767e+19 1e20 0 0.1 0  1*-8.831661153537918e-08 0 1  1*-9.396706795154786e-14 1  6.826105009382718e-20 1*-5.155602414649769e-08  9.61453132805084e-14 1 0 1  1*-2.598267962804297e-21 0 0 0 0 0 0  1.2288982194797635e-08 0 0 0 0 0 0 0 0 0 0 1  1.6502996151425715 {-1}  0.06616739376322876  0.011125391543644989  67.85946618308395  1*-19.60802463020844  1.0482874077450323e-08 1.74e-7 0 {-3} 5e-7 0  9.348216928087822  1.4517654371803352  1*-0.07421757726239225 9.147961189439465  31.03073845826344  1*-0.004780399724894344 0  255.1859415424868  1.563369125859135e-10  3.7970351166965e-21  3.0318084569789787e-09 0 0 1e-7 1.67  120288.02068995887 2.626125009348153  1.1072049080931825 0 0  1*-0.04719534597375924 0.05088217142409034  0.5946952970911885  729.7610475717817 0 100 0 100 0 0 0 1  1*-0.010636654646327653  1.7224654220201368e-09 0  0.9301732048423627 0.19564157983904398  1*-0.10488426890389202 0.33899632521464007 0 2.4e-4 0 0  8.773071843847125e-08  6.987591244064103e-07  0.0008759361914234717  1*-0.8100930349728017 1.606298599243046 5e9 5e-6  1.2462766280624296 0.01 0 1e-3 1 0 0 0 0 3 0 0 15 0.43 0.054 0.075 1 0.05 0 6e-3 1.1 3 0.054 0.054 0.075 0.43 0.054 0.075 5e-9 1 1 1 1 3e-9 0 2.3e9 0.5 0.8  0.8251506129387414 5e-11  3.229479323306168e-10 1e-12  13.625848985112958 0.6  1.7898894163002573e-10  3.4059897922918125e-08  0.6320842741814965  3.1206659810964594e-08 0 {-1}  1.3688975561110386  1*-0.14931210619627294 0.6040943204774073  23.85750162490291 1e-10  6.148372987487574e-10 0.1 0.1 0.1 0.1 1 1 10 10 1e-4 1e-4 1e-14 1e-14 1e-13 1e-14 0 0 0 0 0 0 20 20 20 0.02 0.02 0.02 0.02 0.02 0.02 10 10 10 10 10 10 0 0 0 5e-4 5e-4 0.5 0.5 0.33 0.33 1e-10 1e-10 5e-10 5e-10 0.33 0.33 0.8 0.8 0.8 0.8 0.8 0.8 25 {-1.5} {-0.11} 0 0.022 6.71e-3 {-3.35e-3} 4.1e-3 0 8.13e-3 0 1 1 3 3 0 0 0 0 0 0 0 0 1e-6 1e-6 0 0 0 0 0 1 1 1 1 0 0 0 0 0 0 0 1 0 1 0 0 0 0 0 1e-6 0.28e-6 0.22e-6  0.8437752622664191 0.1657314960359324 0.2302504168614232  0.2605051011463085 0.5801339681251597  0.21893077442656117  0.8439336703177824  0.5287579554092193 
     0     138  v_ds_15_1 d_15_1 0 1.6
     0     139  e_gs_15_1 g_15_1 0 v_sweep 0 1
     0     140  v_s_15_1 s_15_1 0 0
     0     141  v_bs_15_1 b_15_1 0 -0.75
     0     142  x_15_1 d_15_1 g_15_1 s_15_1 b_15_1 dut 1e-06 1e-06 1 1.0 0 0 0 1 1 1 1e-12 1e-6 1e-12 1e-6 1 1 1 0 0 2 0 0 0 0 0 0 1 0 1 2 1 0 0 0 0 1e-4 1 3.9 3e-9  2.5283648400390646e-09 3e-9 1e-7  2.513137011637006e+16  1.1651553986299767e+19 1e20 0 0.1 0  1*-8.831661153537918e-08 0 1  1*-9.396706795154786e-14 1  6.826105009382718e-20 1*-5.155602414649769e-08  9.61453132805084e-14 1 0 1  1*-2.598267962804297e-21 0 0 0 0 0 0  1.2288982194797635e-08 0 0 0 0 0 0 0 0 0 0 1  1.6502996151425715 {-1}  0.06616739376322876  0.011125391543644989  67.85946618308395  1*-19.60802463020844  1.0482874077450323e-08 1.74e-7 0 {-3} 5e-7 0  9.348216928087822  1.4517654371803352  1*-0.07421757726239225 9.147961189439465  31.03073845826344  1*-0.004780399724894344 0  255.1859415424868  1.563369125859135e-10  3.7970351166965e-21  3.0318084569789787e-09 0 0 1e-7 1.67  120288.02068995887 2.626125009348153  1.1072049080931825 0 0  1*-0.04719534597375924 0.05088217142409034  0.5946952970911885  729.7610475717817 0 100 0 100 0 0 0 1  1*-0.010636654646327653  1.7224654220201368e-09 0  0.9301732048423627 0.19564157983904398  1*-0.10488426890389202 0.33899632521464007 0 2.4e-4 0 0  8.773071843847125e-08  6.987591244064103e-07  0.0008759361914234717  1*-0.8100930349728017 1.606298599243046 5e9 5e-6  1.2462766280624296 0.01 0 1e-3 1 0 0 0 0 3 0 0 15 0.43 0.054 0.075 1 0.05 0 6e-3 1.1 3 0.054 0.054 0.075 0.43 0.054 0.075 5e-9 1 1 1 1 3e-9 0 2.3e9 0.5 0.8  0.8251506129387414 5e-11  3.229479323306168e-10 1e-12  13.625848985112958 0.6  1.7898894163002573e-10  3.4059897922918125e-08  0.6320842741814965  3.1206659810964594e-08 0 {-1}  1.3688975561110386  1*-0.14931210619627294 0.6040943204774073  23.85750162490291 1e-10  6.148372987487574e-10 0.1 0.1 0.1 0.1 1 1 10 10 1e-4 1e-4 1e-14 1e-14 1e-13 1e-14 0 0 0 0 0 0 20 20 20 0.02 0.02 0.02 0.02 0.02 0.02 10 10 10 10 10 10 0 0 0 5e-4 5e-4 0.5 0.5 0.33 0.33 1e-10 1e-10 5e-10 5e-10 0.33 0.33 0.8 0.8 0.8 0.8 0.8 0.8 25 {-1.5} {-0.11} 0 0.022 6.71e-3 {-3.35e-3} 4.1e-3 0 8.13e-3 0 1 1 3 3 0 0 0 0 0 0 0 0 1e-6 1e-6 0 0 0 0 0 1 1 1 1 0 0 0 0 0 0 0 1 0 1 0 0 0 0 0 1e-6 0.28e-6 0.22e-6  0.8437752622664191 0.1657314960359324 0.2302504168614232  0.2605051011463085 0.5801339681251597  0.21893077442656117  0.8439336703177824  0.5287579554092193 
     0     143  v_ds_15_2 d_15_2 0 1.6
     0     144  e_gs_15_2 g_15_2 0 v_sweep 0 1
     0     145  v_s_15_2 s_15_2 0 0
     0     146  v_bs_15_2 b_15_2 0 -0.5
     0     147  x_15_2 d_15_2 g_15_2 s_15_2 b_15_2 dut 1e-06 1e-06 1 1.0 0 0 0 1 1 1 1e-12 1e-6 1e-12 1e-6 1 1 1 0 0 2 0 0 0 0 0 0 1 0 1 2 1 0 0 0 0 1e-4 1 3.9 3e-9  2.5283648400390646e-09 3e-9 1e-7  2.513137011637006e+16  1.1651553986299767e+19 1e20 0 0.1 0  1*-8.831661153537918e-08 0 1  1*-9.396706795154786e-14 1  6.826105009382718e-20 1*-5.155602414649769e-08  9.61453132805084e-14 1 0 1  1*-2.598267962804297e-21 0 0 0 0 0 0  1.2288982194797635e-08 0 0 0 0 0 0 0 0 0 0 1  1.6502996151425715 {-1}  0.06616739376322876  0.011125391543644989  67.85946618308395  1*-19.60802463020844  1.0482874077450323e-08 1.74e-7 0 {-3} 5e-7 0  9.348216928087822  1.4517654371803352  1*-0.07421757726239225 9.147961189439465  31.03073845826344  1*-0.004780399724894344 0  255.1859415424868  1.563369125859135e-10  3.7970351166965e-21  3.0318084569789787e-09 0 0 1e-7 1.67  120288.02068995887 2.626125009348153  1.1072049080931825 0 0  1*-0.04719534597375924 0.05088217142409034  0.5946952970911885  729.7610475717817 0 100 0 100 0 0 0 1  1*-0.010636654646327653  1.7224654220201368e-09 0  0.9301732048423627 0.19564157983904398  1*-0.10488426890389202 0.33899632521464007 0 2.4e-4 0 0  8.773071843847125e-08  6.987591244064103e-07  0.0008759361914234717  1*-0.8100930349728017 1.606298599243046 5e9 5e-6  1.2462766280624296 0.01 0 1e-3 1 0 0 0 0 3 0 0 15 0.43 0.054 0.075 1 0.05 0 6e-3 1.1 3 0.054 0.054 0.075 0.43 0.054 0.075 5e-9 1 1 1 1 3e-9 0 2.3e9 0.5 0.8  0.8251506129387414 5e-11  3.229479323306168e-10 1e-12  13.625848985112958 0.6  1.7898894163002573e-10  3.4059897922918125e-08  0.6320842741814965  3.1206659810964594e-08 0 {-1}  1.3688975561110386  1*-0.14931210619627294 0.6040943204774073  23.85750162490291 1e-10  6.148372987487574e-10 0.1 0.1 0.1 0.1 1 1 10 10 1e-4 1e-4 1e-14 1e-14 1e-13 1e-14 0 0 0 0 0 0 20 20 20 0.02 0.02 0.02 0.02 0.02 0.02 10 10 10 10 10 10 0 0 0 5e-4 5e-4 0.5 0.5 0.33 0.33 1e-10 1e-10 5e-10 5e-10 0.33 0.33 0.8 0.8 0.8 0.8 0.8 0.8 25 {-1.5} {-0.11} 0 0.022 6.71e-3 {-3.35e-3} 4.1e-3 0 8.13e-3 0 1 1 3 3 0 0 0 0 0 0 0 0 1e-6 1e-6 0 0 0 0 0 1 1 1 1 0 0 0 0 0 0 0 1 0 1 0 0 0 0 0 1e-6 0.28e-6 0.22e-6  0.8437752622664191 0.1657314960359324 0.2302504168614232  0.2605051011463085 0.5801339681251597  0.21893077442656117  0.8439336703177824  0.5287579554092193 
     0     148  v_ds_15_3 d_15_3 0 1.6
     0     149  e_gs_15_3 g_15_3 0 v_sweep 0 1
     0     150  v_s_15_3 s_15_3 0 0
     0     151  v_bs_15_3 b_15_3 0 -0.25
     0     152  x_15_3 d_15_3 g_15_3 s_15_3 b_15_3 dut 1e-06 1e-06 1 1.0 0 0 0 1 1 1 1e-12 1e-6 1e-12 1e-6 1 1 1 0 0 2 0 0 0 0 0 0 1 0 1 2 1 0 0 0 0 1e-4 1 3.9 3e-9  2.5283648400390646e-09 3e-9 1e-7  2.513137011637006e+16  1.1651553986299767e+19 1e20 0 0.1 0  1*-8.831661153537918e-08 0 1  1*-9.396706795154786e-14 1  6.826105009382718e-20 1*-5.155602414649769e-08  9.61453132805084e-14 1 0 1  1*-2.598267962804297e-21 0 0 0 0 0 0  1.2288982194797635e-08 0 0 0 0 0 0 0 0 0 0 1  1.6502996151425715 {-1}  0.06616739376322876  0.011125391543644989  67.85946618308395  1*-19.60802463020844  1.0482874077450323e-08 1.74e-7 0 {-3} 5e-7 0  9.348216928087822  1.4517654371803352  1*-0.07421757726239225 9.147961189439465  31.03073845826344  1*-0.004780399724894344 0  255.1859415424868  1.563369125859135e-10  3.7970351166965e-21  3.0318084569789787e-09 0 0 1e-7 1.67  120288.02068995887 2.626125009348153  1.1072049080931825 0 0  1*-0.04719534597375924 0.05088217142409034  0.5946952970911885  729.7610475717817 0 100 0 100 0 0 0 1  1*-0.010636654646327653  1.7224654220201368e-09 0  0.9301732048423627 0.19564157983904398  1*-0.10488426890389202 0.33899632521464007 0 2.4e-4 0 0  8.773071843847125e-08  6.987591244064103e-07  0.0008759361914234717  1*-0.8100930349728017 1.606298599243046 5e9 5e-6  1.2462766280624296 0.01 0 1e-3 1 0 0 0 0 3 0 0 15 0.43 0.054 0.075 1 0.05 0 6e-3 1.1 3 0.054 0.054 0.075 0.43 0.054 0.075 5e-9 1 1 1 1 3e-9 0 2.3e9 0.5 0.8  0.8251506129387414 5e-11  3.229479323306168e-10 1e-12  13.625848985112958 0.6  1.7898894163002573e-10  3.4059897922918125e-08  0.6320842741814965  3.1206659810964594e-08 0 {-1}  1.3688975561110386  1*-0.14931210619627294 0.6040943204774073  23.85750162490291 1e-10  6.148372987487574e-10 0.1 0.1 0.1 0.1 1 1 10 10 1e-4 1e-4 1e-14 1e-14 1e-13 1e-14 0 0 0 0 0 0 20 20 20 0.02 0.02 0.02 0.02 0.02 0.02 10 10 10 10 10 10 0 0 0 5e-4 5e-4 0.5 0.5 0.33 0.33 1e-10 1e-10 5e-10 5e-10 0.33 0.33 0.8 0.8 0.8 0.8 0.8 0.8 25 {-1.5} {-0.11} 0 0.022 6.71e-3 {-3.35e-3} 4.1e-3 0 8.13e-3 0 1 1 3 3 0 0 0 0 0 0 0 0 1e-6 1e-6 0 0 0 0 0 1 1 1 1 0 0 0 0 0 0 0 1 0 1 0 0 0 0 0 1e-6 0.28e-6 0.22e-6  0.8437752622664191 0.1657314960359324 0.2302504168614232  0.2605051011463085 0.5801339681251597  0.21893077442656117  0.8439336703177824  0.5287579554092193 
     0     153  v_ds_15_4 d_15_4 0 1.6
     0     154  e_gs_15_4 g_15_4 0 v_sweep 0 1
     0     155  v_s_15_4 s_15_4 0 0
     0     156  v_bs_15_4 b_15_4 0 0.0
     0     157  x_15_4 d_15_4 g_15_4 s_15_4 b_15_4 dut 1e-06 1e-06 1 1.0 0 0 0 1 1 1 1e-12 1e-6 1e-12 1e-6 1 1 1 0 0 2 0 0 0 0 0 0 1 0 1 2 1 0 0 0 0 1e-4 1 3.9 3e-9  2.5283648400390646e-09 3e-9 1e-7  2.513137011637006e+16  1.1651553986299767e+19 1e20 0 0.1 0  1*-8.831661153537918e-08 0 1  1*-9.396706795154786e-14 1  6.826105009382718e-20 1*-5.155602414649769e-08  9.61453132805084e-14 1 0 1  1*-2.598267962804297e-21 0 0 0 0 0 0  1.2288982194797635e-08 0 0 0 0 0 0 0 0 0 0 1  1.6502996151425715 {-1}  0.06616739376322876  0.011125391543644989  67.85946618308395  1*-19.60802463020844  1.0482874077450323e-08 1.74e-7 0 {-3} 5e-7 0  9.348216928087822  1.4517654371803352  1*-0.07421757726239225 9.147961189439465  31.03073845826344  1*-0.004780399724894344 0  255.1859415424868  1.563369125859135e-10  3.7970351166965e-21  3.0318084569789787e-09 0 0 1e-7 1.67  120288.02068995887 2.626125009348153  1.1072049080931825 0 0  1*-0.04719534597375924 0.05088217142409034  0.5946952970911885  729.7610475717817 0 100 0 100 0 0 0 1  1*-0.010636654646327653  1.7224654220201368e-09 0  0.9301732048423627 0.19564157983904398  1*-0.10488426890389202 0.33899632521464007 0 2.4e-4 0 0  8.773071843847125e-08  6.987591244064103e-07  0.0008759361914234717  1*-0.8100930349728017 1.606298599243046 5e9 5e-6  1.2462766280624296 0.01 0 1e-3 1 0 0 0 0 3 0 0 15 0.43 0.054 0.075 1 0.05 0 6e-3 1.1 3 0.054 0.054 0.075 0.43 0.054 0.075 5e-9 1 1 1 1 3e-9 0 2.3e9 0.5 0.8  0.8251506129387414 5e-11  3.229479323306168e-10 1e-12  13.625848985112958 0.6  1.7898894163002573e-10  3.4059897922918125e-08  0.6320842741814965  3.1206659810964594e-08 0 {-1}  1.3688975561110386  1*-0.14931210619627294 0.6040943204774073  23.85750162490291 1e-10  6.148372987487574e-10 0.1 0.1 0.1 0.1 1 1 10 10 1e-4 1e-4 1e-14 1e-14 1e-13 1e-14 0 0 0 0 0 0 20 20 20 0.02 0.02 0.02 0.02 0.02 0.02 10 10 10 10 10 10 0 0 0 5e-4 5e-4 0.5 0.5 0.33 0.33 1e-10 1e-10 5e-10 5e-10 0.33 0.33 0.8 0.8 0.8 0.8 0.8 0.8 25 {-1.5} {-0.11} 0 0.022 6.71e-3 {-3.35e-3} 4.1e-3 0 8.13e-3 0 1 1 3 3 0 0 0 0 0 0 0 0 1e-6 1e-6 0 0 0 0 0 1 1 1 1 0 0 0 0 0 0 0 1 0 1 0 0 0 0 0 1e-6 0.28e-6 0.22e-6  0.8437752622664191 0.1657314960359324 0.2302504168614232  0.2605051011463085 0.5801339681251597  0.21893077442656117  0.8439336703177824  0.5287579554092193 
     0     158  v_ds_16_0 d_16_0 0 0.05
     0     159  e_gs_16_0 g_16_0 0 v_sweep 0 1
     0     160  v_s_16_0 s_16_0 0 0
     0     161  v_bs_16_0 b_16_0 0 -1.0
     0     162  x_16_0 d_16_0 g_16_0 s_16_0 b_16_0 dut 5e-06 1e-05 1 1.0 0 0 0 1 1 1 1e-12 1e-6 1e-12 1e-6 1 1 1 0 0 2 0 0 0 0 0 0 1 0 1 2 1 0 0 0 0 1e-4 1 3.9 3e-9  2.5283648400390646e-09 3e-9 1e-7  2.513137011637006e+16  1.1651553986299767e+19 1e20 0 0.1 0  1*-8.831661153537918e-08 0 1  1*-9.396706795154786e-14 1  6.826105009382718e-20 1*-5.155602414649769e-08  9.61453132805084e-14 1 0 1  1*-2.598267962804297e-21 0 0 0 0 0 0  1.2288982194797635e-08 0 0 0 0 0 0 0 0 0 0 1  1.6502996151425715 {-1}  0.06616739376322876  0.011125391543644989  67.85946618308395  1*-19.60802463020844  1.0482874077450323e-08 1.74e-7 0 {-3} 5e-7 0  9.348216928087822  1.4517654371803352  1*-0.07421757726239225 9.147961189439465  31.03073845826344  1*-0.004780399724894344 0  255.1859415424868  1.563369125859135e-10  3.7970351166965e-21  3.0318084569789787e-09 0 0 1e-7 1.67  120288.02068995887 2.626125009348153  1.1072049080931825 0 0  1*-0.04719534597375924 0.05088217142409034  0.5946952970911885  729.7610475717817 0 100 0 100 0 0 0 1  1*-0.010636654646327653  1.7224654220201368e-09 0  0.9301732048423627 0.19564157983904398  1*-0.10488426890389202 0.33899632521464007 0 2.4e-4 0 0  8.773071843847125e-08  6.987591244064103e-07  0.0008759361914234717  1*-0.8100930349728017 1.606298599243046 5e9 5e-6  1.2462766280624296 0.01 0 1e-3 1 0 0 0 0 3 0 0 15 0.43 0.054 0.075 1 0.05 0 6e-3 1.1 3 0.054 0.054 0.075 0.43 0.054 0.075 5e-9 1 1 1 1 3e-9 0 2.3e9 0.5 0.8  0.8251506129387414 5e-11  3.229479323306168e-10 1e-12  13.625848985112958 0.6  1.7898894163002573e-10  3.4059897922918125e-08  0.6320842741814965  3.1206659810964594e-08 0 {-1}  1.3688975561110386  1*-0.14931210619627294 0.6040943204774073  23.85750162490291 1e-10  6.148372987487574e-10 0.1 0.1 0.1 0.1 1 1 10 10 1e-4 1e-4 1e-14 1e-14 1e-13 1e-14 0 0 0 0 0 0 20 20 20 0.02 0.02 0.02 0.02 0.02 0.02 10 10 10 10 10 10 0 0 0 5e-4 5e-4 0.5 0.5 0.33 0.33 1e-10 1e-10 5e-10 5e-10 0.33 0.33 0.8 0.8 0.8 0.8 0.8 0.8 25 {-1.5} {-0.11} 0 0.022 6.71e-3 {-3.35e-3} 4.1e-3 0 8.13e-3 0 1 1 3 3 0 0 0 0 0 0 0 0 1e-6 1e-6 0 0 0 0 0 1 1 1 1 0 0 0 0 0 0 0 1 0 1 0 0 0 0 0 1e-6 0.28e-6 0.22e-6  0.8437752622664191 0.1657314960359324 0.2302504168614232  0.2605051011463085 0.5801339681251597  0.21893077442656117  0.8439336703177824  0.5287579554092193 
     0     163  v_ds_16_1 d_16_1 0 0.05
     0     164  e_gs_16_1 g_16_1 0 v_sweep 0 1
     0     165  v_s_16_1 s_16_1 0 0
     0     166  v_bs_16_1 b_16_1 0 -0.75
     0     167  x_16_1 d_16_1 g_16_1 s_16_1 b_16_1 dut 5e-06 1e-05 1 1.0 0 0 0 1 1 1 1e-12 1e-6 1e-12 1e-6 1 1 1 0 0 2 0 0 0 0 0 0 1 0 1 2 1 0 0 0 0 1e-4 1 3.9 3e-9  2.5283648400390646e-09 3e-9 1e-7  2.513137011637006e+16  1.1651553986299767e+19 1e20 0 0.1 0  1*-8.831661153537918e-08 0 1  1*-9.396706795154786e-14 1  6.826105009382718e-20 1*-5.155602414649769e-08  9.61453132805084e-14 1 0 1  1*-2.598267962804297e-21 0 0 0 0 0 0  1.2288982194797635e-08 0 0 0 0 0 0 0 0 0 0 1  1.6502996151425715 {-1}  0.06616739376322876  0.011125391543644989  67.85946618308395  1*-19.60802463020844  1.0482874077450323e-08 1.74e-7 0 {-3} 5e-7 0  9.348216928087822  1.4517654371803352  1*-0.07421757726239225 9.147961189439465  31.03073845826344  1*-0.004780399724894344 0  255.1859415424868  1.563369125859135e-10  3.7970351166965e-21  3.0318084569789787e-09 0 0 1e-7 1.67  120288.02068995887 2.626125009348153  1.1072049080931825 0 0  1*-0.04719534597375924 0.05088217142409034  0.5946952970911885  729.7610475717817 0 100 0 100 0 0 0 1  1*-0.010636654646327653  1.7224654220201368e-09 0  0.9301732048423627 0.19564157983904398  1*-0.10488426890389202 0.33899632521464007 0 2.4e-4 0 0  8.773071843847125e-08  6.987591244064103e-07  0.0008759361914234717  1*-0.8100930349728017 1.606298599243046 5e9 5e-6  1.2462766280624296 0.01 0 1e-3 1 0 0 0 0 3 0 0 15 0.43 0.054 0.075 1 0.05 0 6e-3 1.1 3 0.054 0.054 0.075 0.43 0.054 0.075 5e-9 1 1 1 1 3e-9 0 2.3e9 0.5 0.8  0.8251506129387414 5e-11  3.229479323306168e-10 1e-12  13.625848985112958 0.6  1.7898894163002573e-10  3.4059897922918125e-08  0.6320842741814965  3.1206659810964594e-08 0 {-1}  1.3688975561110386  1*-0.14931210619627294 0.6040943204774073  23.85750162490291 1e-10  6.148372987487574e-10 0.1 0.1 0.1 0.1 1 1 10 10 1e-4 1e-4 1e-14 1e-14 1e-13 1e-14 0 0 0 0 0 0 20 20 20 0.02 0.02 0.02 0.02 0.02 0.02 10 10 10 10 10 10 0 0 0 5e-4 5e-4 0.5 0.5 0.33 0.33 1e-10 1e-10 5e-10 5e-10 0.33 0.33 0.8 0.8 0.8 0.8 0.8 0.8 25 {-1.5} {-0.11} 0 0.022 6.71e-3 {-3.35e-3} 4.1e-3 0 8.13e-3 0 1 1 3 3 0 0 0 0 0 0 0 0 1e-6 1e-6 0 0 0 0 0 1 1 1 1 0 0 0 0 0 0 0 1 0 1 0 0 0 0 0 1e-6 0.28e-6 0.22e-6  0.8437752622664191 0.1657314960359324 0.2302504168614232  0.2605051011463085 0.5801339681251597  0.21893077442656117  0.8439336703177824  0.5287579554092193 
     0     168  v_ds_16_2 d_16_2 0 0.05
     0     169  e_gs_16_2 g_16_2 0 v_sweep 0 1
     0     170  v_s_16_2 s_16_2 0 0
     0     171  v_bs_16_2 b_16_2 0 -0.5
     0     172  x_16_2 d_16_2 g_16_2 s_16_2 b_16_2 dut 5e-06 1e-05 1 1.0 0 0 0 1 1 1 1e-12 1e-6 1e-12 1e-6 1 1 1 0 0 2 0 0 0 0 0 0 1 0 1 2 1 0 0 0 0 1e-4 1 3.9 3e-9  2.5283648400390646e-09 3e-9 1e-7  2.513137011637006e+16  1.1651553986299767e+19 1e20 0 0.1 0  1*-8.831661153537918e-08 0 1  1*-9.396706795154786e-14 1  6.826105009382718e-20 1*-5.155602414649769e-08  9.61453132805084e-14 1 0 1  1*-2.598267962804297e-21 0 0 0 0 0 0  1.2288982194797635e-08 0 0 0 0 0 0 0 0 0 0 1  1.6502996151425715 {-1}  0.06616739376322876  0.011125391543644989  67.85946618308395  1*-19.60802463020844  1.0482874077450323e-08 1.74e-7 0 {-3} 5e-7 0  9.348216928087822  1.4517654371803352  1*-0.07421757726239225 9.147961189439465  31.03073845826344  1*-0.004780399724894344 0  255.1859415424868  1.563369125859135e-10  3.7970351166965e-21  3.0318084569789787e-09 0 0 1e-7 1.67  120288.02068995887 2.626125009348153  1.1072049080931825 0 0  1*-0.04719534597375924 0.05088217142409034  0.5946952970911885  729.7610475717817 0 100 0 100 0 0 0 1  1*-0.010636654646327653  1.7224654220201368e-09 0  0.9301732048423627 0.19564157983904398  1*-0.10488426890389202 0.33899632521464007 0 2.4e-4 0 0  8.773071843847125e-08  6.987591244064103e-07  0.0008759361914234717  1*-0.8100930349728017 1.606298599243046 5e9 5e-6  1.2462766280624296 0.01 0 1e-3 1 0 0 0 0 3 0 0 15 0.43 0.054 0.075 1 0.05 0 6e-3 1.1 3 0.054 0.054 0.075 0.43 0.054 0.075 5e-9 1 1 1 1 3e-9 0 2.3e9 0.5 0.8  0.8251506129387414 5e-11  3.229479323306168e-10 1e-12  13.625848985112958 0.6  1.7898894163002573e-10  3.4059897922918125e-08  0.6320842741814965  3.1206659810964594e-08 0 {-1}  1.3688975561110386  1*-0.14931210619627294 0.6040943204774073  23.85750162490291 1e-10  6.148372987487574e-10 0.1 0.1 0.1 0.1 1 1 10 10 1e-4 1e-4 1e-14 1e-14 1e-13 1e-14 0 0 0 0 0 0 20 20 20 0.02 0.02 0.02 0.02 0.02 0.02 10 10 10 10 10 10 0 0 0 5e-4 5e-4 0.5 0.5 0.33 0.33 1e-10 1e-10 5e-10 5e-10 0.33 0.33 0.8 0.8 0.8 0.8 0.8 0.8 25 {-1.5} {-0.11} 0 0.022 6.71e-3 {-3.35e-3} 4.1e-3 0 8.13e-3 0 1 1 3 3 0 0 0 0 0 0 0 0 1e-6 1e-6 0 0 0 0 0 1 1 1 1 0 0 0 0 0 0 0 1 0 1 0 0 0 0 0 1e-6 0.28e-6 0.22e-6  0.8437752622664191 0.1657314960359324 0.2302504168614232  0.2605051011463085 0.5801339681251597  0.21893077442656117  0.8439336703177824  0.5287579554092193 
     0     173  v_ds_16_3 d_16_3 0 0.05
     0     174  e_gs_16_3 g_16_3 0 v_sweep 0 1
     0     175  v_s_16_3 s_16_3 0 0
     0     176  v_bs_16_3 b_16_3 0 -0.25
     0     177  x_16_3 d_16_3 g_16_3 s_16_3 b_16_3 dut 5e-06 1e-05 1 1.0 0 0 0 1 1 1 1e-12 1e-6 1e-12 1e-6 1 1 1 0 0 2 0 0 0 0 0 0 1 0 1 2 1 0 0 0 0 1e-4 1 3.9 3e-9  2.5283648400390646e-09 3e-9 1e-7  2.513137011637006e+16  1.1651553986299767e+19 1e20 0 0.1 0  1*-8.831661153537918e-08 0 1  1*-9.396706795154786e-14 1  6.826105009382718e-20 1*-5.155602414649769e-08  9.61453132805084e-14 1 0 1  1*-2.598267962804297e-21 0 0 0 0 0 0  1.2288982194797635e-08 0 0 0 0 0 0 0 0 0 0 1  1.6502996151425715 {-1}  0.06616739376322876  0.011125391543644989  67.85946618308395  1*-19.60802463020844  1.0482874077450323e-08 1.74e-7 0 {-3} 5e-7 0  9.348216928087822  1.4517654371803352  1*-0.07421757726239225 9.147961189439465  31.03073845826344  1*-0.004780399724894344 0  255.1859415424868  1.563369125859135e-10  3.7970351166965e-21  3.0318084569789787e-09 0 0 1e-7 1.67  120288.02068995887 2.626125009348153  1.1072049080931825 0 0  1*-0.04719534597375924 0.05088217142409034  0.5946952970911885  729.7610475717817 0 100 0 100 0 0 0 1  1*-0.010636654646327653  1.7224654220201368e-09 0  0.9301732048423627 0.19564157983904398  1*-0.10488426890389202 0.33899632521464007 0 2.4e-4 0 0  8.773071843847125e-08  6.987591244064103e-07  0.0008759361914234717  1*-0.8100930349728017 1.606298599243046 5e9 5e-6  1.2462766280624296 0.01 0 1e-3 1 0 0 0 0 3 0 0 15 0.43 0.054 0.075 1 0.05 0 6e-3 1.1 3 0.054 0.054 0.075 0.43 0.054 0.075 5e-9 1 1 1 1 3e-9 0 2.3e9 0.5 0.8  0.8251506129387414 5e-11  3.229479323306168e-10 1e-12  13.625848985112958 0.6  1.7898894163002573e-10  3.4059897922918125e-08  0.6320842741814965  3.1206659810964594e-08 0 {-1}  1.3688975561110386  1*-0.14931210619627294 0.6040943204774073  23.85750162490291 1e-10  6.148372987487574e-10 0.1 0.1 0.1 0.1 1 1 10 10 1e-4 1e-4 1e-14 1e-14 1e-13 1e-14 0 0 0 0 0 0 20 20 20 0.02 0.02 0.02 0.02 0.02 0.02 10 10 10 10 10 10 0 0 0 5e-4 5e-4 0.5 0.5 0.33 0.33 1e-10 1e-10 5e-10 5e-10 0.33 0.33 0.8 0.8 0.8 0.8 0.8 0.8 25 {-1.5} {-0.11} 0 0.022 6.71e-3 {-3.35e-3} 4.1e-3 0 8.13e-3 0 1 1 3 3 0 0 0 0 0 0 0 0 1e-6 1e-6 0 0 0 0 0 1 1 1 1 0 0 0 0 0 0 0 1 0 1 0 0 0 0 0 1e-6 0.28e-6 0.22e-6  0.8437752622664191 0.1657314960359324 0.2302504168614232  0.2605051011463085 0.5801339681251597  0.21893077442656117  0.8439336703177824  0.5287579554092193 
     0     178  v_ds_16_4 d_16_4 0 0.05
     0     179  e_gs_16_4 g_16_4 0 v_sweep 0 1
     0     180  v_s_16_4 s_16_4 0 0
     0     181  v_bs_16_4 b_16_4 0 0.0
     0     182  x_16_4 d_16_4 g_16_4 s_16_4 b_16_4 dut 5e-06 1e-05 1 1.0 0 0 0 1 1 1 1e-12 1e-6 1e-12 1e-6 1 1 1 0 0 2 0 0 0 0 0 0 1 0 1 2 1 0 0 0 0 1e-4 1 3.9 3e-9  2.5283648400390646e-09 3e-9 1e-7  2.513137011637006e+16  1.1651553986299767e+19 1e20 0 0.1 0  1*-8.831661153537918e-08 0 1  1*-9.396706795154786e-14 1  6.826105009382718e-20 1*-5.155602414649769e-08  9.61453132805084e-14 1 0 1  1*-2.598267962804297e-21 0 0 0 0 0 0  1.2288982194797635e-08 0 0 0 0 0 0 0 0 0 0 1  1.6502996151425715 {-1}  0.06616739376322876  0.011125391543644989  67.85946618308395  1*-19.60802463020844  1.0482874077450323e-08 1.74e-7 0 {-3} 5e-7 0  9.348216928087822  1.4517654371803352  1*-0.07421757726239225 9.147961189439465  31.03073845826344  1*-0.004780399724894344 0  255.1859415424868  1.563369125859135e-10  3.7970351166965e-21  3.0318084569789787e-09 0 0 1e-7 1.67  120288.02068995887 2.626125009348153  1.1072049080931825 0 0  1*-0.04719534597375924 0.05088217142409034  0.5946952970911885  729.7610475717817 0 100 0 100 0 0 0 1  1*-0.010636654646327653  1.7224654220201368e-09 0  0.9301732048423627 0.19564157983904398  1*-0.10488426890389202 0.33899632521464007 0 2.4e-4 0 0  8.773071843847125e-08  6.987591244064103e-07  0.0008759361914234717  1*-0.8100930349728017 1.606298599243046 5e9 5e-6  1.2462766280624296 0.01 0 1e-3 1 0 0 0 0 3 0 0 15 0.43 0.054 0.075 1 0.05 0 6e-3 1.1 3 0.054 0.054 0.075 0.43 0.054 0.075 5e-9 1 1 1 1 3e-9 0 2.3e9 0.5 0.8  0.8251506129387414 5e-11  3.229479323306168e-10 1e-12  13.625848985112958 0.6  1.7898894163002573e-10  3.4059897922918125e-08  0.6320842741814965  3.1206659810964594e-08 0 {-1}  1.3688975561110386  1*-0.14931210619627294 0.6040943204774073  23.85750162490291 1e-10  6.148372987487574e-10 0.1 0.1 0.1 0.1 1 1 10 10 1e-4 1e-4 1e-14 1e-14 1e-13 1e-14 0 0 0 0 0 0 20 20 20 0.02 0.02 0.02 0.02 0.02 0.02 10 10 10 10 10 10 0 0 0 5e-4 5e-4 0.5 0.5 0.33 0.33 1e-10 1e-10 5e-10 5e-10 0.33 0.33 0.8 0.8 0.8 0.8 0.8 0.8 25 {-1.5} {-0.11} 0 0.022 6.71e-3 {-3.35e-3} 4.1e-3 0 8.13e-3 0 1 1 3 3 0 0 0 0 0 0 0 0 1e-6 1e-6 0 0 0 0 0 1 1 1 1 0 0 0 0 0 0 0 1 0 1 0 0 0 0 0 1e-6 0.28e-6 0.22e-6  0.8437752622664191 0.1657314960359324 0.2302504168614232  0.2605051011463085 0.5801339681251597  0.21893077442656117  0.8439336703177824  0.5287579554092193 
     0     183  v_ds_17_0 d_17_0 0 1.6
     0     184  e_gs_17_0 g_17_0 0 v_sweep 0 1
     0     185  v_s_17_0 s_17_0 0 0
     0     186  v_bs_17_0 b_17_0 0 -1.0
     0     187  x_17_0 d_17_0 g_17_0 s_17_0 b_17_0 dut 5e-06 1e-05 1 1.0 0 0 0 1 1 1 1e-12 1e-6 1e-12 1e-6 1 1 1 0 0 2 0 0 0 0 0 0 1 0 1 2 1 0 0 0 0 1e-4 1 3.9 3e-9  2.5283648400390646e-09 3e-9 1e-7  2.513137011637006e+16  1.1651553986299767e+19 1e20 0 0.1 0  1*-8.831661153537918e-08 0 1  1*-9.396706795154786e-14 1  6.826105009382718e-20 1*-5.155602414649769e-08  9.61453132805084e-14 1 0 1  1*-2.598267962804297e-21 0 0 0 0 0 0  1.2288982194797635e-08 0 0 0 0 0 0 0 0 0 0 1  1.6502996151425715 {-1}  0.06616739376322876  0.011125391543644989  67.85946618308395  1*-19.60802463020844  1.0482874077450323e-08 1.74e-7 0 {-3} 5e-7 0  9.348216928087822  1.4517654371803352  1*-0.07421757726239225 9.147961189439465  31.03073845826344  1*-0.004780399724894344 0  255.1859415424868  1.563369125859135e-10  3.7970351166965e-21  3.0318084569789787e-09 0 0 1e-7 1.67  120288.02068995887 2.626125009348153  1.1072049080931825 0 0  1*-0.04719534597375924 0.05088217142409034  0.5946952970911885  729.7610475717817 0 100 0 100 0 0 0 1  1*-0.010636654646327653  1.7224654220201368e-09 0  0.9301732048423627 0.19564157983904398  1*-0.10488426890389202 0.33899632521464007 0 2.4e-4 0 0  8.773071843847125e-08  6.987591244064103e-07  0.0008759361914234717  1*-0.8100930349728017 1.606298599243046 5e9 5e-6  1.2462766280624296 0.01 0 1e-3 1 0 0 0 0 3 0 0 15 0.43 0.054 0.075 1 0.05 0 6e-3 1.1 3 0.054 0.054 0.075 0.43 0.054 0.075 5e-9 1 1 1 1 3e-9 0 2.3e9 0.5 0.8  0.8251506129387414 5e-11  3.229479323306168e-10 1e-12  13.625848985112958 0.6  1.7898894163002573e-10  3.4059897922918125e-08  0.6320842741814965  3.1206659810964594e-08 0 {-1}  1.3688975561110386  1*-0.14931210619627294 0.6040943204774073  23.85750162490291 1e-10  6.148372987487574e-10 0.1 0.1 0.1 0.1 1 1 10 10 1e-4 1e-4 1e-14 1e-14 1e-13 1e-14 0 0 0 0 0 0 20 20 20 0.02 0.02 0.02 0.02 0.02 0.02 10 10 10 10 10 10 0 0 0 5e-4 5e-4 0.5 0.5 0.33 0.33 1e-10 1e-10 5e-10 5e-10 0.33 0.33 0.8 0.8 0.8 0.8 0.8 0.8 25 {-1.5} {-0.11} 0 0.022 6.71e-3 {-3.35e-3} 4.1e-3 0 8.13e-3 0 1 1 3 3 0 0 0 0 0 0 0 0 1e-6 1e-6 0 0 0 0 0 1 1 1 1 0 0 0 0 0 0 0 1 0 1 0 0 0 0 0 1e-6 0.28e-6 0.22e-6  0.8437752622664191 0.1657314960359324 0.2302504168614232  0.2605051011463085 0.5801339681251597  0.21893077442656117  0.8439336703177824  0.5287579554092193 
     0     188  v_ds_17_1 d_17_1 0 1.6
     0     189  e_gs_17_1 g_17_1 0 v_sweep 0 1
     0     190  v_s_17_1 s_17_1 0 0
     0     191  v_bs_17_1 b_17_1 0 -0.75
     0     192  x_17_1 d_17_1 g_17_1 s_17_1 b_17_1 dut 5e-06 1e-05 1 1.0 0 0 0 1 1 1 1e-12 1e-6 1e-12 1e-6 1 1 1 0 0 2 0 0 0 0 0 0 1 0 1 2 1 0 0 0 0 1e-4 1 3.9 3e-9  2.5283648400390646e-09 3e-9 1e-7  2.513137011637006e+16  1.1651553986299767e+19 1e20 0 0.1 0  1*-8.831661153537918e-08 0 1  1*-9.396706795154786e-14 1  6.826105009382718e-20 1*-5.155602414649769e-08  9.61453132805084e-14 1 0 1  1*-2.598267962804297e-21 0 0 0 0 0 0  1.2288982194797635e-08 0 0 0 0 0 0 0 0 0 0 1  1.6502996151425715 {-1}  0.06616739376322876  0.011125391543644989  67.85946618308395  1*-19.60802463020844  1.0482874077450323e-08 1.74e-7 0 {-3} 5e-7 0  9.348216928087822  1.4517654371803352  1*-0.07421757726239225 9.147961189439465  31.03073845826344  1*-0.004780399724894344 0  255.1859415424868  1.563369125859135e-10  3.7970351166965e-21  3.0318084569789787e-09 0 0 1e-7 1.67  120288.02068995887 2.626125009348153  1.1072049080931825 0 0  1*-0.04719534597375924 0.05088217142409034  0.5946952970911885  729.7610475717817 0 100 0 100 0 0 0 1  1*-0.010636654646327653  1.7224654220201368e-09 0  0.9301732048423627 0.19564157983904398  1*-0.10488426890389202 0.33899632521464007 0 2.4e-4 0 0  8.773071843847125e-08  6.987591244064103e-07  0.0008759361914234717  1*-0.8100930349728017 1.606298599243046 5e9 5e-6  1.2462766280624296 0.01 0 1e-3 1 0 0 0 0 3 0 0 15 0.43 0.054 0.075 1 0.05 0 6e-3 1.1 3 0.054 0.054 0.075 0.43 0.054 0.075 5e-9 1 1 1 1 3e-9 0 2.3e9 0.5 0.8  0.8251506129387414 5e-11  3.229479323306168e-10 1e-12  13.625848985112958 0.6  1.7898894163002573e-10  3.4059897922918125e-08  0.6320842741814965  3.1206659810964594e-08 0 {-1}  1.3688975561110386  1*-0.14931210619627294 0.6040943204774073  23.85750162490291 1e-10  6.148372987487574e-10 0.1 0.1 0.1 0.1 1 1 10 10 1e-4 1e-4 1e-14 1e-14 1e-13 1e-14 0 0 0 0 0 0 20 20 20 0.02 0.02 0.02 0.02 0.02 0.02 10 10 10 10 10 10 0 0 0 5e-4 5e-4 0.5 0.5 0.33 0.33 1e-10 1e-10 5e-10 5e-10 0.33 0.33 0.8 0.8 0.8 0.8 0.8 0.8 25 {-1.5} {-0.11} 0 0.022 6.71e-3 {-3.35e-3} 4.1e-3 0 8.13e-3 0 1 1 3 3 0 0 0 0 0 0 0 0 1e-6 1e-6 0 0 0 0 0 1 1 1 1 0 0 0 0 0 0 0 1 0 1 0 0 0 0 0 1e-6 0.28e-6 0.22e-6  0.8437752622664191 0.1657314960359324 0.2302504168614232  0.2605051011463085 0.5801339681251597  0.21893077442656117  0.8439336703177824  0.5287579554092193 
     0     193  v_ds_17_2 d_17_2 0 1.6
     0     194  e_gs_17_2 g_17_2 0 v_sweep 0 1
     0     195  v_s_17_2 s_17_2 0 0
     0     196  v_bs_17_2 b_17_2 0 -0.5
     0     197  x_17_2 d_17_2 g_17_2 s_17_2 b_17_2 dut 5e-06 1e-05 1 1.0 0 0 0 1 1 1 1e-12 1e-6 1e-12 1e-6 1 1 1 0 0 2 0 0 0 0 0 0 1 0 1 2 1 0 0 0 0 1e-4 1 3.9 3e-9  2.5283648400390646e-09 3e-9 1e-7  2.513137011637006e+16  1.1651553986299767e+19 1e20 0 0.1 0  1*-8.831661153537918e-08 0 1  1*-9.396706795154786e-14 1  6.826105009382718e-20 1*-5.155602414649769e-08  9.61453132805084e-14 1 0 1  1*-2.598267962804297e-21 0 0 0 0 0 0  1.2288982194797635e-08 0 0 0 0 0 0 0 0 0 0 1  1.6502996151425715 {-1}  0.06616739376322876  0.011125391543644989  67.85946618308395  1*-19.60802463020844  1.0482874077450323e-08 1.74e-7 0 {-3} 5e-7 0  9.348216928087822  1.4517654371803352  1*-0.07421757726239225 9.147961189439465  31.03073845826344  1*-0.004780399724894344 0  255.1859415424868  1.563369125859135e-10  3.7970351166965e-21  3.0318084569789787e-09 0 0 1e-7 1.67  120288.02068995887 2.626125009348153  1.1072049080931825 0 0  1*-0.04719534597375924 0.05088217142409034  0.5946952970911885  729.7610475717817 0 100 0 100 0 0 0 1  1*-0.010636654646327653  1.7224654220201368e-09 0  0.9301732048423627 0.19564157983904398  1*-0.10488426890389202 0.33899632521464007 0 2.4e-4 0 0  8.773071843847125e-08  6.987591244064103e-07  0.0008759361914234717  1*-0.8100930349728017 1.606298599243046 5e9 5e-6  1.2462766280624296 0.01 0 1e-3 1 0 0 0 0 3 0 0 15 0.43 0.054 0.075 1 0.05 0 6e-3 1.1 3 0.054 0.054 0.075 0.43 0.054 0.075 5e-9 1 1 1 1 3e-9 0 2.3e9 0.5 0.8  0.8251506129387414 5e-11  3.229479323306168e-10 1e-12  13.625848985112958 0.6  1.7898894163002573e-10  3.4059897922918125e-08  0.6320842741814965  3.1206659810964594e-08 0 {-1}  1.3688975561110386  1*-0.14931210619627294 0.6040943204774073  23.85750162490291 1e-10  6.148372987487574e-10 0.1 0.1 0.1 0.1 1 1 10 10 1e-4 1e-4 1e-14 1e-14 1e-13 1e-14 0 0 0 0 0 0 20 20 20 0.02 0.02 0.02 0.02 0.02 0.02 10 10 10 10 10 10 0 0 0 5e-4 5e-4 0.5 0.5 0.33 0.33 1e-10 1e-10 5e-10 5e-10 0.33 0.33 0.8 0.8 0.8 0.8 0.8 0.8 25 {-1.5} {-0.11} 0 0.022 6.71e-3 {-3.35e-3} 4.1e-3 0 8.13e-3 0 1 1 3 3 0 0 0 0 0 0 0 0 1e-6 1e-6 0 0 0 0 0 1 1 1 1 0 0 0 0 0 0 0 1 0 1 0 0 0 0 0 1e-6 0.28e-6 0.22e-6  0.8437752622664191 0.1657314960359324 0.2302504168614232  0.2605051011463085 0.5801339681251597  0.21893077442656117  0.8439336703177824  0.5287579554092193 
     0     198  v_ds_17_3 d_17_3 0 1.6
     0     199  e_gs_17_3 g_17_3 0 v_sweep 0 1
     0     200  v_s_17_3 s_17_3 0 0
     0     201  v_bs_17_3 b_17_3 0 -0.25
     0     202  x_17_3 d_17_3 g_17_3 s_17_3 b_17_3 dut 5e-06 1e-05 1 1.0 0 0 0 1 1 1 1e-12 1e-6 1e-12 1e-6 1 1 1 0 0 2 0 0 0 0 0 0 1 0 1 2 1 0 0 0 0 1e-4 1 3.9 3e-9  2.5283648400390646e-09 3e-9 1e-7  2.513137011637006e+16  1.1651553986299767e+19 1e20 0 0.1 0  1*-8.831661153537918e-08 0 1  1*-9.396706795154786e-14 1  6.826105009382718e-20 1*-5.155602414649769e-08  9.61453132805084e-14 1 0 1  1*-2.598267962804297e-21 0 0 0 0 0 0  1.2288982194797635e-08 0 0 0 0 0 0 0 0 0 0 1  1.6502996151425715 {-1}  0.06616739376322876  0.011125391543644989  67.85946618308395  1*-19.60802463020844  1.0482874077450323e-08 1.74e-7 0 {-3} 5e-7 0  9.348216928087822  1.4517654371803352  1*-0.07421757726239225 9.147961189439465  31.03073845826344  1*-0.004780399724894344 0  255.1859415424868  1.563369125859135e-10  3.7970351166965e-21  3.0318084569789787e-09 0 0 1e-7 1.67  120288.02068995887 2.626125009348153  1.1072049080931825 0 0  1*-0.04719534597375924 0.05088217142409034  0.5946952970911885  729.7610475717817 0 100 0 100 0 0 0 1  1*-0.010636654646327653  1.7224654220201368e-09 0  0.9301732048423627 0.19564157983904398  1*-0.10488426890389202 0.33899632521464007 0 2.4e-4 0 0  8.773071843847125e-08  6.987591244064103e-07  0.0008759361914234717  1*-0.8100930349728017 1.606298599243046 5e9 5e-6  1.2462766280624296 0.01 0 1e-3 1 0 0 0 0 3 0 0 15 0.43 0.054 0.075 1 0.05 0 6e-3 1.1 3 0.054 0.054 0.075 0.43 0.054 0.075 5e-9 1 1 1 1 3e-9 0 2.3e9 0.5 0.8  0.8251506129387414 5e-11  3.229479323306168e-10 1e-12  13.625848985112958 0.6  1.7898894163002573e-10  3.4059897922918125e-08  0.6320842741814965  3.1206659810964594e-08 0 {-1}  1.3688975561110386  1*-0.14931210619627294 0.6040943204774073  23.85750162490291 1e-10  6.148372987487574e-10 0.1 0.1 0.1 0.1 1 1 10 10 1e-4 1e-4 1e-14 1e-14 1e-13 1e-14 0 0 0 0 0 0 20 20 20 0.02 0.02 0.02 0.02 0.02 0.02 10 10 10 10 10 10 0 0 0 5e-4 5e-4 0.5 0.5 0.33 0.33 1e-10 1e-10 5e-10 5e-10 0.33 0.33 0.8 0.8 0.8 0.8 0.8 0.8 25 {-1.5} {-0.11} 0 0.022 6.71e-3 {-3.35e-3} 4.1e-3 0 8.13e-3 0 1 1 3 3 0 0 0 0 0 0 0 0 1e-6 1e-6 0 0 0 0 0 1 1 1 1 0 0 0 0 0 0 0 1 0 1 0 0 0 0 0 1e-6 0.28e-6 0.22e-6  0.8437752622664191 0.1657314960359324 0.2302504168614232  0.2605051011463085 0.5801339681251597  0.21893077442656117  0.8439336703177824  0.5287579554092193 
     0     203  v_ds_17_4 d_17_4 0 1.6
     0     204  e_gs_17_4 g_17_4 0 v_sweep 0 1
     0     205  v_s_17_4 s_17_4 0 0
     0     206  v_bs_17_4 b_17_4 0 0.0
     0     207  x_17_4 d_17_4 g_17_4 s_17_4 b_17_4 dut 5e-06 1e-05 1 1.0 0 0 0 1 1 1 1e-12 1e-6 1e-12 1e-6 1 1 1 0 0 2 0 0 0 0 0 0 1 0 1 2 1 0 0 0 0 1e-4 1 3.9 3e-9  2.5283648400390646e-09 3e-9 1e-7  2.513137011637006e+16  1.1651553986299767e+19 1e20 0 0.1 0  1*-8.831661153537918e-08 0 1  1*-9.396706795154786e-14 1  6.826105009382718e-20 1*-5.155602414649769e-08  9.61453132805084e-14 1 0 1  1*-2.598267962804297e-21 0 0 0 0 0 0  1.2288982194797635e-08 0 0 0 0 0 0 0 0 0 0 1  1.6502996151425715 {-1}  0.06616739376322876  0.011125391543644989  67.85946618308395  1*-19.60802463020844  1.0482874077450323e-08 1.74e-7 0 {-3} 5e-7 0  9.348216928087822  1.4517654371803352  1*-0.07421757726239225 9.147961189439465  31.03073845826344  1*-0.004780399724894344 0  255.1859415424868  1.563369125859135e-10  3.7970351166965e-21  3.0318084569789787e-09 0 0 1e-7 1.67  120288.02068995887 2.626125009348153  1.1072049080931825 0 0  1*-0.04719534597375924 0.05088217142409034  0.5946952970911885  729.7610475717817 0 100 0 100 0 0 0 1  1*-0.010636654646327653  1.7224654220201368e-09 0  0.9301732048423627 0.19564157983904398  1*-0.10488426890389202 0.33899632521464007 0 2.4e-4 0 0  8.773071843847125e-08  6.987591244064103e-07  0.0008759361914234717  1*-0.8100930349728017 1.606298599243046 5e9 5e-6  1.2462766280624296 0.01 0 1e-3 1 0 0 0 0 3 0 0 15 0.43 0.054 0.075 1 0.05 0 6e-3 1.1 3 0.054 0.054 0.075 0.43 0.054 0.075 5e-9 1 1 1 1 3e-9 0 2.3e9 0.5 0.8  0.8251506129387414 5e-11  3.229479323306168e-10 1e-12  13.625848985112958 0.6  1.7898894163002573e-10  3.4059897922918125e-08  0.6320842741814965  3.1206659810964594e-08 0 {-1}  1.3688975561110386  1*-0.14931210619627294 0.6040943204774073  23.85750162490291 1e-10  6.148372987487574e-10 0.1 0.1 0.1 0.1 1 1 10 10 1e-4 1e-4 1e-14 1e-14 1e-13 1e-14 0 0 0 0 0 0 20 20 20 0.02 0.02 0.02 0.02 0.02 0.02 10 10 10 10 10 10 0 0 0 5e-4 5e-4 0.5 0.5 0.33 0.33 1e-10 1e-10 5e-10 5e-10 0.33 0.33 0.8 0.8 0.8 0.8 0.8 0.8 25 {-1.5} {-0.11} 0 0.022 6.71e-3 {-3.35e-3} 4.1e-3 0 8.13e-3 0 1 1 3 3 0 0 0 0 0 0 0 0 1e-6 1e-6 0 0 0 0 0 1 1 1 1 0 0 0 0 0 0 0 1 0 1 0 0 0 0 0 1e-6 0.28e-6 0.22e-6  0.8437752622664191 0.1657314960359324 0.2302504168614232  0.2605051011463085 0.5801339681251597  0.21893077442656117  0.8439336703177824  0.5287579554092193 
     0     208  v_ds_18_0 d_18_0 0 0.05
     0     209  e_gs_18_0 g_18_0 0 v_sweep 0 1
     0     210  v_s_18_0 s_18_0 0 0
     0     211  v_bs_18_0 b_18_0 0 -1.0
     0     212  x_18_0 d_18_0 g_18_0 s_18_0 b_18_0 dut 1e-05 5e-06 1 1.0 0 0 0 1 1 1 1e-12 1e-6 1e-12 1e-6 1 1 1 0 0 2 0 0 0 0 0 0 1 0 1 2 1 0 0 0 0 1e-4 1 3.9 3e-9  2.5283648400390646e-09 3e-9 1e-7  2.513137011637006e+16  1.1651553986299767e+19 1e20 0 0.1 0  1*-8.831661153537918e-08 0 1  1*-9.396706795154786e-14 1  6.826105009382718e-20 1*-5.155602414649769e-08  9.61453132805084e-14 1 0 1  1*-2.598267962804297e-21 0 0 0 0 0 0  1.2288982194797635e-08 0 0 0 0 0 0 0 0 0 0 1  1.6502996151425715 {-1}  0.06616739376322876  0.011125391543644989  67.85946618308395  1*-19.60802463020844  1.0482874077450323e-08 1.74e-7 0 {-3} 5e-7 0  9.348216928087822  1.4517654371803352  1*-0.07421757726239225 9.147961189439465  31.03073845826344  1*-0.004780399724894344 0  255.1859415424868  1.563369125859135e-10  3.7970351166965e-21  3.0318084569789787e-09 0 0 1e-7 1.67  120288.02068995887 2.626125009348153  1.1072049080931825 0 0  1*-0.04719534597375924 0.05088217142409034  0.5946952970911885  729.7610475717817 0 100 0 100 0 0 0 1  1*-0.010636654646327653  1.7224654220201368e-09 0  0.9301732048423627 0.19564157983904398  1*-0.10488426890389202 0.33899632521464007 0 2.4e-4 0 0  8.773071843847125e-08  6.987591244064103e-07  0.0008759361914234717  1*-0.8100930349728017 1.606298599243046 5e9 5e-6  1.2462766280624296 0.01 0 1e-3 1 0 0 0 0 3 0 0 15 0.43 0.054 0.075 1 0.05 0 6e-3 1.1 3 0.054 0.054 0.075 0.43 0.054 0.075 5e-9 1 1 1 1 3e-9 0 2.3e9 0.5 0.8  0.8251506129387414 5e-11  3.229479323306168e-10 1e-12  13.625848985112958 0.6  1.7898894163002573e-10  3.4059897922918125e-08  0.6320842741814965  3.1206659810964594e-08 0 {-1}  1.3688975561110386  1*-0.14931210619627294 0.6040943204774073  23.85750162490291 1e-10  6.148372987487574e-10 0.1 0.1 0.1 0.1 1 1 10 10 1e-4 1e-4 1e-14 1e-14 1e-13 1e-14 0 0 0 0 0 0 20 20 20 0.02 0.02 0.02 0.02 0.02 0.02 10 10 10 10 10 10 0 0 0 5e-4 5e-4 0.5 0.5 0.33 0.33 1e-10 1e-10 5e-10 5e-10 0.33 0.33 0.8 0.8 0.8 0.8 0.8 0.8 25 {-1.5} {-0.11} 0 0.022 6.71e-3 {-3.35e-3} 4.1e-3 0 8.13e-3 0 1 1 3 3 0 0 0 0 0 0 0 0 1e-6 1e-6 0 0 0 0 0 1 1 1 1 0 0 0 0 0 0 0 1 0 1 0 0 0 0 0 1e-6 0.28e-6 0.22e-6  0.8437752622664191 0.1657314960359324 0.2302504168614232  0.2605051011463085 0.5801339681251597  0.21893077442656117  0.8439336703177824  0.5287579554092193 
     0     213  v_ds_18_1 d_18_1 0 0.05
     0     214  e_gs_18_1 g_18_1 0 v_sweep 0 1
     0     215  v_s_18_1 s_18_1 0 0
     0     216  v_bs_18_1 b_18_1 0 -0.75
     0     217  x_18_1 d_18_1 g_18_1 s_18_1 b_18_1 dut 1e-05 5e-06 1 1.0 0 0 0 1 1 1 1e-12 1e-6 1e-12 1e-6 1 1 1 0 0 2 0 0 0 0 0 0 1 0 1 2 1 0 0 0 0 1e-4 1 3.9 3e-9  2.5283648400390646e-09 3e-9 1e-7  2.513137011637006e+16  1.1651553986299767e+19 1e20 0 0.1 0  1*-8.831661153537918e-08 0 1  1*-9.396706795154786e-14 1  6.826105009382718e-20 1*-5.155602414649769e-08  9.61453132805084e-14 1 0 1  1*-2.598267962804297e-21 0 0 0 0 0 0  1.2288982194797635e-08 0 0 0 0 0 0 0 0 0 0 1  1.6502996151425715 {-1}  0.06616739376322876  0.011125391543644989  67.85946618308395  1*-19.60802463020844  1.0482874077450323e-08 1.74e-7 0 {-3} 5e-7 0  9.348216928087822  1.4517654371803352  1*-0.07421757726239225 9.147961189439465  31.03073845826344  1*-0.004780399724894344 0  255.1859415424868  1.563369125859135e-10  3.7970351166965e-21  3.0318084569789787e-09 0 0 1e-7 1.67  120288.02068995887 2.626125009348153  1.1072049080931825 0 0  1*-0.04719534597375924 0.05088217142409034  0.5946952970911885  729.7610475717817 0 100 0 100 0 0 0 1  1*-0.010636654646327653  1.7224654220201368e-09 0  0.9301732048423627 0.19564157983904398  1*-0.10488426890389202 0.33899632521464007 0 2.4e-4 0 0  8.773071843847125e-08  6.987591244064103e-07  0.0008759361914234717  1*-0.8100930349728017 1.606298599243046 5e9 5e-6  1.2462766280624296 0.01 0 1e-3 1 0 0 0 0 3 0 0 15 0.43 0.054 0.075 1 0.05 0 6e-3 1.1 3 0.054 0.054 0.075 0.43 0.054 0.075 5e-9 1 1 1 1 3e-9 0 2.3e9 0.5 0.8  0.8251506129387414 5e-11  3.229479323306168e-10 1e-12  13.625848985112958 0.6  1.7898894163002573e-10  3.4059897922918125e-08  0.6320842741814965  3.1206659810964594e-08 0 {-1}  1.3688975561110386  1*-0.14931210619627294 0.6040943204774073  23.85750162490291 1e-10  6.148372987487574e-10 0.1 0.1 0.1 0.1 1 1 10 10 1e-4 1e-4 1e-14 1e-14 1e-13 1e-14 0 0 0 0 0 0 20 20 20 0.02 0.02 0.02 0.02 0.02 0.02 10 10 10 10 10 10 0 0 0 5e-4 5e-4 0.5 0.5 0.33 0.33 1e-10 1e-10 5e-10 5e-10 0.33 0.33 0.8 0.8 0.8 0.8 0.8 0.8 25 {-1.5} {-0.11} 0 0.022 6.71e-3 {-3.35e-3} 4.1e-3 0 8.13e-3 0 1 1 3 3 0 0 0 0 0 0 0 0 1e-6 1e-6 0 0 0 0 0 1 1 1 1 0 0 0 0 0 0 0 1 0 1 0 0 0 0 0 1e-6 0.28e-6 0.22e-6  0.8437752622664191 0.1657314960359324 0.2302504168614232  0.2605051011463085 0.5801339681251597  0.21893077442656117  0.8439336703177824  0.5287579554092193 
     0     218  v_ds_18_2 d_18_2 0 0.05
     0     219  e_gs_18_2 g_18_2 0 v_sweep 0 1
     0     220  v_s_18_2 s_18_2 0 0
     0     221  v_bs_18_2 b_18_2 0 -0.5
     0     222  x_18_2 d_18_2 g_18_2 s_18_2 b_18_2 dut 1e-05 5e-06 1 1.0 0 0 0 1 1 1 1e-12 1e-6 1e-12 1e-6 1 1 1 0 0 2 0 0 0 0 0 0 1 0 1 2 1 0 0 0 0 1e-4 1 3.9 3e-9  2.5283648400390646e-09 3e-9 1e-7  2.513137011637006e+16  1.1651553986299767e+19 1e20 0 0.1 0  1*-8.831661153537918e-08 0 1  1*-9.396706795154786e-14 1  6.826105009382718e-20 1*-5.155602414649769e-08  9.61453132805084e-14 1 0 1  1*-2.598267962804297e-21 0 0 0 0 0 0  1.2288982194797635e-08 0 0 0 0 0 0 0 0 0 0 1  1.6502996151425715 {-1}  0.06616739376322876  0.011125391543644989  67.85946618308395  1*-19.60802463020844  1.0482874077450323e-08 1.74e-7 0 {-3} 5e-7 0  9.348216928087822  1.4517654371803352  1*-0.07421757726239225 9.147961189439465  31.03073845826344  1*-0.004780399724894344 0  255.1859415424868  1.563369125859135e-10  3.7970351166965e-21  3.0318084569789787e-09 0 0 1e-7 1.67  120288.02068995887 2.626125009348153  1.1072049080931825 0 0  1*-0.04719534597375924 0.05088217142409034  0.5946952970911885  729.7610475717817 0 100 0 100 0 0 0 1  1*-0.010636654646327653  1.7224654220201368e-09 0  0.9301732048423627 0.19564157983904398  1*-0.10488426890389202 0.33899632521464007 0 2.4e-4 0 0  8.773071843847125e-08  6.987591244064103e-07  0.0008759361914234717  1*-0.8100930349728017 1.606298599243046 5e9 5e-6  1.2462766280624296 0.01 0 1e-3 1 0 0 0 0 3 0 0 15 0.43 0.054 0.075 1 0.05 0 6e-3 1.1 3 0.054 0.054 0.075 0.43 0.054 0.075 5e-9 1 1 1 1 3e-9 0 2.3e9 0.5 0.8  0.8251506129387414 5e-11  3.229479323306168e-10 1e-12  13.625848985112958 0.6  1.7898894163002573e-10  3.4059897922918125e-08  0.6320842741814965  3.1206659810964594e-08 0 {-1}  1.3688975561110386  1*-0.14931210619627294 0.6040943204774073  23.85750162490291 1e-10  6.148372987487574e-10 0.1 0.1 0.1 0.1 1 1 10 10 1e-4 1e-4 1e-14 1e-14 1e-13 1e-14 0 0 0 0 0 0 20 20 20 0.02 0.02 0.02 0.02 0.02 0.02 10 10 10 10 10 10 0 0 0 5e-4 5e-4 0.5 0.5 0.33 0.33 1e-10 1e-10 5e-10 5e-10 0.33 0.33 0.8 0.8 0.8 0.8 0.8 0.8 25 {-1.5} {-0.11} 0 0.022 6.71e-3 {-3.35e-3} 4.1e-3 0 8.13e-3 0 1 1 3 3 0 0 0 0 0 0 0 0 1e-6 1e-6 0 0 0 0 0 1 1 1 1 0 0 0 0 0 0 0 1 0 1 0 0 0 0 0 1e-6 0.28e-6 0.22e-6  0.8437752622664191 0.1657314960359324 0.2302504168614232  0.2605051011463085 0.5801339681251597  0.21893077442656117  0.8439336703177824  0.5287579554092193 
     0     223  v_ds_18_3 d_18_3 0 0.05
     0     224  e_gs_18_3 g_18_3 0 v_sweep 0 1
     0     225  v_s_18_3 s_18_3 0 0
     0     226  v_bs_18_3 b_18_3 0 -0.25
     0     227  x_18_3 d_18_3 g_18_3 s_18_3 b_18_3 dut 1e-05 5e-06 1 1.0 0 0 0 1 1 1 1e-12 1e-6 1e-12 1e-6 1 1 1 0 0 2 0 0 0 0 0 0 1 0 1 2 1 0 0 0 0 1e-4 1 3.9 3e-9  2.5283648400390646e-09 3e-9 1e-7  2.513137011637006e+16  1.1651553986299767e+19 1e20 0 0.1 0  1*-8.831661153537918e-08 0 1  1*-9.396706795154786e-14 1  6.826105009382718e-20 1*-5.155602414649769e-08  9.61453132805084e-14 1 0 1  1*-2.598267962804297e-21 0 0 0 0 0 0  1.2288982194797635e-08 0 0 0 0 0 0 0 0 0 0 1  1.6502996151425715 {-1}  0.06616739376322876  0.011125391543644989  67.85946618308395  1*-19.60802463020844  1.0482874077450323e-08 1.74e-7 0 {-3} 5e-7 0  9.348216928087822  1.4517654371803352  1*-0.07421757726239225 9.147961189439465  31.03073845826344  1*-0.004780399724894344 0  255.1859415424868  1.563369125859135e-10  3.7970351166965e-21  3.0318084569789787e-09 0 0 1e-7 1.67  120288.02068995887 2.626125009348153  1.1072049080931825 0 0  1*-0.04719534597375924 0.05088217142409034  0.5946952970911885  729.7610475717817 0 100 0 100 0 0 0 1  1*-0.010636654646327653  1.7224654220201368e-09 0  0.9301732048423627 0.19564157983904398  1*-0.10488426890389202 0.33899632521464007 0 2.4e-4 0 0  8.773071843847125e-08  6.987591244064103e-07  0.0008759361914234717  1*-0.8100930349728017 1.606298599243046 5e9 5e-6  1.2462766280624296 0.01 0 1e-3 1 0 0 0 0 3 0 0 15 0.43 0.054 0.075 1 0.05 0 6e-3 1.1 3 0.054 0.054 0.075 0.43 0.054 0.075 5e-9 1 1 1 1 3e-9 0 2.3e9 0.5 0.8  0.8251506129387414 5e-11  3.229479323306168e-10 1e-12  13.625848985112958 0.6  1.7898894163002573e-10  3.4059897922918125e-08  0.6320842741814965  3.1206659810964594e-08 0 {-1}  1.3688975561110386  1*-0.14931210619627294 0.6040943204774073  23.85750162490291 1e-10  6.148372987487574e-10 0.1 0.1 0.1 0.1 1 1 10 10 1e-4 1e-4 1e-14 1e-14 1e-13 1e-14 0 0 0 0 0 0 20 20 20 0.02 0.02 0.02 0.02 0.02 0.02 10 10 10 10 10 10 0 0 0 5e-4 5e-4 0.5 0.5 0.33 0.33 1e-10 1e-10 5e-10 5e-10 0.33 0.33 0.8 0.8 0.8 0.8 0.8 0.8 25 {-1.5} {-0.11} 0 0.022 6.71e-3 {-3.35e-3} 4.1e-3 0 8.13e-3 0 1 1 3 3 0 0 0 0 0 0 0 0 1e-6 1e-6 0 0 0 0 0 1 1 1 1 0 0 0 0 0 0 0 1 0 1 0 0 0 0 0 1e-6 0.28e-6 0.22e-6  0.8437752622664191 0.1657314960359324 0.2302504168614232  0.2605051011463085 0.5801339681251597  0.21893077442656117  0.8439336703177824  0.5287579554092193 
     0     228  v_ds_18_4 d_18_4 0 0.05
     0     229  e_gs_18_4 g_18_4 0 v_sweep 0 1
     0     230  v_s_18_4 s_18_4 0 0
     0     231  v_bs_18_4 b_18_4 0 0.0
     0     232  x_18_4 d_18_4 g_18_4 s_18_4 b_18_4 dut 1e-05 5e-06 1 1.0 0 0 0 1 1 1 1e-12 1e-6 1e-12 1e-6 1 1 1 0 0 2 0 0 0 0 0 0 1 0 1 2 1 0 0 0 0 1e-4 1 3.9 3e-9  2.5283648400390646e-09 3e-9 1e-7  2.513137011637006e+16  1.1651553986299767e+19 1e20 0 0.1 0  1*-8.831661153537918e-08 0 1  1*-9.396706795154786e-14 1  6.826105009382718e-20 1*-5.155602414649769e-08  9.61453132805084e-14 1 0 1  1*-2.598267962804297e-21 0 0 0 0 0 0  1.2288982194797635e-08 0 0 0 0 0 0 0 0 0 0 1  1.6502996151425715 {-1}  0.06616739376322876  0.011125391543644989  67.85946618308395  1*-19.60802463020844  1.0482874077450323e-08 1.74e-7 0 {-3} 5e-7 0  9.348216928087822  1.4517654371803352  1*-0.07421757726239225 9.147961189439465  31.03073845826344  1*-0.004780399724894344 0  255.1859415424868  1.563369125859135e-10  3.7970351166965e-21  3.0318084569789787e-09 0 0 1e-7 1.67  120288.02068995887 2.626125009348153  1.1072049080931825 0 0  1*-0.04719534597375924 0.05088217142409034  0.5946952970911885  729.7610475717817 0 100 0 100 0 0 0 1  1*-0.010636654646327653  1.7224654220201368e-09 0  0.9301732048423627 0.19564157983904398  1*-0.10488426890389202 0.33899632521464007 0 2.4e-4 0 0  8.773071843847125e-08  6.987591244064103e-07  0.0008759361914234717  1*-0.8100930349728017 1.606298599243046 5e9 5e-6  1.2462766280624296 0.01 0 1e-3 1 0 0 0 0 3 0 0 15 0.43 0.054 0.075 1 0.05 0 6e-3 1.1 3 0.054 0.054 0.075 0.43 0.054 0.075 5e-9 1 1 1 1 3e-9 0 2.3e9 0.5 0.8  0.8251506129387414 5e-11  3.229479323306168e-10 1e-12  13.625848985112958 0.6  1.7898894163002573e-10  3.4059897922918125e-08  0.6320842741814965  3.1206659810964594e-08 0 {-1}  1.3688975561110386  1*-0.14931210619627294 0.6040943204774073  23.85750162490291 1e-10  6.148372987487574e-10 0.1 0.1 0.1 0.1 1 1 10 10 1e-4 1e-4 1e-14 1e-14 1e-13 1e-14 0 0 0 0 0 0 20 20 20 0.02 0.02 0.02 0.02 0.02 0.02 10 10 10 10 10 10 0 0 0 5e-4 5e-4 0.5 0.5 0.33 0.33 1e-10 1e-10 5e-10 5e-10 0.33 0.33 0.8 0.8 0.8 0.8 0.8 0.8 25 {-1.5} {-0.11} 0 0.022 6.71e-3 {-3.35e-3} 4.1e-3 0 8.13e-3 0 1 1 3 3 0 0 0 0 0 0 0 0 1e-6 1e-6 0 0 0 0 0 1 1 1 1 0 0 0 0 0 0 0 1 0 1 0 0 0 0 0 1e-6 0.28e-6 0.22e-6  0.8437752622664191 0.1657314960359324 0.2302504168614232  0.2605051011463085 0.5801339681251597  0.21893077442656117  0.8439336703177824  0.5287579554092193 
     0     233  v_ds_19_0 d_19_0 0 1.6
     0     234  e_gs_19_0 g_19_0 0 v_sweep 0 1
     0     235  v_s_19_0 s_19_0 0 0
     0     236  v_bs_19_0 b_19_0 0 -1.0
     0     237  x_19_0 d_19_0 g_19_0 s_19_0 b_19_0 dut 1e-05 5e-06 1 1.0 0 0 0 1 1 1 1e-12 1e-6 1e-12 1e-6 1 1 1 0 0 2 0 0 0 0 0 0 1 0 1 2 1 0 0 0 0 1e-4 1 3.9 3e-9  2.5283648400390646e-09 3e-9 1e-7  2.513137011637006e+16  1.1651553986299767e+19 1e20 0 0.1 0  1*-8.831661153537918e-08 0 1  1*-9.396706795154786e-14 1  6.826105009382718e-20 1*-5.155602414649769e-08  9.61453132805084e-14 1 0 1  1*-2.598267962804297e-21 0 0 0 0 0 0  1.2288982194797635e-08 0 0 0 0 0 0 0 0 0 0 1  1.6502996151425715 {-1}  0.06616739376322876  0.011125391543644989  67.85946618308395  1*-19.60802463020844  1.0482874077450323e-08 1.74e-7 0 {-3} 5e-7 0  9.348216928087822  1.4517654371803352  1*-0.07421757726239225 9.147961189439465  31.03073845826344  1*-0.004780399724894344 0  255.1859415424868  1.563369125859135e-10  3.7970351166965e-21  3.0318084569789787e-09 0 0 1e-7 1.67  120288.02068995887 2.626125009348153  1.1072049080931825 0 0  1*-0.04719534597375924 0.05088217142409034  0.5946952970911885  729.7610475717817 0 100 0 100 0 0 0 1  1*-0.010636654646327653  1.7224654220201368e-09 0  0.9301732048423627 0.19564157983904398  1*-0.10488426890389202 0.33899632521464007 0 2.4e-4 0 0  8.773071843847125e-08  6.987591244064103e-07  0.0008759361914234717  1*-0.8100930349728017 1.606298599243046 5e9 5e-6  1.2462766280624296 0.01 0 1e-3 1 0 0 0 0 3 0 0 15 0.43 0.054 0.075 1 0.05 0 6e-3 1.1 3 0.054 0.054 0.075 0.43 0.054 0.075 5e-9 1 1 1 1 3e-9 0 2.3e9 0.5 0.8  0.8251506129387414 5e-11  3.229479323306168e-10 1e-12  13.625848985112958 0.6  1.7898894163002573e-10  3.4059897922918125e-08  0.6320842741814965  3.1206659810964594e-08 0 {-1}  1.3688975561110386  1*-0.14931210619627294 0.6040943204774073  23.85750162490291 1e-10  6.148372987487574e-10 0.1 0.1 0.1 0.1 1 1 10 10 1e-4 1e-4 1e-14 1e-14 1e-13 1e-14 0 0 0 0 0 0 20 20 20 0.02 0.02 0.02 0.02 0.02 0.02 10 10 10 10 10 10 0 0 0 5e-4 5e-4 0.5 0.5 0.33 0.33 1e-10 1e-10 5e-10 5e-10 0.33 0.33 0.8 0.8 0.8 0.8 0.8 0.8 25 {-1.5} {-0.11} 0 0.022 6.71e-3 {-3.35e-3} 4.1e-3 0 8.13e-3 0 1 1 3 3 0 0 0 0 0 0 0 0 1e-6 1e-6 0 0 0 0 0 1 1 1 1 0 0 0 0 0 0 0 1 0 1 0 0 0 0 0 1e-6 0.28e-6 0.22e-6  0.8437752622664191 0.1657314960359324 0.2302504168614232  0.2605051011463085 0.5801339681251597  0.21893077442656117  0.8439336703177824  0.5287579554092193 
     0     238  v_ds_19_1 d_19_1 0 1.6
     0     239  e_gs_19_1 g_19_1 0 v_sweep 0 1
     0     240  v_s_19_1 s_19_1 0 0
     0     241  v_bs_19_1 b_19_1 0 -0.75
     0     242  x_19_1 d_19_1 g_19_1 s_19_1 b_19_1 dut 1e-05 5e-06 1 1.0 0 0 0 1 1 1 1e-12 1e-6 1e-12 1e-6 1 1 1 0 0 2 0 0 0 0 0 0 1 0 1 2 1 0 0 0 0 1e-4 1 3.9 3e-9  2.5283648400390646e-09 3e-9 1e-7  2.513137011637006e+16  1.1651553986299767e+19 1e20 0 0.1 0  1*-8.831661153537918e-08 0 1  1*-9.396706795154786e-14 1  6.826105009382718e-20 1*-5.155602414649769e-08  9.61453132805084e-14 1 0 1  1*-2.598267962804297e-21 0 0 0 0 0 0  1.2288982194797635e-08 0 0 0 0 0 0 0 0 0 0 1  1.6502996151425715 {-1}  0.06616739376322876  0.011125391543644989  67.85946618308395  1*-19.60802463020844  1.0482874077450323e-08 1.74e-7 0 {-3} 5e-7 0  9.348216928087822  1.4517654371803352  1*-0.07421757726239225 9.147961189439465  31.03073845826344  1*-0.004780399724894344 0  255.1859415424868  1.563369125859135e-10  3.7970351166965e-21  3.0318084569789787e-09 0 0 1e-7 1.67  120288.02068995887 2.626125009348153  1.1072049080931825 0 0  1*-0.04719534597375924 0.05088217142409034  0.5946952970911885  729.7610475717817 0 100 0 100 0 0 0 1  1*-0.010636654646327653  1.7224654220201368e-09 0  0.9301732048423627 0.19564157983904398  1*-0.10488426890389202 0.33899632521464007 0 2.4e-4 0 0  8.773071843847125e-08  6.987591244064103e-07  0.0008759361914234717  1*-0.8100930349728017 1.606298599243046 5e9 5e-6  1.2462766280624296 0.01 0 1e-3 1 0 0 0 0 3 0 0 15 0.43 0.054 0.075 1 0.05 0 6e-3 1.1 3 0.054 0.054 0.075 0.43 0.054 0.075 5e-9 1 1 1 1 3e-9 0 2.3e9 0.5 0.8  0.8251506129387414 5e-11  3.229479323306168e-10 1e-12  13.625848985112958 0.6  1.7898894163002573e-10  3.4059897922918125e-08  0.6320842741814965  3.1206659810964594e-08 0 {-1}  1.3688975561110386  1*-0.14931210619627294 0.6040943204774073  23.85750162490291 1e-10  6.148372987487574e-10 0.1 0.1 0.1 0.1 1 1 10 10 1e-4 1e-4 1e-14 1e-14 1e-13 1e-14 0 0 0 0 0 0 20 20 20 0.02 0.02 0.02 0.02 0.02 0.02 10 10 10 10 10 10 0 0 0 5e-4 5e-4 0.5 0.5 0.33 0.33 1e-10 1e-10 5e-10 5e-10 0.33 0.33 0.8 0.8 0.8 0.8 0.8 0.8 25 {-1.5} {-0.11} 0 0.022 6.71e-3 {-3.35e-3} 4.1e-3 0 8.13e-3 0 1 1 3 3 0 0 0 0 0 0 0 0 1e-6 1e-6 0 0 0 0 0 1 1 1 1 0 0 0 0 0 0 0 1 0 1 0 0 0 0 0 1e-6 0.28e-6 0.22e-6  0.8437752622664191 0.1657314960359324 0.2302504168614232  0.2605051011463085 0.5801339681251597  0.21893077442656117  0.8439336703177824  0.5287579554092193 
     0     243  v_ds_19_2 d_19_2 0 1.6
     0     244  e_gs_19_2 g_19_2 0 v_sweep 0 1
     0     245  v_s_19_2 s_19_2 0 0
     0     246  v_bs_19_2 b_19_2 0 -0.5
     0     247  x_19_2 d_19_2 g_19_2 s_19_2 b_19_2 dut 1e-05 5e-06 1 1.0 0 0 0 1 1 1 1e-12 1e-6 1e-12 1e-6 1 1 1 0 0 2 0 0 0 0 0 0 1 0 1 2 1 0 0 0 0 1e-4 1 3.9 3e-9  2.5283648400390646e-09 3e-9 1e-7  2.513137011637006e+16  1.1651553986299767e+19 1e20 0 0.1 0  1*-8.831661153537918e-08 0 1  1*-9.396706795154786e-14 1  6.826105009382718e-20 1*-5.155602414649769e-08  9.61453132805084e-14 1 0 1  1*-2.598267962804297e-21 0 0 0 0 0 0  1.2288982194797635e-08 0 0 0 0 0 0 0 0 0 0 1  1.6502996151425715 {-1}  0.06616739376322876  0.011125391543644989  67.85946618308395  1*-19.60802463020844  1.0482874077450323e-08 1.74e-7 0 {-3} 5e-7 0  9.348216928087822  1.4517654371803352  1*-0.07421757726239225 9.147961189439465  31.03073845826344  1*-0.004780399724894344 0  255.1859415424868  1.563369125859135e-10  3.7970351166965e-21  3.0318084569789787e-09 0 0 1e-7 1.67  120288.02068995887 2.626125009348153  1.1072049080931825 0 0  1*-0.04719534597375924 0.05088217142409034  0.5946952970911885  729.7610475717817 0 100 0 100 0 0 0 1  1*-0.010636654646327653  1.7224654220201368e-09 0  0.9301732048423627 0.19564157983904398  1*-0.10488426890389202 0.33899632521464007 0 2.4e-4 0 0  8.773071843847125e-08  6.987591244064103e-07  0.0008759361914234717  1*-0.8100930349728017 1.606298599243046 5e9 5e-6  1.2462766280624296 0.01 0 1e-3 1 0 0 0 0 3 0 0 15 0.43 0.054 0.075 1 0.05 0 6e-3 1.1 3 0.054 0.054 0.075 0.43 0.054 0.075 5e-9 1 1 1 1 3e-9 0 2.3e9 0.5 0.8  0.8251506129387414 5e-11  3.229479323306168e-10 1e-12  13.625848985112958 0.6  1.7898894163002573e-10  3.4059897922918125e-08  0.6320842741814965  3.1206659810964594e-08 0 {-1}  1.3688975561110386  1*-0.14931210619627294 0.6040943204774073  23.85750162490291 1e-10  6.148372987487574e-10 0.1 0.1 0.1 0.1 1 1 10 10 1e-4 1e-4 1e-14 1e-14 1e-13 1e-14 0 0 0 0 0 0 20 20 20 0.02 0.02 0.02 0.02 0.02 0.02 10 10 10 10 10 10 0 0 0 5e-4 5e-4 0.5 0.5 0.33 0.33 1e-10 1e-10 5e-10 5e-10 0.33 0.33 0.8 0.8 0.8 0.8 0.8 0.8 25 {-1.5} {-0.11} 0 0.022 6.71e-3 {-3.35e-3} 4.1e-3 0 8.13e-3 0 1 1 3 3 0 0 0 0 0 0 0 0 1e-6 1e-6 0 0 0 0 0 1 1 1 1 0 0 0 0 0 0 0 1 0 1 0 0 0 0 0 1e-6 0.28e-6 0.22e-6  0.8437752622664191 0.1657314960359324 0.2302504168614232  0.2605051011463085 0.5801339681251597  0.21893077442656117  0.8439336703177824  0.5287579554092193 
     0     248  v_ds_19_3 d_19_3 0 1.6
     0     249  e_gs_19_3 g_19_3 0 v_sweep 0 1
     0     250  v_s_19_3 s_19_3 0 0
     0     251  v_bs_19_3 b_19_3 0 -0.25
     0     252  x_19_3 d_19_3 g_19_3 s_19_3 b_19_3 dut 1e-05 5e-06 1 1.0 0 0 0 1 1 1 1e-12 1e-6 1e-12 1e-6 1 1 1 0 0 2 0 0 0 0 0 0 1 0 1 2 1 0 0 0 0 1e-4 1 3.9 3e-9  2.5283648400390646e-09 3e-9 1e-7  2.513137011637006e+16  1.1651553986299767e+19 1e20 0 0.1 0  1*-8.831661153537918e-08 0 1  1*-9.396706795154786e-14 1  6.826105009382718e-20 1*-5.155602414649769e-08  9.61453132805084e-14 1 0 1  1*-2.598267962804297e-21 0 0 0 0 0 0  1.2288982194797635e-08 0 0 0 0 0 0 0 0 0 0 1  1.6502996151425715 {-1}  0.06616739376322876  0.011125391543644989  67.85946618308395  1*-19.60802463020844  1.0482874077450323e-08 1.74e-7 0 {-3} 5e-7 0  9.348216928087822  1.4517654371803352  1*-0.07421757726239225 9.147961189439465  31.03073845826344  1*-0.004780399724894344 0  255.1859415424868  1.563369125859135e-10  3.7970351166965e-21  3.0318084569789787e-09 0 0 1e-7 1.67  120288.02068995887 2.626125009348153  1.1072049080931825 0 0  1*-0.04719534597375924 0.05088217142409034  0.5946952970911885  729.7610475717817 0 100 0 100 0 0 0 1  1*-0.010636654646327653  1.7224654220201368e-09 0  0.9301732048423627 0.19564157983904398  1*-0.10488426890389202 0.33899632521464007 0 2.4e-4 0 0  8.773071843847125e-08  6.987591244064103e-07  0.0008759361914234717  1*-0.8100930349728017 1.606298599243046 5e9 5e-6  1.2462766280624296 0.01 0 1e-3 1 0 0 0 0 3 0 0 15 0.43 0.054 0.075 1 0.05 0 6e-3 1.1 3 0.054 0.054 0.075 0.43 0.054 0.075 5e-9 1 1 1 1 3e-9 0 2.3e9 0.5 0.8  0.8251506129387414 5e-11  3.229479323306168e-10 1e-12  13.625848985112958 0.6  1.7898894163002573e-10  3.4059897922918125e-08  0.6320842741814965  3.1206659810964594e-08 0 {-1}  1.3688975561110386  1*-0.14931210619627294 0.6040943204774073  23.85750162490291 1e-10  6.148372987487574e-10 0.1 0.1 0.1 0.1 1 1 10 10 1e-4 1e-4 1e-14 1e-14 1e-13 1e-14 0 0 0 0 0 0 20 20 20 0.02 0.02 0.02 0.02 0.02 0.02 10 10 10 10 10 10 0 0 0 5e-4 5e-4 0.5 0.5 0.33 0.33 1e-10 1e-10 5e-10 5e-10 0.33 0.33 0.8 0.8 0.8 0.8 0.8 0.8 25 {-1.5} {-0.11} 0 0.022 6.71e-3 {-3.35e-3} 4.1e-3 0 8.13e-3 0 1 1 3 3 0 0 0 0 0 0 0 0 1e-6 1e-6 0 0 0 0 0 1 1 1 1 0 0 0 0 0 0 0 1 0 1 0 0 0 0 0 1e-6 0.28e-6 0.22e-6  0.8437752622664191 0.1657314960359324 0.2302504168614232  0.2605051011463085 0.5801339681251597  0.21893077442656117  0.8439336703177824  0.5287579554092193 
     0     253  v_ds_19_4 d_19_4 0 1.6
     0     254  e_gs_19_4 g_19_4 0 v_sweep 0 1
     0     255  v_s_19_4 s_19_4 0 0
     0     256  v_bs_19_4 b_19_4 0 0.0
     0     257  x_19_4 d_19_4 g_19_4 s_19_4 b_19_4 dut 1e-05 5e-06 1 1.0 0 0 0 1 1 1 1e-12 1e-6 1e-12 1e-6 1 1 1 0 0 2 0 0 0 0 0 0 1 0 1 2 1 0 0 0 0 1e-4 1 3.9 3e-9  2.5283648400390646e-09 3e-9 1e-7  2.513137011637006e+16  1.1651553986299767e+19 1e20 0 0.1 0  1*-8.831661153537918e-08 0 1  1*-9.396706795154786e-14 1  6.826105009382718e-20 1*-5.155602414649769e-08  9.61453132805084e-14 1 0 1  1*-2.598267962804297e-21 0 0 0 0 0 0  1.2288982194797635e-08 0 0 0 0 0 0 0 0 0 0 1  1.6502996151425715 {-1}  0.06616739376322876  0.011125391543644989  67.85946618308395  1*-19.60802463020844  1.0482874077450323e-08 1.74e-7 0 {-3} 5e-7 0  9.348216928087822  1.4517654371803352  1*-0.07421757726239225 9.147961189439465  31.03073845826344  1*-0.004780399724894344 0  255.1859415424868  1.563369125859135e-10  3.7970351166965e-21  3.0318084569789787e-09 0 0 1e-7 1.67  120288.02068995887 2.626125009348153  1.1072049080931825 0 0  1*-0.04719534597375924 0.05088217142409034  0.5946952970911885  729.7610475717817 0 100 0 100 0 0 0 1  1*-0.010636654646327653  1.7224654220201368e-09 0  0.9301732048423627 0.19564157983904398  1*-0.10488426890389202 0.33899632521464007 0 2.4e-4 0 0  8.773071843847125e-08  6.987591244064103e-07  0.0008759361914234717  1*-0.8100930349728017 1.606298599243046 5e9 5e-6  1.2462766280624296 0.01 0 1e-3 1 0 0 0 0 3 0 0 15 0.43 0.054 0.075 1 0.05 0 6e-3 1.1 3 0.054 0.054 0.075 0.43 0.054 0.075 5e-9 1 1 1 1 3e-9 0 2.3e9 0.5 0.8  0.8251506129387414 5e-11  3.229479323306168e-10 1e-12  13.625848985112958 0.6  1.7898894163002573e-10  3.4059897922918125e-08  0.6320842741814965  3.1206659810964594e-08 0 {-1}  1.3688975561110386  1*-0.14931210619627294 0.6040943204774073  23.85750162490291 1e-10  6.148372987487574e-10 0.1 0.1 0.1 0.1 1 1 10 10 1e-4 1e-4 1e-14 1e-14 1e-13 1e-14 0 0 0 0 0 0 20 20 20 0.02 0.02 0.02 0.02 0.02 0.02 10 10 10 10 10 10 0 0 0 5e-4 5e-4 0.5 0.5 0.33 0.33 1e-10 1e-10 5e-10 5e-10 0.33 0.33 0.8 0.8 0.8 0.8 0.8 0.8 25 {-1.5} {-0.11} 0 0.022 6.71e-3 {-3.35e-3} 4.1e-3 0 8.13e-3 0 1 1 3 3 0 0 0 0 0 0 0 0 1e-6 1e-6 0 0 0 0 0 1 1 1 1 0 0 0 0 0 0 0 1 0 1 0 0 0 0 0 1e-6 0.28e-6 0.22e-6  0.8437752622664191 0.1657314960359324 0.2302504168614232  0.2605051011463085 0.5801339681251597  0.21893077442656117  0.8439336703177824  0.5287579554092193 
     0     258  v_sweep v_sweep 0 0
     0     259  ********** end of control section **********
     0     260  .end
