name,member_1,member_2,member_3,member_4,member_5,member_6,member_7,member_8,member_9,member_10,member_11,member_12,member_13,member_14,member_15,member_16,member_17,member_18,member_19,member_20,member_21,member_22,member_23,member_24,member_25,member_26,member_27,member_28,member_29,member_30,member_31,member_32,member_33,member_34,member_35,member_36,member_37,member_38,member_39,member_40,member_41,member_42,member_43,member_44,member_45,member_46,member_47,member_48,member_49,member_50,member_51,member_52,member_53,member_54,member_55,member_56,member_57,member_58,member_59,member_60,member_61,member_62,member_63,member_64,member_65,member_66,member_67,member_68,member_69,member_70,member_71,member_72,member_73,member_74,member_75,member_76,member_77,member_78,member_79,member_80,member_81,member_82,member_83,member_84,member_85,member_86,member_87,member_88,member_89,member_90,member_91,member_92,member_93,member_94,member_95,member_96,member_97,member_98,member_99,member_100
a0,0.4094395491336352,0.5132042489449483,2.2387393023598805,1.7925113230711631,1.4907457124544463,0.368474513646325,0.9244953247427188,1.763236581688167,0.5354236442036283,2.9275548127389976,2.524366559184604,1.1102056122621837,0.16075848123719258,2.4736260930961316,1.5437008621694803,1.8684767602998162,1.0355440786503471,0.3420327712684282,1.4701677096985593,1.8045979163984835,1.0433133023097083,1.7249575220000586,1.740325131199439,2.3848796785840327,1.5591889286504037,2.8781080293893284,1.3499644189097255,0.1347399630215155,0.9949160323976212,0.2267419128426201,0.6536328067369829,1.071285716751902,1.1468876290525858,2.3023991471345893,2.3462522619472046,0.43415387514411985,2.1456888905170337,1.6767815029758295,2.772953687581543,2.1624381585873063,0.918570800087015,2.724933113368456,0.6001249149592474,0.44475130602753166,2.341489542703878,0.8845599446573207,1.5210283373664613,2.632857147455428,0.4236328344740682,0.35415444631264115,1.0782975749927373,1.4207954539318965,2.3474720669022835,0.9233924537082113,2.148272232982616,0.977277782606182,0.3926125584887832,1.8399266593356667,1.051024850209643,0.3505047763555199,0.21868380743020172,2.696905830858837,2.8514789260052695,2.5657048954264514,1.1629691048589057,2.336343794739632,2.445702336969992,1.0313159388488933,1.2442100366743818,1.9643996893504518,2.691828213622499,0.18775155572928431,1.015072491235462,2.0689722995936024,2.0508576902156426,2.7117630149523766,2.505925771444757,2.2302404622760372,0.23075702178617025,1.76933709313916,0.13549718434714414,2.858434631864175,2.785414973721416,2.5751029376824968,0.4077275297101405,1.9662967335646508,1.5530501028205608,0.4420562555055493,0.652837454304365,1.837809083721952,1.3432867280271545,2.733281362614309,1.521221444461266,0.9701169399861128,2.0693463688245903,0.74202654668723,0.422555749064355,1.329141616319745,2.614915456629788,1.6163060083626384
a1,0.0027100334232830095,0.058297218956352065,0.04007007564645291,0.0923315233770934,0.0467773931427235,0.019554572653240926,0.04579539919382758,0.09426732848666648,0.037669844458613246,0.06568367233743001,0.09292816839576225,0.06761593766332552,0.06001860813660355,0.09311327303043138,0.053206989401856655,0.022307967569307155,0.026560683898385253,0.0015949956791611155,0.04392339722217477,0.04472251852755325,0.03811140804990542,0.0011735634890431724,0.056084222012954724,0.06284137023796874,0.07579132843328418,0.02120568471884593,0.0883947929091089,0.014661565997953516,0.08952324013097368,0.025260702884785293,0.027254303673216376,0.029190140035767732,0.04886650828755095,0.04419193178680221,0.03619902366139812,0.027126884163082565,0.03954018113112006,0.025642343487644492,0.02246897673850075,0.06974185282110267,0.06323045552585975,0.010338876870689233,0.021062397434531168,0.08186026292985242,0.007257349240315203,0.03389805631430017,0.003498384375637388,0.052328870555518305,0.09163611251960103,0.08509298293342848,0.042822705619306206,0.07986384984331092,0.0644828603060538,0.03772784396099779,0.020216269492871905,0.040148318701497133,0.061254799112608255,0.08700342692316565,0.0761164352670145,0.04755841908208938,0.03964229237756076,0.048122262765889295,0.015466967236696133,0.0856062358008405,0.0051055180984177495,0.063797208641779,0.017041970723877756,0.07882297349591263,0.038721878262581624,0.09592456025240316,0.06942734152360827,0.0699639275923185,0.016091182586589592,0.04618655570770979,0.012419281338077272,0.05896408256201269,0.051289587999478775,0.08554381101805726,0.051703774566426455,0.007912793249049158,0.05949918887199521,0.06338086759442442,0.008544973708199876,0.04611518956381952,0.08616884174419158,0.021841054144247644,0.011322001860737497,0.016693898896207204,0.0876777185473465,0.04827863388294262,0.0691676886675445,0.0034978269333244775,0.0006582662326163669,0.0799379015919522,0.0945817196082202,0.03450893996597803,0.09888301837991655,0.05236999222938637,0.028712850253669597,0.05376519801034955
a2,0.05141858364455966,0.5808130455465138,0.444149535739944,0.4614706059135787,0.7086149630284546,0.5887643124717941,0.9161608441860118,0.27940309666617935,0.47742451197479935,0.8088446542616904,0.7290114084680339,0.11208967724555086,0.4062158374158457,0.8569504439623055,0.3098505146736277,0.8125142869501618,0.9066808865280283,0.05411735776777138,0.18139227025627108,0.8454271817862062,0.38146192241844257,0.9319343029271477,0.7324157884180672,0.13956484020905469,0.6492330099508836,0.7412608398658568,0.756487085727763,0.16220128265574968,0.5879393076571111,0.515562977513401,0.6573894102213157,0.4331588343972307,0.44377624105698554,0.1269060698984693,0.08352123094759012,0.023898397741754618,0.6177468205507011,0.22098506522505312,0.3052530289857616,0.1353499459612617,0.6919455798349561,0.8450736404433566,0.5983497633669113,0.2781359358258973,0.8808778767241514,0.3162116536605592,0.21261406412537087,0.6375109143007773,0.3895091248923744,0.8238151791935032,0.29975888802797557,0.9739304699593208,0.8513306749572569,0.2963499699574431,0.42569844887083685,0.539544029558905,0.31740402908727205,0.42647631921019175,0.32327672257754575,0.8618042211411734,0.47774453155248026,0.832607718679485,0.5627341260926073,0.8275752922745354,0.5075132432257821,0.6017405989147062,0.6003976873649846,0.5437033131673514,0.8035535366235206,0.6823520936541964,0.846542186218181,0.23624106952879786,0.5189030044481747,0.7052411342531997,0.691690514626043,0.6793284178147634,0.7319436095479667,0.8801892453496456,0.1834543826472499,0.7558198246874839,0.0950035983064339,0.20679113686319106,0.6817681382969512,0.5782823613748646,0.3988761044988336,0.9441691415395219,0.9859200044530745,0.418641547222406,0.7045182739155191,0.4923569192767547,0.4825123023980884,0.8387402940597248,0.16495850986459523,0.40656746803949495,0.7176711900211905,0.6423244724059026,0.8336197028388765,0.33352532672816926,0.17348891674756436,0.3437585920053869
acde,0.2222634339290543,1.2459834034865567,1.4987607202472986,0.2427586698624225,1.377888667058485,0.4330001119118031,0.6935458169779798,0.5124244504511043,0.4400683229968686,1.0435065222802993,0.49398623620928306,0.30158503770055434,0.7008011292430806,1.3339109912213025,1.5119453253037227,0.5227254689823785,1.2677470706155012,0.771950779879354,1.4721514420629929,0.4097510419245497,0.9625363135706472,1.4910917566840154,0.9108122397741538,0.14421294981905175,0.8609680135167957,1.1880961913719563,0.5991749859459462,1.1345839792261567,0.29065182331534656,0.29357829352212017,1.1798473409216492,0.830243872350511,1.4251915536364972,0.44671827380213036,0.18658958574678847,0.21532954498179638,0.6338524455736707,1.524736342517211,0.2690753445647883,0.24210290779917426,1.0653726817330689,0.39102360816885795,0.7726122239401088,0.20696883618403392,1.4038720987411488,1.0573070756279215,1.1792486426652422,0.23280021840302412,0.1896969388537823,0.22083880319948243,1.1306783370787836,1.4778483248457646,0.6602589706747898,0.9085341161803978,0.8444003112763261,0.4401915797475471,1.5783842697987576,1.528945201721534,1.5816349364115976,0.9431505381884534,1.4782271555388498,1.5633691531846785,1.3385097241121244,1.4048184015759817,1.3563625822434302,0.6807708921603638,1.1799189872339968,0.5679302762399995,0.8035826792065707,0.3787196172380085,1.561689407276506,1.225334129733478,0.517092895749218,0.7588008067771415,0.11050819924837926,1.126344701978128,0.3272550970968048,1.1221150634442525,1.5860733623428667,1.333624247191013,0.5064208547284018,1.2073605443268356,0.7503812716217878,1.1445908858367815,1.2690918773789015,0.7085885998186005,1.4802329568790547,0.8192577537250618,0.4592892811684044,0.46174394299998,0.45043122855517104,1.501081471537262,0.9780396311178866,0.328964478813211,0.22858302981795706,0.83068039188674,0.9970896286744365,0.6845520210202732,0.8973555851047161,0.39598994584367686
ags,0.6861534508069089,1.208730798756196,1.3722685799232828,1.450534832650022,1.2762965456231714,0.9831898110931038,0.44362995271682926,0.7193639733055521,0.34242827832939554,1.3024002371620484,1.441796238580982,1.3887022571357484,1.1999180356793007,0.6975563499313653,0.6955576245941542,0.3127450423967944,1.3323655269180517,0.31535506338911806,0.9122195450651525,0.452860628797329,1.2341178008550133,0.3360177381101435,1.1659328994053928,0.47878864187969494,0.6168973613853794,1.2787294491079784,0.9719823436589159,0.625132648038564,1.362196828564569,1.3271070654422832,1.1968085094370746,0.22208607553360393,0.5300181263941981,0.6417917540925446,0.5348318873369295,0.03948265615955515,0.4472731118213784,1.1309109662645958,0.6538894094720094,1.1109974249822023,0.5128318429131012,1.3851147551796377,1.4669055561190345,0.4667092349307465,0.9437039778365758,0.8972875385785873,1.4980039225673902,0.961923531461084,0.6066245051669319,1.2224935504702699,0.792426502716691,0.4219280467224525,1.311624867541338,0.14043157004692236,0.848554855479027,1.090034499412586,0.7455092625662878,0.7017420390169896,0.6064052301813904,0.12519272833712702,0.19460319400552412,1.3121732182981856,0.16239702084281799,0.2719001645402486,1.3377932705021023,0.22924358999386119,0.4043524908637207,0.6564310338883104,1.2214757368066955,0.6275765820234899,1.1385505221534593,1.4784659555479318,0.93408883406504,1.4071490898357277,1.4933940611660546,1.4111861189358552,0.6665436729478524,0.9195050190316238,1.107559451929712,0.7495023436144377,0.944019558753707,1.39651319914082,1.2494638034282328,0.6229792009423849,0.6582241998513865,1.2593320999606668,0.26302386765651087,1.4166601291688221,0.5623317626739659,0.7033794849755621,0.43861995638076373,0.5128391508807661,0.8522008099580057,0.7067184196799754,0.6971003305536907,0.2574171767868172,1.4182290763162708,0.49490996042683544,1.1366701673794566,0.2972956469423126
bin_lketa,0.8546449797553104,0.05594684807367312,0.710810896419788,0.8181398558154142,0.8076647008303245,0.06683253178255491,0.18941346023983557,0.1256182210933272,0.12789276800799332,0.052500305550577164,0.7094813445250746,0.9045481504862484,0.6151828051117313,0.7727037450540853,0.29586426074072136,0.3438262135725427,0.85890775617401,0.9944354273138625,0.8357056327382965,0.33861020685133053,0.97474187365044,0.3991185289355058,0.6322766950503018,0.14012255699874976,0.5931745382149423,0.23910084673489962,0.6437519058953992,0.775900831975902,0.38942218786655647,0.580951473644352,0.023261220492339252,0.4696433751916729,0.2512897547184061,0.3826861455550103,0.6274168759791032,0.26270089868070046,0.11192220285297011,0.3275718376714155,0.5872212400699504,0.21427766436342977,0.13815057598873004,0.6804791813806695,0.8852769066819132,0.04032223987500316,0.7157680014569826,0.5940393665688782,0.36380699854074083,0.12883543171691558,0.5968702060944292,0.5951560590046472,0.024494706897218554,0.7302560200644768,0.1328423755404008,0.5131155988357592,0.1541581805034234,0.35761518962500993,0.18512589323808593,0.9631914448745017,0.7781873913792757,0.8131878395624571,0.005930147715801137,0.39420236968818606,0.05333823971650198,0.8356406410673439,0.6688574683130107,0.854395680652476,0.2526303535112937,0.6168070458374149,0.13811569559483705,0.18440351554856355,0.7355826959689272,0.9252185774160259,0.2442787271718151,0.7394665916618668,0.9362372492037697,0.32075217455144756,0.5174608767251301,0.9063585665027354,0.43206408856110357,0.7315986340392692,0.9307923235563983,0.3509841377703351,0.6979250972414636,0.9300206733780937,0.6559534144693355,0.7937957791368797,0.35510484075774673,0.7921982713996423,0.31276981438108004,0.10090668739002889,0.6994848395409953,0.9408952018189471,0.9797866318895485,0.2846697666170067,0.910076031786554,0.9082768954063973,0.857651167684853,0.4319898850545535,0.06935130051558336,0.16425043579257864
bin_pketa,0.4320981812894069,0.8074529538718267,0.4861207979817524,0.7699930790804268,0.13571538377847048,0.7288974140961357,0.9537422815018014,0.6480804942182348,0.8119977669112247,0.04569625049047865,0.9719495572314513,0.9174439338565944,0.8508938783266388,0.9680028816075794,0.8376627719106333,0.034526369778025034,0.6127424283633298,0.14684904310184832,0.646671942956916,0.6014575306538483,0.41459231215350656,0.7089257967244716,0.007595922679883349,0.5973075695368886,0.8640885180891972,0.8739138463920739,0.20087023898489953,0.0622272676774962,0.9356939787554324,0.22233143339035888,0.987135994558369,0.3971173154822557,0.9286366801954745,0.5685135077487786,0.48503841122908037,0.15431334688161916,0.5442971543737204,0.7885629852373194,0.21009655028861626,0.2439359731776204,0.645944507391191,0.21792472165857968,0.19185622611192693,0.27205703320537233,0.751313422770723,0.9860419857238684,0.36960111557630126,0.7626612455900589,0.5192288833338471,0.39223929562379767,0.6060637615408518,0.7525700471694694,0.8114149103186876,0.2621399758826489,0.8716164058605121,0.621111719951915,0.6405226027680437,0.11763580731104606,0.3117597414760567,0.5026072679849026,0.33744009113193657,0.5737361266549218,0.6601006001516624,0.42807644833341124,0.41011696990312574,0.10427652951856597,0.47169349634323776,0.6764206311165828,0.12800615111360247,0.7134992632774038,0.18786770307762424,0.5064842465813792,0.902013135555088,0.2852211046051769,0.7407285619121738,0.605662788883695,0.7312661584261025,0.28399260457756365,0.8116220493742489,0.545289991935126,0.490937556002704,0.11620997474344069,0.6823879385738609,0.3876145819194192,0.19187153991796946,0.887206978416634,0.5686909496895358,0.41592485755997355,0.5749668546272024,0.46553811043011784,0.9005037534803917,0.1392953064731819,0.4547670478543473,0.47519297764136204,0.5164965844167944,0.3487106099042728,0.7034496668223307,0.5513457268552471,0.4501932653242613,0.9348340468581403
bin_ppclm,0.6276218115434494,0.29198798567634254,0.8307921167430701,0.22237203425925556,0.6142175754573396,0.43197357405184345,0.7659285215422392,0.5319418385202979,0.0038487645590261077,0.07602528047043366,0.8516068590057979,0.5166393919193212,0.40779843762576146,0.19668935047516772,0.3755636562365464,0.9768059540212782,0.32492668847256945,0.895613558594037,0.2519243396930477,0.07448649440505417,0.31917670776327034,0.20791333553176983,0.4372050771394861,0.6432729364560112,0.4588300334632329,0.31397181772217997,0.2905522977735161,0.6836104715754175,0.8313525986567913,0.15991871694955095,0.29276087664651496,0.28636420204036284,0.49461933469439257,0.6824474516739412,0.6317963462158864,0.05041254348305563,0.009068032448051822,0.5689335255951193,0.30835521646153374,0.076588652159721,0.25664959405640614,0.25917155902614086,0.5716509663759158,0.11084276046157286,0.5433503974458058,0.36572339477498655,0.1603311770755189,0.24284844509723158,0.5785391172900609,0.5128462702688517,0.39909464544135087,0.979608666329308,0.23487708782437466,0.5198842727138495,0.33199681660732744,0.13327145149457198,0.6502872551628911,0.6208869745713151,0.2007017232492172,0.3347513161664805,0.9072859251551739,0.7324593898906309,0.5131288439970032,0.5278607028393213,0.3801829937369101,0.22557355960645953,0.5655366783161241,0.19789324452442703,0.6758775508210584,0.45350344321620717,0.8895427508673202,0.6493637103970668,0.3021853718163589,0.4008920417058037,0.09756129187075152,0.4001316446636847,0.47949412935184155,0.061896738311562394,0.9664111578638289,0.8304319641973925,0.8294869351959921,0.9788851917451695,0.6276432603706217,0.12969308105145239,0.17762350886367068,0.48432604840329413,0.6504195950012407,0.07750061897138191,0.4329373761542109,0.29059660575962,0.034741514845888166,0.08707534861070299,0.9569679317075259,0.6286764853754008,0.5191393746009537,0.010332117591901085,0.22536799884392078,0.4681372063555611,0.4026940863076026,0.4291189060480499
bin_prdsw,0.15100816614553814,0.5751556760672123,0.9489658531884484,0.7390157125867494,0.43663932130825067,0.8812881693911457,0.5932983050600527,0.7468096333612537,0.8696434676421333,0.5981346044900839,0.476478678094363,0.3186030584375268,0.8991740237249736,0.40370312292238375,0.5047860485817485,0.8515018093169179,0.5562792058973172,0.9354698200292482,0.5707989689014247,0.6744353358732166,0.855689928746407,0.7520098069636734,0.44819032683871973,0.4894621412868473,0.7603548990951413,0.2546301739565257,0.3236295494424173,0.3820709625180856,0.6773642837742982,0.9250047900503755,0.824553272500157,0.9270653442118378,0.6319201107779109,0.21498007933562738,0.9544113033053955,0.35056388949802797,0.26861669599392823,0.8977362246755345,0.902531239664336,0.8729975084494713,0.6703901410611572,0.8691947922253647,0.9164839664592269,0.4735910269153814,0.7624184939461311,0.9258130242871923,0.26971762175679415,0.5484139393873025,0.82411635685512,0.45427241457187284,0.37257079746670346,0.5165891259124894,0.1473869425287746,0.2151458551144212,0.36895444670699773,0.49665896258236975,0.814243777491833,0.44175994242690514,0.7056939161363021,0.6422515397071938,0.7426440935474747,0.6295173901269652,0.5630875537336457,0.7378988978702841,0.6473887004191311,0.9006044662236408,0.3786573809857238,0.867159269395657,0.848130827669572,0.7337208902408331,0.8322908857802813,0.9386212546977268,0.7986448903210278,0.38071407585241657,0.2297988809120386,0.9013208964597889,0.04624017482325904,0.38946826150503844,0.2814723230411138,0.7581023184759202,0.9811606498606502,0.606208473289632,0.927167982696858,0.6248764100032604,0.8333358581856564,0.6152600608385729,0.32946290317180205,0.4064703328992577,0.9433223663911889,0.4001164894432401,0.8967610642991954,0.9307615581886797,0.39035407864967037,0.7905263124379063,0.6236472606031079,0.5936491984721768,0.9811149236693206,0.34890296412014,0.8609096929926164,0.6960714771376477
bin_pvsat,0.11764526914936636,0.9145544358009497,0.6884093321899318,0.8432023811238127,0.5555102902757705,0.7928309617407601,0.2304517802297572,0.5241040890387667,0.29006376270716805,0.7837902654214882,0.5389878870198561,0.9758961679143499,0.3780563346203204,0.5902376167407666,0.46202399248970527,0.2463666399855402,0.2013285670307713,0.2970060237058766,0.1524314460056877,0.5848382629504955,0.5128711823719597,0.6631982841052362,0.8582491191015037,0.6529223024166237,0.4653169387524657,0.9209417852869102,0.7105723737182867,0.20092769540218192,0.38666149673530037,0.49722200384297666,0.5310659669135692,0.35840569993033955,0.28319887365716534,0.8579629709854589,0.3578029023879158,0.21998796641390214,0.6110028426620948,0.755647833942044,0.7640946223414109,0.36395128631295404,0.5177908065308131,0.15298781317297538,0.9963077261067101,0.7743514154254164,0.8433605199901366,0.597243583436231,0.43107628787676044,0.637534460245115,0.45229726304003004,0.22363025035626383,0.537372924734523,0.30896767403764,0.5143617872073909,0.04973907464207683,0.20438901674948537,0.40967299580581756,0.7968909758225597,0.1090234036161084,0.18445869258237443,0.7244357866072303,0.19381089952624797,0.06549983912078472,0.7629605684378427,0.48856647607197046,0.4634647868281502,0.4210671544051514,0.4495819086867239,0.6668387585491735,0.3101639115419279,0.16225312900240996,0.3911403864205775,0.049991821726419916,0.8947563926316681,0.5866306223692838,0.38651873586135255,0.7955891305081537,0.2578039571752858,0.9795809374785853,0.2835805686502726,0.15755843204423736,0.001733550794295824,0.11345910515748192,0.3262229948075108,0.6402151637372507,0.4645762603837385,0.9662234182027191,0.7253748653088545,0.31410093876043743,0.05878430276554614,0.26819264834019646,0.7830635481497871,0.35230153756088967,0.9111028253138016,0.505801120347247,0.5348673594478088,0.5478294943775941,0.7969926855062084,0.7621620079356074,0.46121623816604673,0.185915453927606
bin_wk3,0.836554186870358,0.7358874888570709,0.9324498325153096,0.8401975182585096,0.525776520934978,0.39691375698606624,0.1529105372534899,0.12467250326706947,0.5046169880668836,0.9711995294288556,0.2477927934970666,0.5004189006589961,0.33978324197228205,0.2744053804401958,0.3276748689192002,0.6251729122965447,0.6685409375425239,0.7725523270672884,0.4382157433617777,0.15761523895916837,0.08817307227215998,0.8545761487770787,0.8717658770317325,0.9622879651138727,0.15082289492078393,0.14561140060110378,0.09508176005796554,0.9779938207312524,0.7612962105199083,0.6702983467399752,0.8870933717343676,0.9350434462062736,0.31674240450949265,0.4592628060236148,0.03003484271307688,0.9151376311381899,0.5601854041410075,0.9037512149966532,0.7872996808536868,0.7077132298296218,0.33765227349652616,0.6284606618893052,0.6723860554468768,0.8733986986151347,0.6360314135150772,0.9658742880458623,0.9513587808315789,0.6111242202402287,0.47429572834338585,0.35111295679707105,0.43040893551810533,0.9776961445293444,0.9970437346070484,0.9432402373572253,0.9785160579475062,0.26711224781241616,0.5938815368416193,0.34847815221310374,0.8799704619155162,0.46491918779693386,0.28119058124713686,0.7335937136136713,0.265636760017649,0.2618331470666473,0.5128163948088734,0.8641138363015866,0.8746613431894323,0.09275827605278941,0.28959484315974304,0.7668317266879903,0.12947386532534122,0.8421388560553478,0.7200971403680305,0.5442671803252767,0.31861055698023794,0.151897328463166,0.667492661624062,0.906513452073927,0.07717472780777691,0.764415674218809,0.49803986171559345,0.04031288361610124,0.972072372756375,0.30680409608587156,0.7687599538349542,0.915103569510201,0.9337298811004396,0.8383656028634964,0.35667855589403363,0.4200282132712328,0.5399421982342426,0.04279280472331379,0.9689780562930495,0.9809351663328294,0.629016633343934,0.6292436102232314,0.7984501043495015,0.9842020713596206,0.11513685451783323,0.7056295182794607
bin_wk3b,0.15436840532639307,0.09536660281038073,0.17260807002059142,0.2873415783414309,0.6714634443185625,0.6326951571875217,0.34701083832491497,0.3940895867435039,0.9567536200893202,0.0547713627283235,0.023013346919727895,0.860951286538456,0.8461031205025835,0.6272778221332047,0.1252196507781031,0.6969229282319789,0.7313785154779296,0.9857167804846766,0.8037035667235812,0.050194145054591355,0.355003224000062,0.6112118465326261,0.6265119947007755,0.692325017205957,0.2378612227770348,0.12353001288762269,0.9180522820504745,0.3735403905442792,0.7235676796029463,0.4806492503920633,0.9820680452902131,0.17215392240831184,0.20989792635664117,0.26316213963646207,0.9209565961868247,0.688671659310998,0.6745825674679483,0.42798573014083674,0.38261439553123855,0.22631134320909235,0.9496449823685449,0.2995531552412299,0.03450894702008714,0.9840713152461595,0.8663292260346803,0.9362497108903632,0.010230021977137925,0.32276713122226874,0.5037529143219303,0.6291683812046875,0.44859889188587193,0.1075789772101251,0.9037013776230929,0.4845323377538565,0.9154027333637862,0.004840690821592664,0.5245948833653817,0.46971770192148765,0.06155879891559948,0.43808391418290427,0.3464212622297634,0.6485654454551046,0.6381373126369868,0.6802754421099583,0.42828855295008694,0.13232567357725664,0.8119568270993557,0.8677813888332462,0.09504387144668125,0.9160309900365022,0.6529241137638897,0.45245918877337493,0.6287774581182208,0.4134791976094778,0.9026886334236871,0.14723364297976743,0.6609502364965484,0.5480245394769513,0.5947864824629367,0.9497818246306106,0.13813571318321238,0.6293874766608372,0.34750830487453666,0.7420975453305879,0.549509821860621,0.18899736195073358,0.8701426927501309,0.7706937702583824,0.4015935167973818,0.8316399459677103,0.12921021256034393,0.6600236013100197,0.07198582225228743,0.2746699865738027,0.315663617866925,0.36948049776796543,0.41369813410214074,0.11587831566082762,0.5749893691963402,0.8583107826848183
bin_wketa,0.659826563091951,0.9559086572574673,0.3245154043341205,0.9326173429756017,0.0779087084737492,0.75847824244519,0.3632235906002332,0.8497683561714329,0.6149956026514075,0.0460218392647338,0.35679677516322383,0.6459308373452634,0.53112685876047,0.5134698019415506,0.8348762632676175,0.9977868443331812,0.5060694016357288,0.15298795872156512,0.04384062647170492,0.28624110521143886,0.44585758470154946,0.2056927266633852,0.4996836855822244,0.7223981160959123,0.3589139446820832,0.21052376447616772,0.8627005969234521,0.7123230134424585,0.6223824329369257,0.7997256646892319,0.8814016934398274,0.3163037606593449,0.08271690262789405,0.28048583554746376,0.4940532984398498,0.8857855894037905,0.05788372534347755,0.17620732060848449,0.8129071631865514,0.9799339688016704,0.5262442990377016,0.8569678098864975,0.9697614667506492,0.6284951107072708,0.17016810456180553,0.7152742123004954,0.5285113765448801,0.8433649611721448,0.9938366229730532,0.8596361510215178,0.8162841298271651,0.28523970694070155,0.5224778217744842,0.8872403258963937,0.40350027206687034,0.1861692321792282,0.21362451138377186,0.015056533132531025,0.17492623239702138,0.5507065673126865,0.6013047979974797,0.0479947221819077,0.4538987398327474,0.3439737380056549,0.5008014979206596,0.10434247645891437,0.8139099419352986,0.33155601344890234,0.7983250247365932,0.37990183294112756,0.16024160292661027,0.22165440925350874,0.4969823954420247,0.5446606411272474,0.1829941721731448,0.4622382303167846,0.9656445363884131,0.40965930557099706,0.6342307906326364,0.0456705704253022,0.029846825970463176,0.34198384584759167,0.2249734225941403,0.6938365177331366,0.8831276180977014,0.4134840915931951,0.7085208621302956,0.8186619683631596,0.9989352560353735,0.4670452887411369,0.13053947346225978,0.38429888045810545,0.4816856997201371,0.4732578598729775,0.3389292652192343,0.10832743355607155,0.5786229019216106,0.9181856905399018,0.9435012726297153,0.575145088449228
cf,5.1302475778223735e-11,8.471860060798841e-11,4.3838587370854e-12,6.184249645704196e-11,9.146848620835586e-11,3.427721624401654e-11,5.6967363975268813e-11,1.249947332102689e-10,5.0354183357997356e-11,6.286721289068538e-11,9.747354728632685e-11,2.0987623183574395e-11,3.3054854862157646e-12,9.012266967771999e-11,3.126881434554277e-11,1.990076810905399e-11,8.090237489015952e-11,1.388189578887845e-10,4.138305712121629e-12,5.311818571924596e-11,1.4867496322425634e-11,4.1755780264196886e-11,1.453537865062845e-11,6.520441386705418e-11,4.94132707372059e-11,3.6470553296837925e-11,4.26593719744504e-11,7.596354560163267e-11,5.504752117008295e-11,6.134885193771469e-11,2.874084169391482e-11,1.0678894780719979e-10,1.2196311524517908e-10,2.806493316131934e-11,1.3985915817447676e-10,3.3921180202218486e-11,1.990488638579746e-10,9.297100692880214e-11,4.7745385096853e-12,1.8669395742953585e-10,1.1392374877397206e-11,7.955225500777921e-11,6.777832776772173e-11,9.2682704611944e-11,1.2773254713215886e-10,9.596811969904435e-12,7.447188038732208e-11,1.663904003327807e-11,2.5617856017072117e-11,2.4536780425639842e-11,1.06103151504936e-12,3.677377913784999e-11,4.529924484501308e-11,1.2227153519339444e-10,1.1712158202157097e-11,1.2774553632695728e-10,8.601125411515423e-11,6.824541291360449e-11,3.786618514932693e-11,6.135365452928476e-12,7.42004838177871e-11,1.4461198649822024e-10,9.494864419730505e-11,1.3281142673436264e-10,3.40590713124428e-11,9.750205970049714e-11,1.6958525507245907e-10,4.6569335187683505e-11,1.9643082090058635e-10,1.1222476332911357e-11,8.904929861534816e-12,1.5365515004903203e-10,6.993683928544052e-11,6.637063800750909e-13,1.4701993250840334e-10,3.150257404790091e-11,1.0254937713892871e-10,7.680923812387251e-11,2.8464723408590797e-12,4.354331535224647e-11,2.0844719203501594e-11,3.302002191150168e-11,6.966872713923378e-13,9.414105335184833e-11,1.0227301551216695e-10,8.741127507165398e-11,7.234301198926172e-11,3.7502702852558904e-11,7.476827850859175e-12,1.6954195739825216e-10,5.68761131469989e-11,4.596536433417603e-11,6.281956422083986e-11,1.8463651485979615e-10,9.68357373341072e-11,1.850931532610753e-10,1.0368164766596142e-10,7.388667983503074e-11,1.0490499763132706e-10,2.5472176950651755e-11
cgdl,1.3833737388587098e-10,1.1179976717162023e-11,9.510731287971552e-11,3.8240012976999406e-10,1.391010564552343e-10,5.184096519364081e-10,3.1081048044659135e-10,1.2833860097039418e-10,4.428718630758987e-10,2.77527658257781e-10,6.250028006376572e-10,5.431754293117194e-10,8.8571609158805e-10,1.0829431733707815e-10,1.774489879955351e-10,4.212049269662496e-11,1.472092250570023e-10,3.0715281763070116e-10,2.8833363458686835e-10,3.3668686771810996e-10,1.630677335952711e-10,5.064439480566698e-10,4.168821555578176e-09,5.535866306397589e-11,1.5099382847060818e-09,1.3852070034843758e-09,2.1330116428465813e-10,3.3828135145040197e-10,1.78052592525484e-09,1.244051876605575e-10,5.454867666991736e-10,8.723370955739865e-11,1.3439099478097198e-10,9.592245903377246e-11,3.706276730460729e-10,6.988554101080264e-11,1.5819689806813245e-10,2.0059837186277704e-10,7.366634836186907e-11,1.0293963956160797e-10,1.7462298609067072e-10,8.171128870139513e-10,3.0543799138400047e-10,1.3242029989345719e-09,7.964977464993329e-10,5.802847927787894e-10,6.856074473385457e-10,1.795117281490942e-10,1.6072408014216614e-09,2.6831224795378576e-10,1.5480032552622917e-10,2.356366981701674e-12,7.031247529009895e-11,9.97055559710039e-10,5.5017783325459376e-11,4.863727627721541e-10,8.089591171936474e-10,5.483103709116592e-10,4.6283312917413903e-10,1.0104301046900378e-10,6.357503036610467e-10,8.54461401481828e-11,6.917339115246568e-11,3.500480552309773e-11,2.830820206932875e-10,7.534847230956689e-10,4.1756836135365447e-10,5.523750346804597e-11,4.321446674288813e-10,7.354352962923683e-10,2.7414847316850245e-10,8.824289581231178e-10,2.29266322318634e-11,1.4320904758336598e-09,3.8809419567881545e-10,1.036141603648851e-09,2.1918871115893808e-10,1.261923152625501e-10,5.016537949675356e-10,2.174530825969974e-10,2.5087016121990454e-10,2.7421109607754497e-10,8.656579140314374e-10,7.621576754612665e-11,7.751039114305524e-11,6.066026625304705e-11,9.778543728858405e-10,1.9366114320216741e-10,1.579806756683397e-11,2.6029792428567684e-10,4.939561567279962e-10,8.184490305582074e-10,9.232859853547672e-10,5.6571009063032254e-11,2.1371527016730765e-10,1.7278004701969138e-11,2.097365372592184e-11,1.7933667331599885e-10,3.7528573584372177e-10,4.233610659107552e-10
cgdo,2.370123799426277e-10,1.1483355094105747e-10,1.4867395997917477e-10,1.4875578723644378e-10,2.856147992728562e-12,1.1464977475346367e-10,1.6092808429866952e-10,1.0408212501560606e-10,1.6922926568417835e-10,1.0659927415774242e-10,4.121234404170282e-11,9.580444479230381e-11,1.7777882448850374e-10,1.0538740514327937e-10,2.8255736104210303e-11,2.284682180138352e-10,8.760887247466867e-11,1.2406274136706327e-10,2.1622053106340958e-10,2.024867076117619e-10,6.567960451231666e-11,1.245548973941541e-10,2.845832744484688e-11,1.5973886495026796e-10,3.542443571620571e-11,4.1179562196162625e-11,4.072383501649422e-11,2.351415925219554e-10,9.568802771956226e-11,2.411904160277415e-10,5.497835719120295e-11,2.226184840936323e-11,2.829613884246949e-11,2.6120629560798913e-10,1.6036843075347804e-10,1.2256711508519848e-10,1.9419949851470134e-10,1.3853896416023108e-10,1.7516685785028396e-10,1.0982726836740073e-11,3.05906945633092e-10,4.514208042398367e-11,4.731507148145047e-11,1.9984552885688554e-10,1.1125938345499585e-10,1.984369063853875e-10,2.5060945127390225e-10,2.948596607939351e-11,3.5028715657833297e-10,1.2073310176729926e-10,1.4307871177349258e-10,2.7084411714420207e-10,1.3046722462488707e-10,2.2801722761114124e-10,1.9275518486162036e-10,1.2679793684251852e-10,8.172007206287017e-11,1.2680667242882593e-10,1.0996878437244114e-10,3.1735796363773115e-10,1.8076628851214968e-11,3.2733778740326495e-10,7.382369021341825e-11,1.1017028141859301e-10,9.198333161771546e-11,4.986202862463759e-11,9.158472161024848e-11,1.0162899481315906e-10,1.9085669371044092e-10,1.0182133744611085e-10,2.8635969744893988e-11,2.3331268804735355e-10,1.703283429888444e-10,1.0993178654497536e-11,1.7939885950542193e-11,1.675868618485537e-10,1.0379311968936277e-10,1.6670677996145996e-10,6.442097275256866e-11,9.199060715029867e-11,1.5273220093489445e-10,1.9657826701086897e-10,6.684734427160956e-11,1.8812467451741726e-10,9.933795520499793e-11,2.242190284945964e-10,6.415817198633512e-11,4.519504034573551e-11,1.5158745235517778e-10,8.100788396452532e-12,2.0379028525575324e-10,1.5411972320951935e-10,8.881774439810092e-11,1.7251939679882238e-10,3.888044110099214e-12,6.9192003317577764e-12,7.856511505138836e-11,2.749614570990989e-11,7.502723124035007e-11,1.2053465094802323e-10
ckappas,13.01312769472728,7.1440528451842775,15.896223806856765,9.411821827905888,14.731457191757176,18.58137931996137,5.486986200909028,14.253325776497029,15.179868653202567,0.9418893183538418,17.648432868413156,13.007313323392612,5.11459056879243,16.64915186435225,12.802256775018593,13.892406397667942,13.05046840480586,1.0739305570666144,16.38518066968316,13.892777677328858,17.903854346402767,13.26139556011219,3.66110656625639,19.870596797797,8.978014809449286,4.170580742721115,17.393306223661806,18.125642375489207,14.58759089615769,9.058971518413989,18.15906417261781,5.8910221832089205,7.446109758461802,2.301403644470789,14.41764528919514,14.76452956052701,17.55089233919322,15.374736004172911,11.02313519611303,4.822140441987677,5.711425401151039,7.543245984844896,13.516328914217127,10.901000606258998,9.96763296330698,13.332289005791617,16.02854259159057,13.589463417377278,0.4136275688198018,0.5617611182879932,5.436114905938498,11.677879088133336,16.290855290932143,15.041713798448662,6.655511937297441,17.985395401119906,7.3493286766414725,8.154133478496671,14.099933067050495,3.9420461061864915,18.21381180790279,12.444873913931762,17.44181760527335,15.807369972388381,18.423621909696454,0.19338044156764678,18.315643000788256,1.0874606247199199,12.050631097330774,9.3384097215265,10.19877973768269,8.6859923383656,16.970901867550957,0.5957868779528647,9.612697134272498,19.74870208242452,8.850883768420614,9.22787117475527,19.976849514949937,19.932298682937358,7.688549226056673,14.86633614385876,6.759415250346817,19.8952568776527,15.680609430227884,5.413200505421673,17.957840217828643,11.736265578165119,19.171895972254944,12.697862704949802,6.476230094366835,13.57512010269974,16.462538815914794,11.09738583049627,17.591276524036683,13.536454384238677,18.649764040319198,18.149141496257915,16.25023743356899,17.060261708407186
clc,1.0000075533433838e-07,2.724676420703731e-07,2.704207258201729e-07,5.6918729207183615e-08,2.9778065580661053e-07,7.643536779015294e-08,5.965329184288162e-08,2.71857568003526e-07,2.2349016447808527e-08,1.5372101303324207e-07,9.442466517471665e-08,2.5131044560117207e-07,1.1118573170838364e-07,1.1109380616239868e-07,3.502183979915749e-08,1.058813335306107e-07,1.198745179394632e-07,1.9227295647453068e-08,2.2631441124479025e-07,1.0350896112674566e-07,2.555492398571205e-07,1.6619832344562668e-07,1.5368649005415528e-07,2.197546095050531e-07,2.9042268548694466e-07,2.5442854972545133e-07,1.45872050986585e-07,1.2857497726856352e-07,1.6860578504753158e-07,1.3741132006559773e-07,2.2802475204891079e-07,2.1836322273160456e-07,2.5791068704363047e-07,1.6234179771135904e-07,2.686923800260125e-07,2.226146744077191e-07,2.639547836871153e-07,1.6288749923925467e-08,2.445816237995074e-07,2.604369142978357e-07,1.5534246058731376e-07,1.0270988137630058e-07,2.8091780965667563e-07,2.8255668342147057e-07,1.5799480157926481e-07,1.0522747620728803e-07,1.499930317648852e-07,6.416641416653446e-08,2.428730739618028e-07,1.627123765208121e-07,1.3679029794998574e-07,1.7776350128240348e-07,1.952092914960467e-07,1.4707235438938086e-07,7.434748013769925e-08,3.80732943375661e-08,1.1746316151082429e-07,2.9524280764678087e-07,5.480670187812005e-08,5.1164989058074725e-08,2.3705874425626995e-07,9.125768324654203e-08,1.573063737014139e-07,2.2542235192421893e-07,1.3872484655660487e-07,1.8780632555019858e-07,2.5600643084863357e-07,2.5322008304920756e-07,1.8486233425925098e-07,2.4723202001223814e-07,2.4365458321333066e-08,2.586461601090931e-07,8.912568187664549e-08,2.5927334187541063e-07,2.1836307805363217e-07,1.3773473710632128e-07,2.839559423465874e-07,1.564615731961659e-07,1.814957668370941e-07,2.1112772494481384e-07,2.0459810599069985e-07,1.77458595135672e-07,1.4390413041913462e-07,1.6233603701142833e-07,2.8443672656303646e-07,2.949420433626212e-07,1.1396209227806031e-07,8.512043546794295e-08,2.528266416958051e-07,1.0388822131461946e-07,2.2582590141238028e-07,2.2573235092242846e-07,1.3936107703288678e-07,2.5141243941167136e-07,2.8434310977954403e-07,1.2713463129722743e-07,1.8539396540811665e-07,1.2376691469792273e-07,1.0028661140817413e-07,6.39146340670304e-08
cle,0.7658472615037011,0.34792795794405884,0.27412045031085674,0.45951184469511547,0.8686870537896074,0.9396820650445108,0.5202700479337723,0.4050938293949776,0.26593955552133997,0.624200771335718,0.6658825740030629,0.6450904354675966,0.7643055785350181,0.6881930647245802,0.4892186471031018,0.3295797963583016,0.5283211181883423,0.49399559306263313,0.9034944265530958,0.6834706265053289,0.5291095088381637,0.2883366146971766,0.7218411422266138,0.5195041419195112,0.9841563122848445,0.47920243898167947,0.32564417735149165,0.27359515743590634,0.4486447509621031,0.7124391071331662,0.7810525551843532,0.32288278708371443,0.9542805127768745,0.4589444620417573,0.7616611129999216,0.5493887897276172,0.5359840763541956,0.414798249900806,0.8700568162227718,0.6386237115951101,0.3116641960874473,0.31186502009061956,0.2470506963145842,0.3024381683636057,0.49310326012162276,0.4785716608784474,0.42963514251015333,0.4118681012899552,0.7509653207846128,0.33802466334772674,0.8115296173372353,0.21876366548915038,0.2125481762645058,0.572575509584867,0.4232245329613239,0.3941507974644181,0.6279833392873788,0.9316681305127663,0.47527307666196245,0.4562555072935802,0.4313696582596971,0.90469056673314,0.2850600068803888,0.6559338349915345,0.3937336878302211,0.31434215678069877,0.8211074431269578,0.7005720796723516,0.4886265014517604,0.7119454067942281,0.7430625929713273,0.8063790158038124,0.4048346545343211,0.8648485237446513,0.786160333722165,0.2789337539341788,0.3088901621773906,0.7337825989924223,0.73632526593128,0.8472874184037071,0.2172239827967288,0.8581210548856333,0.40575355795220897,0.9616445456589537,0.2510209877402464,0.5908344648201063,0.3282257145043441,0.777700140935097,0.5383339502734176,0.6350393669304603,0.6142984340800228,0.7841460958510127,0.9206527659420067,0.8519471090777906,0.8449588319933812,0.9997466633226022,0.6925201064472969,0.2974356522025858,0.3536538261963523,0.6194669705561855
dlc,8.13890435168502e-08,7.324965865627091e-08,-1.9546731104796293e-08,-5.690240709174673e-10,4.494778988817563e-08,4.660243510303793e-08,4.3573745689558e-08,-6.385689692538427e-08,-6.992627777300333e-08,-1.0375414386865575e-08,9.660580472582636e-08,8.561391710690374e-08,-8.511817193647852e-08,-4.497443672567193e-08,2.1628211157934095e-08,-5.178833522623989e-08,6.528665075590408e-08,-3.9387828300829396e-08,-2.7693864805126885e-08,3.1230781095249804e-08,-9.915113977315983e-08,-3.3314369381469697e-09,9.273259205392989e-09,7.792486265291733e-08,3.548233537716953e-08,-1.9325185670584184e-08,-7.810777810799623e-08,8.441857364497352e-08,5.0996717356113796e-08,-2.77901650471811e-08,4.0676291581757564e-08,-5.5147212761200523e-08,-2.6228063134515296e-08,-4.0750125733636055e-08,-2.2203991913332795e-08,2.055357903854759e-08,-6.757862376453383e-08,2.3985704068200074e-08,8.226258009831573e-08,-4.3202851879414106e-08,-5.3818663442031954e-08,-3.3899788238325906e-08,7.101909512042533e-08,1.8036964469176506e-08,7.78410662579638e-08,-1.543360885826504e-08,-5.9124873311269895e-08,-8.092315925962503e-09,-4.98059017543638e-08,-2.577365668315326e-08,2.854805629174127e-08,6.906979380146947e-08,-7.596360099494757e-08,-2.4544494526218494e-08,6.171313500666909e-08,5.553434909509485e-08,2.7532416184223192e-08,-2.171411629322359e-08,6.7077347542440456e-09,-9.112109684107729e-08,-9.927382140448979e-08,1.1118696238139797e-08,2.335857358706488e-08,-6.760308499571416e-08,-4.499774276534357e-08,-3.68826025877902e-08,2.2673035423341696e-09,6.364388675136351e-08,5.049585762387946e-08,2.3780493128953414e-08,-1.7777969616499797e-08,7.877297804855157e-10,-2.8559245553425797e-08,1.595745940364537e-08,6.071297095051159e-09,-8.431025567331518e-08,9.560526631714356e-09,7.354489934898545e-08,-7.650169741581065e-08,6.048135858680126e-08,-6.42069120158927e-08,7.034170841291319e-08,-5.766628028182243e-08,9.353933338147872e-08,-1.0557078333973866e-09,5.2258566844320886e-08,-6.221476561321048e-08,2.1458499950594732e-08,2.7956426673627885e-08,-9.79909529657823e-08,8.001861394895512e-08,-7.554334668100609e-08,1.2943501644155338e-08,-4.612720060002804e-08,-9.794494713522059e-08,7.514787039067741e-08,-2.8260006831063132e-08,8.984685040253804e-08,1.43285344546558e-08,-3.327236572606862e-08
drout,0.8726245489455802,0.10955343956690926,1.4902208238807173,0.8706318579382802,1.5306302193333448,1.4329099336523974,0.8299498062175653,1.4665553822683597,0.28153509247577113,1.710439228336561,1.8083146981628837,1.8774918063043846,1.2430845995890185,0.17359264525639634,1.841138023909876,0.9135363643912918,0.9218514401161244,0.9147983095735789,0.5951471958699934,1.405441595159164,0.13258757689175496,1.3740101964246232,0.3375779999519429,0.2839383560430706,0.311086923059096,0.9538107394840885,1.8682606318491024,0.36789125253846466,0.7099210210747102,1.6308008703052985,1.7469710630565183,0.3257552065931407,1.509901291296615,0.39522523006284094,0.6852807414876189,1.812225166958569,1.4394427258311213,1.277951818235816,0.8411089398533067,0.38681531111494916,1.865104335950596,0.4140529883261701,0.861646729047506,1.8519482306694746,0.7793812760819566,1.3512805796447152,1.9638381080536698,0.3845346413589985,0.483603675227532,0.4348393154119301,1.8192831950845996,1.269976894013091,1.0586491577210573,1.3851750115770278,0.7691330590297386,1.9416046831776383,1.1118305551951013,1.6519360754935615,0.8057878022757795,1.239768555756715,0.8766929650525274,1.7613579183605363,1.207516519328483,0.24490586889846472,1.7861662339951574,0.9274532339453423,0.4344025769711779,1.4081236716362164,0.6465004345304022,1.8351563011159746,0.1892498664359522,0.9389003393266377,1.0288297117973204,0.14286281150264135,0.9871160251793442,0.18894251096304432,1.703040786222649,0.7134563619267262,1.623159660640269,0.1379853440863789,1.0471273949428404,0.1903975074447491,0.7782158803468013,1.6488527554162415,1.6604406107960392,0.34673229038773024,1.1226338347396436,1.6921361042431984,0.37896104556074983,1.2209022673792962,0.6626797678486699,0.7154700021743692,1.6066448813506333,0.6198570149341934,0.4323745923572435,0.48338386681866097,0.3866875319447307,0.3482110588469449,0.8593502508596432,1.7995057714000045
dsub,0.268300608110781,0.631011094913269,0.7643687579403422,0.6828256664723618,0.2565842998637088,0.6439505419493595,0.1270614210607427,0.6444319282698923,0.7725865056845115,0.8308346425575317,0.1613514552977459,0.44696772577710675,0.6635240459219098,0.9867019934550586,0.8436926221193063,0.5112646291106359,0.321781958251459,0.9402089743002526,0.3258091887912207,0.6743436074866898,0.5625723242170658,0.9222840616338368,0.11945662429853683,0.549120706747499,0.5961501350920808,0.35810440352611905,0.43895355965390337,0.3339762378914782,0.4441135996825859,0.33511300497135893,0.9235671864689232,0.84998797764489,0.2993890719647356,0.3332476372599851,0.7167668656313707,0.4143637424645412,0.6760123168282797,0.7250360482759977,0.1530146436874798,0.7729873709884384,0.8217658336366158,0.9712384950763965,0.684260142908856,0.8083724376861099,0.6830830668155979,0.9026709280007517,0.3804271198966087,0.5065234687228483,0.6665635219090476,0.5599467391329767,0.9184661895889454,0.5414078134623562,0.5211678718333911,0.908165217060545,0.2076944640558805,0.4241911935333764,0.8199561463626438,0.9130249850376079,0.6296546431957701,0.7994685249770354,0.5701868447034211,0.7987722789304252,0.43783235712575297,0.6185683085927793,0.6902023379650294,0.9795412694979979,0.638058886379009,0.7595882180420054,0.682801504949057,0.7624205584510363,0.3507464700141998,0.5853854217462595,0.48766384995827183,0.5847944644585806,0.9743083395030966,0.8474263757131208,0.967765078817234,0.5630258249322206,0.4023555915451166,0.20706593265782858,0.27742612361116203,0.9537505198223214,0.49954162904133437,0.5006971568572873,0.9353366552867747,0.3999783378003281,0.5663631271393134,0.613447825944515,0.3247998844557559,0.6676599105418835,0.20136851090844665,0.6192284228940711,0.848539989932154,0.5964777047054246,0.4705448728361439,0.7413517087389485,0.7429128389475559,0.8273843971804052,0.6731751013535244,0.4203160548684458
dvt0,19.944614784662093,11.421531969138332,5.395897663772019,3.798535965284413,16.272904245780065,17.65044610632306,2.7692153897365612,18.754843185125583,13.539636670325326,9.326385886728941,4.927589236112718,3.8561515842697967,12.5394547202466,10.01845980824448,0.5667619031145157,18.518234233617417,17.987989804927437,13.48425158591403,2.053120280302787,1.1210569480382993,19.322462849269066,8.779771493864072,2.5275182266621146,4.002162132361322,6.860458179119037,2.9497101048791197,19.111881261323486,10.951617653646695,5.197397116502202,5.546091706257135,5.601316629690132,18.709572527725538,2.8811787890328167,1.720348645406513,8.220576625313772,11.467358351590235,8.873135396084514,11.253057108765859,13.830074908951083,0.10569894507237887,17.987588908058076,13.747290648579629,5.35895574408076,16.510205780893237,8.569579314844676,1.131199642452596,4.95472159608771,2.82118216701475,9.173738220087692,19.318322315942524,9.195825207566887,2.7621562206525474,2.1307513433159815,0.7387457228541883,9.734373624612704,2.7040615885991492,19.977621579481323,5.350360083088903,8.619649454703321,10.041359544524884,8.062409592802164,0.033855791760786236,5.958592911924886,1.9070757183869724,4.1538786975534485,3.3565017831046418,1.9438839964134482,2.77859681350231,10.423069721495297,15.792934839835617,3.4528973391240605,14.24859199173947,13.306797734893083,1.1900625298297185,14.216757935813856,3.509395826068115,5.662578994540246,15.649281654624247,17.117093393731796,3.6313617556810316,4.911609917432641,7.079226854576131,17.739386418749653,10.950080185332954,10.339748317289846,10.203154769137788,13.41354869676424,2.3113346627743026,3.4962477928644953,1.3221717854479618,7.147242578747664,15.030998058025947,4.243747992865655,2.721784833388168,5.791675265946996,17.5694819948514,14.537030538934797,2.6918719735188823,17.729140332288704,18.295266586378453
dvt0w,2.5642661659367283,-0.3089944062276677,0.4876369143004451,1.6665060811252177,6.810844121239346,1.7990621223753167,-0.5124663332017029,5.119597085092744,-0.25901018665392395,9.478174463956384,9.878629724352502,-0.3404692471146311,4.040668534397533,5.627321634365421,4.008605649469105,8.323641832032605,4.479883327052263,-0.9539742230743586,5.403823659037925,-0.6103137162463046,-0.418462909864296,0.7738469521772782,6.729626334295514,1.7120886119868084,-0.9207558241861962,0.08672081295387768,3.073472428428399,-0.5561845999316034,3.1759403297092197,9.678612937881367,4.676127046040157,5.233666642633817,7.504427695294655,1.42403349658366,6.086829937378715,5.958594440207657,0.7791544056332709,2.9318277416151335,6.06673917614228,4.457690558512082,0.8079449252515094,9.930402709260289,0.19242124377095338,5.7659130830556045,4.42175018977507,0.9514971446142968,-0.07027823653175047,0.4903834078927245,0.8518379266137606,6.349514836016182,0.5627365731749487,6.740366695323999,-0.6481532917755208,8.391826162447735,3.4312924624431966,6.724892580605829,2.8255547316167613,6.098328855731162,-0.49271777841054676,0.17451375337752228,5.198479968254755,-0.8451111490559221,-0.4042779180105903,9.425265679809948,-0.40615846647244214,4.04119927096674,7.250932311046487,7.014193484082323,-0.9346913799050917,1.4893119898198481,1.266869665782406,-0.14131469680298092,3.2000987929867506,6.378825463138121,9.687136786477561,7.349255802456568,0.9644583639391353,8.181621789447473,7.119896490094563,9.154677598691922,2.1044287030664286,1.2910309930048638,2.05455968475344,9.407748437808554,4.203743509048782,5.083078747813473,8.69297283835656,-0.810005080823529,4.017050069916255,1.5899773006766855,4.042804075972716,8.867936860946166,1.6380420259109019,-0.0016016250811664579,4.807434561455763,6.482131178984834,2.888236537275182,1.0998045287139626,0.726530387799341,0.04960929526209901
dvt1,0.1920484602594876,0.9750293247751871,1.3769496289997079,1.3507185593615556,0.22241143165532706,0.3764792572162876,1.4526126617366852,0.5114530690773545,0.9683075559829226,1.076645434238299,0.8854869051350045,0.730857611091372,1.1900863968230588,1.172016748745978,0.18820079311481425,0.22071013997967556,0.14475080626111378,1.2156212049809514,1.491278352846871,1.462610293537203,0.1926129719631742,0.8528915450211197,0.6980577924063479,0.14128119961993277,0.4088615434155132,0.6595257131770794,0.34387658520042497,0.5385959975053173,0.5871770312833675,1.1024324264206815,1.4662029581130829,1.0628868305256167,1.3277235301242079,1.3997296873386167,1.3724757873856175,1.0119248737166353,1.1988192146231,1.3648248859875027,0.14652262297557567,0.2609201100969756,1.2487050275846427,0.6816814675477737,1.3176089449271968,1.4848360983034696,0.7870684018075813,0.7841450821815334,0.1536350915333112,0.6012785511247116,0.7247195330671986,0.6491807053128231,0.6886214107834542,1.4515073892474801,0.5964027557652092,0.9096466270298456,1.2539873670851556,1.266496039082494,0.160263661366631,0.3657758906758142,0.2534756750290096,1.2589318977571622,0.7042611005817447,1.3389494731553415,0.27878944693607877,1.3692601195866816,1.043579965446692,1.096633822132758,0.31499570687482803,0.4069638053693302,0.9220172872576328,1.378648783701258,0.8191936115706974,1.149246522872739,1.425256489232975,1.3192442256369,0.10700608976326689,0.3179348496185791,1.2065849118006389,0.8151166750383171,0.5637006548441845,0.35463403689226525,1.025605877358675,1.0559412242599902,0.16725563261569246,0.84559350579517,0.6337766690177232,0.5395967787553859,0.9579768436406708,0.5007177240693476,0.9780693091987466,0.5972192741365401,1.100339989116513,0.3299075093024207,1.3081619991961526,0.7200145046095072,0.639926876411124,1.3076468163942363,0.5418277056256166,1.1299655387189074,0.585422020803912,0.5179927643283819
dvt1w,513044.96332634974,101144.57708612709,91092.63529861804,3514421.9771419046,1376093.2902286358,13234.61132612939,33029.74232554692,288898.59920541313,1781399.0427620213,2613.3582479341403,12150.070542000662,216.8222422592902,15110.744841555106,3263438.039488584,237171.53502524341,424901.5008108001,3359388.4878730555,583422.090650164,64836.86372982651,614.8251057945341,35408.17934163606,326515.9065773966,4665601.432573387,3273550.19010042,622.9643088975586,3337.949013952856,3210780.1226862967,45479.350735045184,353376.9869327719,619902.2412928876,549378.5682358609,44918.972801203716,804.1346676877587,975.0816696389517,6535949.011237781,611453.5844863855,749.873456026212,3841.9577522920763,2395.4413311177,185872.60155093606,15092.186358495359,4473160.79114545,792651.5047263391,1983628.0139406368,1452089.531691659,7928522.070328765,6262.332084438825,9084.499303751498,1573254.7873177226,1976932.2264990984,12575.917201052038,4876014.288887489,0.45988835970941244,4142.197625332937,1713400.9249247015,3522795.0754847503,12322.383035903125,177681.08815738597,25339.89874083061,12949.760068316005,223381.45699030135,8.172835574305045,0.6649888065863693,47375.12824637542,31627.134520031657,7790468.387259948,27846.79432144927,6447.8352994644965,272112.07490094437,74554.01521138633,2379.675375860125,238.82743591108087,1966950.2975198864,537770.491686739,9971426.16808852,18909.8070341695,2128567.2074531573,139872.0467558663,110386.83385720517,1580.3132956178272,363122.84234771243,3716825.557410682,5933.194433220415,344082.14664917375,209814.3767607315,56611.61729242303,6022294.065418874,296474.5507034293,43979.201188681815,6445.752172991732,572.1514220332741,26959.085306589895,6484.737806460536,22492.6651085981,1110.6782047466736,1159383.1432963721,3135.320896772312,25765.51553870672,283876.05842825276,392441.25657997135
dvt2,-0.014286290501158372,0.005186137310804251,-0.0399245425803568,0.020274793308916628,-0.041714223072417414,0.07846269592856295,-0.01126541707411273,-0.017155775645777874,0.10439762839407338,-0.010322917341566387,0.06798344088822039,0.09394750515528799,0.08877889582626253,0.014703702710149757,0.045919199407178646,0.07922106976163845,0.02885287300444639,0.09224697886292496,-0.10100474718516383,-0.06925813247430393,0.1085772887120301,-0.071343997626812,0.020107359655033408,0.11814283198783002,-0.11674660426059268,-0.026130998129911237,0.013191084885776971,-0.09915187121170667,0.06972680971165798,0.07791758579940478,-0.10452098272731938,0.11716522457420314,-0.08810827199517164,-0.018952406588985213,-0.01626450492156503,-0.0173435617079562,0.10815977047563968,0.10685271731551069,-0.044288645239832586,-0.09443750806742106,0.06000403263074475,0.07551658254068119,-0.044491630969190704,-0.06874473118682478,-0.04679321118151869,0.04388609695694354,0.049780576546070154,0.0730973459681501,0.018281601625586924,0.0951132619754465,-0.07596184130563277,0.11878854423360316,-0.014134496785324538,-0.06676134791059221,-0.10840050012775397,0.03782954141303135,0.024682411094116063,0.02096953843898622,0.06734265460290384,0.03098210185469255,-0.08818097718663742,-0.012787953909963429,0.09803268880607116,-0.08524091130392573,-0.06389693254892631,0.03453986546083285,0.004943723037289682,-0.07836570370160856,-0.02071553633407748,-0.07798327372848451,0.113230494635221,-0.038133960900714955,0.0064118751701724985,0.1045267951042663,0.1150812608006973,-0.09732386683627532,-0.09397580138535788,-0.039450201188306014,0.031435788670556575,0.046611261826980555,-0.05927399679473582,-0.11681081486271008,0.018427073241393782,0.052481887990608045,-0.10650312110531474,-0.052763917038567795,-0.05157664451148297,-0.03150562598992304,0.06852563882485824,0.09874887554767994,0.11866499646207448,-0.0677740699468383,-0.06888966199061689,0.11571221231682971,-0.10501868731866125,-0.050873978520116936,0.017902953605237054,0.10128280318714455,0.036724019818646564,0.014492773152485067
dvt2w,-0.04434975526130956,-0.00995033292572764,-0.008965946428860123,-0.04589464183003873,-0.033163719017173535,-0.023565123333365707,-0.007012598018748373,-0.028196923444455374,-0.0407205023558189,-0.045872669232314825,-0.01652732798968877,-0.02373379204484192,-0.038448263832000174,-0.020095841452206956,-0.03673569560583404,-0.04237618754614325,-0.02155343668473675,-0.0013870265166478837,-0.044792842201797946,-0.0253055979556236,-0.036689978083252854,-0.01598015523030602,-0.040719106360504805,-0.014741264259653053,-0.021572479593462243,-0.033107491586350055,-0.0039225645306108295,-0.04509269298714812,-0.011699283340357157,-0.016127292489194436,-0.044696007374637706,-0.0018843697301747162,-0.002447543286240514,-0.0383557489386426,-0.015806018040675614,-0.02665939938579125,-0.01730443471957934,-0.04365076374828143,-0.043940784966040376,-0.0018468440989914611,-0.039234871891698594,-0.025188757313687832,-0.038243949295829055,-0.017684698982082435,-0.03855543164531045,-0.020890725360619557,-0.03373799841654765,-0.009040959170710981,-0.0019424784257361036,-0.04988152805865541,-0.027405584705184782,-0.039369217856386675,-0.04461421595006142,-0.02753674629043419,-0.028740148634017606,-0.03327589104045961,-0.039762599127212195,-0.020198991368000692,-0.04062941854923488,-0.031964102974264635,-0.019446555533039846,-0.03920315957216577,-0.001972746664197146,-0.03382391006180027,-0.04409744243893654,-0.03942565012958014,-0.022812590780805737,-0.004820200733649985,-0.014241208375453361,-0.01878232248857605,-0.022371620732899434,-0.022131285221727304,-0.031713026623793106,-0.022991386253464703,-0.03376290819104698,-0.04493636753395622,-0.03749805117733716,-0.016148176349719018,-0.03141164037212397,-0.026839106239239727,-0.028363410135760957,-0.03664356639427082,-0.0304803046969461,-0.03485789958880961,-0.004642725257094679,-0.04086740980576021,-0.029798083406651653,-0.048702540531021486,-0.04356551600221859,-0.018628886659044733,-0.029752980046211647,-0.024820226966364906,-0.01929883897184916,-0.03435631639544458,-0.03921391848916726,-0.022427809151943586,-0.012573294256394842,-0.02540919640110752,-0.04920766860997473,-0.012297224280045788
dwg,-1.8484288677554844e-09,8.329069924972145e-08,9.485829734557328e-08,-1.4640483001194577e-08,4.194664923334693e-08,5.0660691139904455e-08,6.52875625601535e-08,7.699163834499223e-08,5.4777710756901544e-08,8.476258151776376e-08,4.65665971264583e-08,9.111159510599916e-08,2.662504958504044e-08,-1.3260195894397913e-08,9.759477871914251e-08,-1.048371062873461e-08,4.3874549315299656e-08,3.9097216859677705e-08,7.238364438596515e-08,7.347415546722447e-08,5.156278515576683e-08,8.020678769505603e-08,9.97781072234808e-08,4.8096704040059294e-08,2.333954549144582e-08,6.248144547482195e-08,2.982906038977231e-08,8.391663395263305e-08,-1.3575898708877155e-09,8.9656295210591e-08,1.4807151958695484e-08,7.435135735000497e-08,6.256458893800626e-08,5.242167433195319e-09,6.167796312847558e-08,3.4390169687102575e-08,4.743241191517777e-08,9.851995720746487e-08,6.04110380412067e-08,8.762039783374369e-08,6.581691318040564e-08,7.341827021540947e-08,7.366415423816031e-08,1.0076188854298572e-08,5.279644450042147e-08,2.602322759263424e-08,2.7103963496771923e-08,6.716779807192648e-08,6.476373910343089e-08,7.501809960381664e-08,2.5690813774004236e-08,9.688175129957134e-08,5.004290240449121e-08,7.772999224750565e-08,-1.3292142693562475e-08,8.411174065121058e-08,6.009161962049148e-08,1.3406222928130997e-10,9.221479288562685e-08,4.930000459661679e-08,1.6463262807013685e-08,7.768686152965667e-09,2.485229048060718e-09,6.352904140418024e-08,6.112484462104277e-08,5.589222100923216e-08,-2.718137004825961e-09,7.966528467964949e-08,3.306672174507449e-08,7.00879058980043e-08,8.862916362643052e-08,1.4084119826528355e-08,1.4575481082924791e-08,2.7989274158241876e-09,7.772942622764737e-08,4.8406929874431285e-08,8.649944054810362e-08,1.4645341405436125e-08,-5.6103570614475104e-09,9.336803556267529e-08,9.544014091003162e-08,5.251923609035093e-08,3.783095314723257e-08,4.035245727549148e-08,4.928108025634231e-08,-7.898622025293274e-09,3.581029751360129e-08,4.882566476671526e-08,6.71637732808079e-08,4.087004102419682e-08,6.470471975943497e-08,5.156181710264464e-08,9.420725888276764e-08,7.488509626046352e-08,2.2416894994782285e-08,-1.0092503646397079e-08,4.782625200715802e-08,2.6887826430721365e-08,8.098492855374063e-08,5.143854664041936e-08
eta0,0.5390924435891962,0.6470281054133784,0.7087015018367564,0.5380996361567536,0.68523272372861,0.9272531958574439,0.6244432921099824,0.3569725283226668,0.8759058333966827,0.6457470934721259,0.8563860543516149,0.9603972475854157,0.32205962714404135,0.647614164368749,0.030923749405379397,0.7846164332735588,0.6022770786058317,0.821390068153754,0.5816277957517784,0.999998647984959,0.6437309135073912,0.0878893544946502,0.4367827073291114,0.41656906901220025,0.8212403303681833,0.7932830641161271,0.8736989899023038,0.7007803246941408,0.9843687458964079,0.19314870753621116,0.8655738868962884,0.6518727847520632,0.8215293408414939,0.47177218406791677,0.8393499180859402,0.30136124500363887,0.4726123889907772,0.7429767039950345,0.9831946958741835,0.4691381292562507,0.2026446684116726,0.1437665207500991,0.7236202092365321,0.3998934570328009,0.39964933980494366,0.22376810197113506,0.4627823086223978,0.4140751883046113,0.6806235605445121,0.05895371843662921,0.3570378593669937,0.614718431397162,0.9977612554959131,0.19404629935093048,0.00011460331192647555,0.6570939751672219,0.06393980498593133,0.6450324512200105,0.22832244817970804,0.8844423419347172,0.8405433801511034,0.8239436316581392,0.5381252935057554,0.7861879978090036,0.1304223399174902,0.04927790883405021,0.162715416019396,0.6420171425517565,0.45862457584331306,0.8992248588788087,0.745554083457633,0.5376039002823904,0.8305177849731147,0.14855491634020357,0.8085335527875745,0.08678161371871607,0.8132720016157701,0.678757580856118,0.6395159540086192,0.9601101537297897,0.3008097611952489,0.401904982422943,0.5029679296262337,0.19165608909329188,0.5414108633477729,0.9871568555973791,0.7704425456793759,0.7177043275651491,0.007168581323264922,0.9524961682900877,0.8818214734677647,0.9277097270821114,0.9473040623816635,0.34776569409497704,0.09113781437618707,0.6339080979714501,0.16927985553279057,0.9191619654590443,0.8771120138204,0.2506541617354119
etab,-0.11982234379791662,-0.3555549701614788,-0.3559777973814505,-0.3992783438053802,-0.35971693932184096,-0.047064513683049924,-0.3061745677577214,-0.3325803999100449,-0.24348851099852215,-0.08591486574907642,-0.35463719090397183,-0.026958499543348002,-0.16716921487669112,-0.25287515569664865,-0.3847568163917429,-0.11318966268172359,-0.4032933370237226,-0.03632707437324967,-0.2494048166527979,-0.21887796793755104,-0.35920092780896584,-0.006672197715941963,-0.4824056601027708,-0.2954559558748666,-0.02604505724855788,-0.23221184402108663,-0.1753182278464609,-0.36323604728389297,-0.45006015450867365,-0.4525022841014173,-0.08409984595568432,-0.09496194054672435,-0.032974237531140815,-0.43388059031782544,-0.1882479570580543,-0.08552635855935897,-0.33671496666731554,-0.2751603121117326,-0.21704772766497227,-0.4254279909482704,-0.32914998230507775,-0.4170517009999904,-0.3984565783055873,-0.023535012043939207,-0.4033474562941607,-0.3436939738080925,-0.38571169865818433,-0.22556881171198462,-0.22983691696332786,-0.3108679953741902,-0.22098760572304443,-0.4179480707511892,-0.1553141820423894,-0.004490527755726226,-0.020632205345729293,-0.3288820118656681,-0.058079972444937344,-0.25897985391835754,-0.3327752466770087,-0.4177962128191795,-0.10107002073832672,-0.4878811204336375,-0.4148695779861352,-0.149598424572861,-0.06025395704025022,-0.23332419404149618,-0.3508694405651846,-0.26144466278131373,-0.19316479318836133,-0.09863736569664261,-0.01968265877975328,-0.1867322227487362,-0.023871357391911374,-0.1697075221116625,-0.017250611138683536,-0.006600807847369217,-0.42839557616058727,-0.06696828065586602,-0.13421254950235695,-0.43356406062653124,-0.11309766907190577,-0.49317808884608616,-0.06497174003343265,-0.4117961581898796,-0.14538119914362252,-0.04046058705596578,-0.290842276705914,-0.09880346230166637,-0.3786000234088736,-0.38008159065789326,-0.018887587345398527,-0.15857377884426482,-0.2112644143295117,-0.19487448640046257,-0.21923343773036774,-0.31797267050509986,-0.32653979445475867,-0.28741171332944726,-0.2844225423955136,-0.4662322161452083
k1,0.9291644626093721,0.3774599315748903,0.41692447851090547,1.0145844168231386,0.253975642692268,0.2361273407356388,1.1664432140955738,0.7536300891037309,0.29578782428122125,0.3997057592969927,0.7968528796423621,0.5056531005358984,0.7747012149670559,0.992438803148025,0.9458882899505225,0.7228580900098427,0.7850503146302865,0.533221764482163,0.4923967180986206,0.23745417881001296,0.7780613595239416,0.16876841138552776,0.20195227904202132,0.7103250342849167,0.9673009591526951,0.6235113128036699,0.6964667788029749,0.8785240085722528,0.4782784877858454,0.2498591047966875,1.1749941250382903,0.580821589120481,0.40642009758183234,0.6959906889670785,0.21598623888591248,0.5638008017559475,0.9760124646384652,0.651768193465745,0.2498731461251695,1.0811393076791298,0.48890908498932,0.5930526783124555,0.6325026410681707,0.04317550418670519,0.09079649964224375,0.9115472034909831,0.03120442219025028,0.19773675342049163,0.8445549585899341,1.1457690102186324,0.30502331931468546,0.1974367691615493,0.16882238405237388,1.051403467583395,0.6922286579780823,0.7555483842948948,0.26312699013647456,0.20462249705412952,0.8782281558557189,0.6494503224618001,0.45584961290003634,0.7235157600706204,0.8931496635795885,1.0424868060651313,0.9367390759075954,0.9477819034428663,0.24735672876562695,1.1552418471540407,0.7158587519453957,0.2585730673688489,0.13205689675389595,0.12080297843673286,0.7684971124499558,0.9041539425171059,0.5873997284720563,0.16238937415314195,0.48753729410918617,0.12456198183414494,0.7191912586294585,0.18059716276922302,1.1606072562035594,1.1178612333935098,1.1741891348049873,1.1336732148587039,1.1027419765441073,1.040971585758975,0.7880622566484542,1.0532247181265444,0.8078126333360431,0.9853287795043251,0.9884144395267758,0.7675636842444803,1.033035397770572,1.1698735029630465,0.05172551175633524,1.0918221897317624,0.8367041424451404,0.40101292944741185,0.5382839495173573,1.1568896050058224
k2,-0.022441318748506568,0.009927187884549951,-0.02724914687527264,0.010352757410041158,-0.023387674107954295,0.03984107907145107,-0.03213447271084522,-0.02516755160623445,0.0061188329593851315,0.03267868741188869,0.04168936046513859,0.021264933024631547,0.028357206825180434,0.004754516055198367,0.027239927661685273,-0.02326437967146381,-0.03733869719152182,-0.016569026213711445,0.022513774557465033,-0.02595084756743059,0.0480672222471898,0.026164039320744778,0.012261886003981246,0.01265096510278084,-0.014453703411301679,-0.0031253104719613303,0.04949141135119657,-0.029925286436906392,-0.014074995829993733,-0.010122488063114943,-0.04964823756844856,-0.026873535060976964,0.028463885237716396,-0.010307374116953115,-0.02008666053193291,0.014544081015582078,-0.02394437309903923,-0.036818239433210935,-0.024044212479540746,0.04163728421672136,-0.003209535417594264,0.0068002373301270375,-0.018105319106122376,-0.0030884576114651105,-0.018949623124686257,0.03270921044200699,0.02238458965852322,-0.013894828759299219,-0.013931663082480283,0.025243065481910895,-0.04023768425855543,-0.00938291328317406,0.047244807007662565,-0.04628585140460311,0.01794355737134415,0.04255093610794296,0.022496898371749938,-0.04780583786791204,-0.008156789427443079,-0.03994933973141839,-0.0439209157765004,-0.0485174660891706,-0.004362664424865187,-0.04044411393110839,0.011338331631169415,0.01844001823493814,-0.036194069435462085,-0.016951843790916375,0.01565958943237676,0.03284898212823119,-0.018159637804921185,-0.03762158048065115,0.039909648506539525,-0.046451887594359684,0.044913940136610694,0.02273927405019742,-0.0497157365900017,0.002002393041028283,0.007564515938305774,-0.03761346081060483,0.03747141592141123,0.014169551599367475,-0.037087046797187835,-0.024404405713102775,0.03356284799070203,-0.0007129505224885563,0.02984623338380793,0.040387406193219386,-0.009585836867872441,0.048480742308889255,-0.012023430752952244,-0.01070591372803896,-0.025524666125455387,0.030875795422458815,0.03835045781125024,0.029995026190818175,0.04508911489656306,0.03228965822438844,0.023075710576958425,-0.016962557116439715
k3,6.394941312007774,74.50741493686303,4.565182318715415,-23.80311970903753,-32.50952818996038,76.20036072132152,-2.8648638857315945,89.04635214020206,81.83413256470362,51.408467183053176,-79.88469985928283,-78.91786029161295,73.09701050796824,24.552628623121066,48.61386601839743,-77.0931258367205,81.89698343326995,-73.84776631569463,-81.9636898299342,47.533078844555604,-74.59917546545574,18.039393685984592,-19.32277103092362,-13.372074958764784,-41.44349952162922,-66.94380222954992,-77.64767784520248,-16.063657289400865,-61.79539625757862,70.04428148230369,-19.28491101792264,91.20805230719384,-6.502539107889845,-83.80693876737546,-71.00781833858932,-0.9613403591988572,96.11992630602265,10.571109992694744,68.80948154562665,7.8316563941077675,-54.52302605203532,29.066675076419926,-68.09750454140503,26.755682649220347,-25.889173525603283,8.826080868977343,-50.84348502560074,25.97365026769542,25.856743239140172,75.09084766579667,88.0385156247597,-76.58753787652404,-29.03519107091732,35.03428155411464,10.61756487928318,0.5839230012691985,94.56758948577212,74.36923047757267,43.200513000931636,-4.950155241758921,13.600815265357767,94.77464509898002,27.18262292958468,-43.599046850834576,-44.763283006339826,-63.03321636608179,-54.76792996780606,-40.14744740049081,74.41408001287817,-18.604009516390008,-86.88183248794714,-36.79230640584588,58.36897799424031,-87.20274052789823,11.659163485590469,-23.675365363089483,-71.7742978176221,-8.429704189981308,64.14522938147874,-7.3823075327103,-16.984419380855726,29.375533624344314,54.78182709484091,-37.58315300831643,60.24022831308122,-92.30218645080286,75.38439371293734,18.30308434528098,-86.96500728582734,-25.81340519190772,52.942578989033564,-36.661354988719594,2.5541331170337855,-11.562257168672431,-5.076147602312631,-68.7441063630385,-99.14272622794861,84.51205422931469,83.01161083608199,-34.171310692433536
k3b,-22.223154331210615,-4.07879282775707,17.258618784106588,-19.539138328973074,19.78704690474406,26.24929467716222,-5.777536732839483,4.612371889330689,-11.294955774025553,14.406212945286299,-12.326347281215906,17.257253345252266,-10.698399036806958,-5.867628051735551,-21.507400946544394,24.066450669997096,-2.7147184925630654,-15.85850262935322,8.881337370800331,10.298179101550183,-18.04068754656197,6.25360777905928,0.618501242189474,19.86072511592436,16.284259452418638,10.659997460663632,10.332918416082144,18.59505403038233,12.312197878508663,20.60065521058514,6.373356327553253,6.480100647972819,1.2612784385131413,28.64364923355511,9.018499070238143,2.974348609733724,7.60895459505582,-8.520726875442683,29.766293681919585,-6.094690737623342,-25.765171717547247,25.4501372071768,19.032146107359992,3.4542735010988252,-18.655097632843468,2.840397463257517,8.085424067056849,-11.46018819644106,-29.423672670996663,24.523828785406565,-1.9516945622847999,25.586434453557032,7.149620138443879,14.931687337928196,19.401678684354586,20.142608880065616,25.592975969232526,5.7166349501411275,19.463133069326,-13.176240891690874,4.695455174908794,1.4254598307050692,23.45154221607963,27.849436372830382,13.345256750183928,19.191983508130463,-1.3848336198837323,20.71548422123336,6.9616682380059345,7.268055716327119,-26.842030018397274,-21.86254632806019,20.44378991971606,16.37150066091327,17.925862946657872,17.064450202132463,-0.559124188464196,4.077271852150972,18.921002556981037,9.456067272902757,21.791047992268837,0.5561718442481229,-8.2905549022862,-12.190729790561338,-0.9751145111972122,23.11452050951737,-7.2531907536779805,22.12010510905752,6.055913818706614,23.042260335470523,23.210866724461503,29.694885498470406,20.739748124498583,6.423674918981341,24.2427583802355,-3.774310179051813,5.60734379470059,-20.65092084218977,11.707263725233055,7.126077603383784
keta,-0.05505971019546854,-0.026365360397203386,-0.03414598250742565,-0.06753564396289574,-0.019225568033997303,-0.07175044400986098,-0.035630727762078804,-0.07626761206328284,-0.09098677783943895,-0.055479477830282,-0.010326595738773842,-0.06304762241959869,-0.06370961082059326,-0.023637635466989465,-0.08721179421170983,-0.08380217307510407,-0.08959826471808163,-0.05100970289292052,-0.09465072447349865,-0.02935407638386142,-0.08000621143456213,-0.003759842405916286,-0.07421101156410079,-0.052673497895622895,-0.028761503671751842,-0.035044825147589984,-0.056304770704476606,-0.0034897242145224133,-0.022700224365075516,-0.029607462594727962,-0.09516651498933133,-0.0946512460943838,-0.013539486972549572,-0.024529408705808747,-0.053622937643086246,-0.08443473312904326,-0.03710560140281406,-0.025271000893645604,-0.046253493864582045,-0.008627544090320086,-0.029704555386776896,-0.0617357470255355,-0.023214393777694436,-0.07014353906042863,-0.08627073785787913,-0.026621857500129034,-0.027084742070829962,-0.016899559660190938,-0.08261770998459071,-0.01153061376481114,-0.09024728500989956,-0.024823439595491187,-0.04419705325944643,-0.055432325080391656,-0.031185506037431088,-0.04248319079662567,-0.039273700057678086,-0.08385523866885054,-0.0617587226641248,-0.05484570225019645,-0.06331884832559745,-0.05049703049269672,-0.026682834163758315,-0.03894081919986773,-0.006724085211114603,-0.005501705190117126,-0.09365900810019184,-0.05358773257909519,-0.025722879627344722,-0.03178362081945825,-0.045253277502772776,-0.07945682895768812,-0.03932314147413862,-0.04849265941537231,-0.01684548108645048,-0.047187125106178895,-0.07064873780837727,-0.06920847959293758,-0.06781708608062889,-0.05587227047403599,-0.04197251825314843,-0.01689956765773458,-0.08730189520139059,-0.01599847528577958,-0.07093698526273631,-0.07629481175477956,-0.03468035789467119,-0.04888476150998364,-0.0177111938840573,-0.0442527750178082,-0.006581607656085786,-0.016264966775328474,-0.027957569111381836,-0.031720995067192434,-0.05567769372987757,-0.045648007246253154,-0.019883949882365984,-0.08851357936577328,-0.04340823929123644,-0.08631385043017674
lint,1.2653138497890849e-08,2.839634046755107e-08,-5.4886539233230055e-08,4.617975599643822e-08,7.48015038556507e-08,5.833541417411214e-08,3.506504097454149e-08,4.945013591069933e-08,6.120186188646407e-08,7.089641766261382e-08,-1.3203632926028423e-08,4.182685772516492e-08,-3.84205719352185e-08,2.4713066615624862e-08,9.419307839413538e-08,7.73476681861394e-08,3.068211881108729e-08,7.920290979150444e-08,-6.991028994532552e-08,2.0555532533503555e-09,-1.874355821772226e-09,1.4082142133987912e-08,-8.031509513076107e-08,3.374946567334732e-08,6.267303927196005e-08,-1.0042020703369434e-08,-6.710449831011733e-08,7.018682572481376e-08,4.3021041195511075e-08,-3.9942411107966945e-08,9.169804351546831e-08,8.880629183265486e-08,-3.161905752258838e-08,3.1347452622762176e-08,1.8299531071952608e-08,3.87030398732545e-08,3.692784576301979e-08,5.38406874522182e-08,-6.096929605311962e-08,7.471149941631148e-08,-2.5107368211558694e-08,-1.919104990521332e-08,8.93031415437748e-08,2.8052371711391885e-08,-7.527417515475456e-08,-8.364261448558949e-08,3.9517721754471454e-08,9.492008545356345e-09,8.443748249611472e-08,-2.4719111136677107e-08,4.1033728927900785e-08,-4.5370025215451836e-08,-3.330638118587881e-08,9.034872042238259e-08,2.494298697625488e-08,2.355782053849033e-08,-2.10323355878978e-09,6.013575078956861e-09,-6.962345672121634e-08,2.7896920982172848e-08,-3.912478612607955e-08,-1.5348535706510255e-08,5.61601131783568e-08,-5.414764497553815e-08,2.9340828945373985e-08,-9.365060607110355e-08,1.3039084552639674e-08,9.546771875772725e-08,7.760452923119724e-08,-4.461565214091615e-09,-1.4478843619586449e-08,-3.885168378762045e-08,-2.8920046148018165e-09,-5.965232816960261e-08,1.588648802527202e-08,-6.408762838445714e-08,-6.6956527017903e-08,7.22302839808687e-08,1.4580889338292066e-08,3.26724787570933e-08,-6.284226670536326e-10,2.5810570548332225e-08,2.0100490871754747e-08,5.2430275530690194e-08,2.6048275510246918e-08,5.341383493076312e-08,6.382653498682685e-08,-4.2387943285704055e-08,-1.4872209182905177e-08,-2.8839369714656083e-08,-3.2645252928237307e-09,-9.217356640731458e-08,5.8259838147425835e-08,3.6835471911771265e-08,1.0820921177511589e-08,-2.6895020742077396e-08,-1.5862251416937738e-08,4.5035400112999967e-08,-5.145108271754663e-08,4.838912127608987e-08
ll,4.513712130243393e-14,2.997492293946333e-14,3.5681586795269035e-14,5.15789295891337e-15,5.065531488170825e-14,3.727148932465883e-14,7.346686971174717e-14,5.154942732037124e-14,6.1117726272616396e-15,1.840836499082078e-14,5.844688480072103e-14,4.516970756038416e-14,2.7757275960486028e-14,2.5016767269274122e-14,5.976272631239422e-14,4.4047601581844425e-14,5.883569171000615e-14,7.269478590623481e-14,9.210098552864971e-14,1.6272687378043172e-14,-2.977636411354178e-16,3.345372988130134e-14,8.10622043307118e-14,8.919181111628695e-14,6.852570363290556e-14,5.072883684914238e-14,5.235077637779812e-14,6.633615242661869e-14,1.442799478737165e-14,9.628668742589145e-14,7.768393486219383e-14,1.697129322261376e-14,1.2182441084702839e-14,6.948987361590114e-14,1.651843634829016e-14,9.382250351711234e-14,7.914204761397387e-14,1.514923618367828e-14,7.023588773243535e-14,2.69407859049803e-16,6.698729105089618e-14,8.914846706794397e-14,2.3703651592469352e-14,8.978640032518532e-14,1.1697502284355292e-14,2.3619955352780048e-14,5.058365532240978e-14,1.61859802633892e-14,4.1595323186191896e-14,1.8265423770132446e-14,2.4581776813873015e-14,2.7545449048313056e-14,5.794760558632061e-14,6.307165601958606e-14,1.3231169506123697e-14,6.356087923346904e-14,6.801606815479798e-14,9.94227919280368e-14,2.992551730903176e-14,9.756645323550967e-14,4.5173914447230983e-14,5.314164360183946e-14,4.7292759813851594e-15,7.852588023286647e-14,7.42377323197398e-14,4.0366688374987334e-14,1.4743441788305404e-15,2.139103058506919e-14,8.593874494391883e-14,4.047059570907022e-14,6.377270002051577e-14,2.159920117529155e-14,4.990764260537171e-14,3.684683552172726e-14,7.97241041155883e-14,7.409957308659646e-14,8.846377639394244e-15,9.127759839643852e-14,8.835653903271563e-14,9.548314493526745e-14,1.113334492590297e-14,1.0491213561274408e-14,9.23512108094445e-14,7.936508196923493e-14,5.255855132983069e-15,2.418507726016096e-14,7.937427017953546e-14,1.6603503796408294e-14,1.9675014426351245e-14,7.076041180616214e-14,1.4333825102866875e-14,9.564505142919529e-14,2.0887917434669792e-14,4.3531745816471346e-14,4.951620023789305e-14,4.6351198432725836e-14,9.532396138752416e-15,8.332318393107818e-14,8.148661744598678e-14,3.1048726155564386e-14
lwl,1.4008043970429702e-20,-2.447900431185603e-20,-1.103114976440716e-20,-2.7993882397612624e-20,1.912293483838668e-20,-1.5200102006724912e-20,9.328781582331328e-20,7.359047710723366e-20,5.0174144562331134e-20,4.899786625419094e-20,3.7500730969221015e-20,-7.518487201088348e-20,6.381664484848409e-20,4.0556208199633704e-20,5.036945113313902e-20,8.71265044345517e-20,-4.876468716040294e-20,6.244348910231179e-20,8.866401474636281e-20,6.798851429526186e-20,6.80248756942596e-20,-4.802900575115894e-20,-5.664897277968886e-20,1.1152913753469922e-20,5.853764658983358e-20,7.028935909601467e-20,8.548260367809421e-20,6.75242720628867e-20,9.368135217189139e-20,-6.69128872522621e-20,-1.3326650445508022e-20,-3.637035336449423e-20,6.366745427649603e-20,-2.514255300326116e-20,6.244396870364954e-20,6.763938590718542e-20,8.810216190470639e-21,-1.6728294864604828e-20,9.740219150623706e-20,7.850430488900792e-20,-3.9893633195537e-21,5.253618560773417e-20,6.365555939255934e-20,8.547723104005139e-20,1.747026671404374e-20,3.112031354282479e-20,8.736984550591285e-20,7.43613186107324e-20,3.182955986206313e-20,4.58164987847693e-20,6.674771540570133e-20,3.8080611820250496e-20,-6.417276907464511e-20,7.329510717340853e-20,1.3029288503850496e-21,-9.507292195321137e-21,2.3768644405259826e-20,3.6494285812635223e-20,8.037282084619191e-20,4.937816448385891e-20,-9.512580861216282e-20,-5.289864163283788e-21,5.940309362134252e-20,6.965135438368238e-20,2.601292453898662e-20,-8.478746377212275e-20,-1.9729999095872544e-20,2.400215875627377e-20,3.818523197918877e-20,-4.5812287220106995e-20,2.432644136859139e-20,2.9866552360123102e-21,6.435107285981173e-20,-2.692201638079215e-20,-1.7919701249994848e-20,3.351050484138537e-20,6.009856067561269e-20,-4.5083966275200864e-20,4.41884852547144e-20,6.012793600929997e-20,6.052869440365965e-20,1.7168051059074322e-20,5.2284079864534833e-20,7.57717602899376e-20,2.814288308006674e-20,3.2650892584905996e-20,5.635050132204487e-20,-3.2289910417230176e-20,-7.210112586125992e-20,9.64893189272559e-20,1.7828712609385818e-20,-7.281110016086016e-20,-3.333474453129193e-20,-9.148075010985433e-22,-3.812438164751698e-20,9.740100538043375e-21,3.464812583790798e-20,1.20842483004182e-21,5.837284110823105e-20,7.431815119705945e-21
moin,12.657886311411854,10.513929687349897,18.034771811792464,12.459922808839462,13.85494240355263,22.194895551002,9.692147057022959,18.135971296889597,8.673360917219036,15.362843963661529,8.735425036236354,6.755345803605235,20.42053460027877,21.703056233359,8.024382085335748,23.15348524304438,22.139932270375322,18.61327237509241,22.9633335150857,21.779916045968108,19.123878521529676,24.004597650693338,15.171958835092841,20.281133321960983,8.565506549123363,20.511363289587614,24.33731241773789,7.471925368803283,19.927669795350745,18.28254550080975,11.638794161560352,23.94477697887356,8.240029174201664,23.432724074741955,17.62182420325462,20.311364215523355,14.562983817404147,7.238081526844342,15.086983804912562,21.2764572438664,23.10492330063082,11.374046473149985,20.245768500764008,12.302046080472806,21.61163738868568,19.463841327579953,15.026221838779017,19.215615149217886,10.603772499556602,14.92004418556493,17.01910035815557,18.20206901115321,15.47530664572724,12.428993228858186,17.684907237586565,5.329465997970799,16.931815396377445,9.566076862546568,23.52283792860168,17.793398358678992,11.543980351393266,8.015324738525791,14.684851000702285,6.288869330154161,17.90045961022986,22.388850021342957,21.111750081652602,7.300370982396673,16.97373857800652,15.971091307711589,5.551948732651613,8.315016065445981,18.33435001415946,7.21692575230763,24.982460863890513,7.161791232873145,22.503010349139192,12.850972861781786,17.089505367383754,6.537566448286003,6.230181480716657,5.3556311014729685,11.90690262610257,5.607666201696977,14.702471021733064,14.884642651648928,16.233233102399815,17.90627828417976,13.74173897320857,24.46114171314216,20.901693797148482,6.8322108592205,20.643095969038576,22.82307922728615,18.413097285074617,15.135050401341456,12.413989262770453,15.078471853059067,22.226123893430866,16.97351112352092
ndep,1.6548177677474586e+18,9.059535864523274e+17,4.357100567970673e+17,9.275843470506397e+17,6.371365403775329e+18,2.6223990966066198e+17,8.069544176458163e+18,3.618968745239477e+16,1.609003102979718e+17,5.284499709536842e+18,3.4452975461064704e+16,2.825852286966041e+18,3.712994926846155e+18,1.8579601947451478e+17,5.283524026491204e+18,5.805684696291805e+16,2.0053893843075014e+17,2.7680901593213636e+16,1.4166261440943416e+17,6.269014365340338e+16,3.4336146222766556e+18,1.4702929009545056e+17,1.5749748365567311e+18,1.0351390594996186e+16,5.2766033222354714e+17,4.5950551967905244e+18,2.004654531073223e+16,2.953956328666842e+17,1.920621937988473e+16,8.16047523202346e+18,3.885271901000318e+17,1.0075918594852981e+17,5.375483147853215e+18,2.4370769207198582e+17,1.905402315855222e+16,5.480048938127818e+16,1.8273015272184918e+17,8.407578804922455e+17,4.454816751136426e+18,1.266490532918018e+18,4.47909185904346e+17,1.2281392295952837e+18,1.3217214429358931e+17,3.0890995340596806e+17,1.0004828557298666e+16,6.129426658906317e+16,1.7263487361078028e+16,8.74642787638249e+16,2.2615313116733994e+17,2.6730495968679222e+17,2.352717666690964e+17,5.811798309653464e+18,2.217218369683378e+16,5.195001408484086e+17,2.823802720952424e+16,1.0150176501949016e+18,2.475207334416325e+18,1.6059774160324334e+18,2.7477767488416684e+16,2.8184794870064684e+16,7.563073764789306e+17,9.284377569237928e+18,4.8987026797777734e+17,5.7046961310920774e+17,1.1483709784984333e+18,1.1193396650350709e+17,1.3507609178227796e+18,1.028973566524257e+17,2.528844922379375e+18,1.758110969042703e+17,4.607185117031773e+17,2.422599039601761e+17,3.3298077706040416e+16,2.439717338321151e+16,1.2569944206418255e+18,1.5236269419429844e+18,6.611581493956298e+16,2.956652748988889e+17,4.4472971085252035e+18,4.7593956880566566e+17,4.1969411433510904e+16,1.1582875190477106e+17,2.4252033146058124e+16,1.9652739023415603e+18,5.5212948688738936e+16,1.1614525851547216e+16,7.56862328483329e+17,9.861935129907558e+18,1.7046559552176338e+18,1.0311118284439394e+16,4.053175083323634e+18,3.909483552913822e+18,1.0261405824421252e+16,1.8420541892794836e+16,2.231981787601372e+18,3.0220488718134164e+18,1.099404603136188e+16,5.4785790968869816e+16,6.272335920757144e+17,4.555695270240637e+16
nfactor,0.5777413675235934,0.24645168217958505,1.8590978003474257,0.8666993618844852,2.089188583344705,0.6348141666718305,0.7705087746728756,2.4490675261082555,2.020259040573749,0.21997063445626514,0.4327518673291803,0.5056191161346341,1.2732039646398259,0.8613410969980093,1.179515712567465,0.3797115096884285,1.6122592186702418,0.375856514554584,0.5177906950943423,0.7504759623424068,0.265903132553412,1.0215903391122498,0.8855600871727163,1.864985359569435,1.1602398194916188,1.6975911941709247,1.4329621276015856,2.2728540150990684,0.9644533139921865,2.0511869316398523,1.1129950127204016,1.4083691277864128,0.7102326303520898,0.9549075344637964,0.5764708868102777,0.15292162629311115,0.11626574554748276,0.24915566360052183,0.8798082272032157,1.56147523953478,0.30653133753294565,1.3990284440139158,1.3931404252859592,1.3235915545194832,1.3518281479051144,2.144927856672086,2.388994883675186,0.6237293248524024,0.42097699639832076,0.25913904077277683,2.1720104310795265,1.7933871935108918,1.584324153853125,2.290401505718595,0.5261569789148163,0.3825367657381326,0.0985905935347818,0.5601256662013603,1.578424296437505,2.3595964403426155,1.0635110296473407,0.43513579223744336,1.019835316752915,0.5746016473979342,0.8990099794491102,1.0757739481107924,1.1858882993399387,0.9524468557341552,1.034884788285513,0.3863842261737722,1.638227201572615,0.035565125303973766,1.387863007138632,0.13465951632636475,0.3401625922593743,2.0253571193275555,1.4496006821422383,0.514563542123368,0.7790272819511385,1.2299912606584158,2.477393619739046,0.033622110926242454,1.5910862462517115,0.8617438118645677,0.32375290661631057,0.7183701820599603,1.338716182038723,0.540771354003091,0.34153624504266117,1.25211184305715,0.16028199991381525,0.5340500007904173,0.59139352335307,0.4327023446973993,1.7284209968886086,0.27512759226270106,1.52023569037355,1.7973942960743516,2.4359082012206885,1.3795952156967128
ngate,1.9547176354519833e+22,1.992476698672697e+22,4.123014068309432e+22,1.677658098923241e+20,1.6376872408416772e+22,5.524638360917574e+22,7.75201664069894e+20,2.3077278916390107e+23,3.049397483608696e+20,3.789690235102784e+20,3.104534611126036e+18,4.072433566245888e+24,4.565372820825525e+23,6.741118347971779e+22,4.2774824859211556e+20,2.395363381174276e+20,1.1568886153435645e+24,1.5053747953127906e+20,2.0397783085173384e+18,2.1828449231425995e+19,2.821595869612997e+24,1.0112158188507033e+20,9.317091775699697e+23,1.1591569718704965e+18,1.4991651405702655e+23,1.9212181673814953e+18,7.826967040292618e+23,6.837896640296976e+23,1.618748026375096e+24,2.892798678120762e+24,4.1403255484582206e+20,6.69715154705668e+20,6.000816070969709e+18,3.4018886538813624e+19,3.050333336336063e+20,8.38350973952877e+22,2.080535246961329e+18,1.0336479348006751e+23,1.2490642569485353e+23,1.1978747959386009e+20,6.269751443144614e+19,3.122890472300419e+23,1.763223708216316e+23,1.5134871833541433e+22,6.560760823971986e+22,1.6729420311294728e+18,2.4983537459285664e+24,3.137785548011253e+20,6.790566517317618e+22,2.4344892677010186e+18,5.332636101491019e+24,1.3789952602511541e+23,1.3531062497797357e+24,1.5433519133236354e+21,5.941593100070948e+23,1.451642237318776e+18,6.189103595523357e+18,3.825557961093629e+19,9.412379392760958e+19,4.2556766189512974e+19,5.004122484688674e+24,6.959565114587733e+22,4.109377020305597e+21,1.6260259281382402e+19,2.0666994854568408e+21,2.093643870625571e+18,7.495929130885717e+23,5.733688271923717e+19,4.3736270459789624e+18,3.1483303002986397e+21,4.172048010799645e+24,1.0776612238534299e+18,4.8234846226088034e+20,1.7704874585152203e+22,4.636997535329413e+21,1.4008896822022513e+18,3.825968970025242e+24,4.411553458855496e+24,1.0100947707270107e+19,1.6511711631664919e+22,1.7702384512167218e+24,9.862368780732108e+21,2.8055260053945073e+21,4.830985293322178e+18,2.2315670955541098e+23,2.1352394657070593e+21,8.923252641805813e+18,3.475537223097088e+23,5.445681790016262e+19,1.2943468134609299e+20,1.7034818169765169e+18,3.5907690504420845e+22,6.214451433461494e+21,4.570490820035956e+24,3.884876519891038e+18,4.235882211243713e+23,2.112622658615617e+20,1.0509413315914992e+19,6.5546395913450395e+22,1.6264891642332784e+23
noff,1.022285035257233,0.9274825125676023,0.5538025585403942,1.231201519760363,0.4695568015502266,3.4942144490752676,1.8642890110608048,2.700983965522297,0.4462467032354448,2.6495976719134027,0.8274966476986777,1.4220620774244632,3.672569084748532,2.446387735252837,3.525768452230466,1.1630811866224264,3.3092752926423263,3.6949085727319746,0.266875738653031,0.1669358497737391,3.5298312131011977,3.868929535525722,1.1039796124115164,3.1427124879231334,0.5009911263513214,0.3540090190854903,2.3546840113160385,1.4535281450650903,3.2640245260373466,3.070816275562114,3.8094014387686284,1.5678829773234686,2.3201774543919687,2.872458825811765,2.9854833382472887,0.44263610469196357,1.5373648739068626,2.518363905976362,1.8906013929551004,0.7168529301146049,2.270413634137166,3.895341027942006,3.213796830162929,1.4710984925811628,1.2602577934317492,3.0899883545580966,3.4821160003627734,3.090625649711,1.8048145290478208,1.3425231428609008,2.3557883584707793,3.1182979278571206,1.4366477990195001,0.24589620880913018,1.865538731652,3.32821094526768,0.6463707175110891,3.380025468551052,1.5218266042642143,1.0218189231916817,2.699611218054569,2.9481356466321293,3.3957806628312923,1.770493056228175,0.6301358525260193,3.233550558062033,0.29321446710975,0.18214652201331855,2.950793122122537,2.3443611233372517,3.063292910219087,2.469367840470863,1.0200229709293767,0.7790339950270943,1.5519064112344918,0.8760265826702092,1.611445966402192,3.635482507091376,2.587323757902452,0.12758352889528932,2.073818086709236,2.0951664756714314,0.39052424552405507,2.194149395433867,1.9556566217909772,1.6011361868796643,0.7256240776505231,1.9032497320712425,0.8561233011323364,0.6290435449204802,3.8459251517591575,2.4646096349118394,3.0695088830200903,0.985029812046516,0.17375008718750667,3.168063106508141,0.4030126129874495,2.7277896703151576,2.379685058496127,3.1275069431451894
pclm,9.871051307994992e-06,7.669319059988061e-07,0.006680160962081232,0.0002026292516471785,0.0011364545448307064,5.597659342186808e-08,4.406062803600305e-06,4.894744027118538e-05,3.713187173252689e-05,3.824444776369641e-07,1.1729007960730609e-08,0.0036808337467747164,0.07856795614879673,0.07481863079873943,0.12956289584148303,1.81094806000421e-07,1.2697258633606762e-07,0.10799956092264501,7.078432591933384e-05,4.444827331939146e-08,2.5724403976227076e-07,4.9203851669405205e-08,3.1290841495873125,0.006230227460717957,2.4668548615977395e-07,0.0001402890594538306,2.688085058884266e-07,3.824451882722324e-06,8.86112834410775e-06,1.5077925274073745e-07,0.00018258132808519288,0.00027243907948997393,0.0026310200706760054,0.0007688998495064442,0.08071948968741514,0.001793309875569764,0.5489485773380023,0.0003503795099261664,1.5347193031765985e-06,4.3658441798097984e-05,3.053335396080103e-08,0.001450973607279652,1.7934807585626475e-06,4.544385773207985e-07,2.1763395633802912e-07,0.04012781657043669,4.754530150311501e-08,6.636885043764864e-06,0.003927424499860137,0.0017484302613586878,3.718574307722598e-07,6.735887058863604e-08,2.450324905798087e-05,2.4980744659137794e-08,3.7357945398956054e-08,2.7991947232324663,2.44640603474247e-06,0.0017305662503026857,0.022244609027703473,2.138627597998147e-07,7.702862002631616e-06,1.6625634957358594e-05,3.897523405011682e-06,1.389182357345506e-05,3.922164822676724e-08,2.294137105943281e-05,1.826140942266468,8.059860221087777e-06,3.5732179452172586e-06,2.1725786608023474e-08,1.9530711878987053e-07,0.00010777788928564748,7.359625336276465e-08,0.000287585909604146,0.01682890026213009,1.0780580744499332e-06,0.00595507022422511,0.0037263687752165046,3.357035537889344e-08,6.036069107166623e-07,8.112316275304823e-06,0.0024488164827021898,2.9291469766374464e-07,9.240921166851341e-08,1.8433614524623347e-07,0.006372633608735757,0.0007342840921211808,0.05402825255071094,1.7714190432853238e-07,0.5299846910068717,1.745118715688311e-05,1.8444508796661115e-05,1.3316492064965441e-06,0.00040967204013466304,7.506957474091946e-05,0.1453865107793053,0.00046099903853390276,8.43499282407856e-05,0.0001706808391370565,1.2870822522563669e-08
pdiblc1,9.271668379758143e-07,1.3393505030296329e-05,0.3270443908227507,0.12281424883377524,0.013460663611498164,2.3465884322289107e-06,0.2850035259130408,0.15434480206214649,6.894378625182858e-05,0.09366019299621008,0.0008924886319102845,0.000280784701496535,0.0006239935733602449,1.460534065003714e-06,1.857687090944451e-05,0.0022772932634674316,0.0006618518795545136,0.12107159945917911,1.1084117484722676e-07,0.0007010300730845032,5.101579493597855e-07,5.690982408320967e-06,0.0008565069197100708,1.691243513240397e-05,1.0738718815848614e-07,0.5159119568458891,6.2096077774834665e-06,0.00038907074734737625,4.911082495199338e-06,0.055712753683571745,0.00019774020371994604,2.644871046670356e-07,0.04672572694833916,1.226399248129901e-06,5.563080694450985e-06,7.016496830862311e-06,3.571204139511247e-06,0.000542300550222196,0.004941390207903618,1.2415838962770825e-07,0.0038602902280318674,0.0642935567016662,0.0027132728910457273,0.0001265613198759612,0.08521901204319143,0.005173561839397265,1.4655988559823586e-05,0.0029012826595631656,0.05089819827788085,0.0013426961988040628,8.551753309767445e-06,3.32720889801347e-05,2.0608795101936144e-05,0.0017751057902197873,5.392516635980995e-07,2.1556265088203916e-05,0.011295813212847264,0.2712097921424652,0.03860779524788019,0.005056377797966687,2.6349594923436766e-06,0.017889791553827212,3.346396263129657e-05,8.605869719437583e-06,0.0017481819549979693,6.135940442358274e-06,0.09374404251391448,0.002400459850847419,0.10000087068513779,2.215935431869287e-06,3.3140141668341863e-06,3.978740467332437e-06,6.347662267820538e-05,3.716127901799528e-07,0.0001698503997519884,0.00013107708352819766,0.1170322760242116,0.0005014376757992873,1.1680824520618632e-05,5.183592078521888e-05,0.0342955216397361,1.8180457514837998e-07,1.162517576250324e-07,0.6027225885448882,0.13416506759996666,0.05289618646134595,3.230285711692378e-07,3.371794912086979e-05,4.539171999536673e-06,0.01565547946947732,9.934866864269998e-05,1.0423807833370065e-06,5.736914003463651e-07,1.134290718977775e-05,0.5335655041812127,0.06675615206675413,0.01711195168904162,6.154855153215109e-05,0.42108214416552486,0.031201240020406147
pdiblc2,2.566945659211614e-06,1.7425985658043947e-05,0.013269733176813155,0.0010749355506293485,4.262520904872802e-05,3.3150243041763824e-05,0.003665039116278887,1.6758262459635427e-06,0.002870124169154499,0.0008137779985352747,0.00011724376816222765,0.0013739715705434164,0.008294618512377892,1.4371955639152391e-05,0.0009474619838572372,5.234942228068647e-06,1.925784526005017e-06,0.0006113966125823994,1.5776225315823e-05,0.00046191649631904775,8.001628571583004e-06,0.0006429288231599225,1.0394424787069836e-05,0.003416235459962718,0.0007565863284614496,0.0013499124114317504,0.0005041836131794875,1.4940603424511257e-05,0.016940469065381016,3.411375430711795e-05,6.3792516544842845e-06,2.453856347913181e-06,4.9905247669595504e-06,2.412723488638265e-05,4.34882583503214e-06,7.153706900613025e-06,0.0013160027336536655,0.002613348055583479,8.836786326977641e-05,0.0002548919144203616,3.7464509855378155e-06,0.0011872569031197982,0.0012189441485840453,0.00010574020166926561,7.502195432382671e-05,0.00019951287688465294,0.00015266504599662138,0.0008957215691205324,0.00019245605841123218,0.00024838121076172306,8.60079406058273e-05,0.008935314228203154,0.0001507178306541248,3.436043676924457e-05,1.0608254747921085e-06,0.0006864710587569427,1.213385838177258e-05,0.00017043003776545776,0.007967235356057206,2.1941175595182225e-06,1.0556629214273578e-05,4.842581384995805e-06,0.001406034947994764,0.0001237044499995556,0.004830456365238377,0.0066109066685180636,7.131746065657373e-05,0.0024273325420051057,1.1170887604191057e-05,0.07994197754202972,1.7940398358748526e-05,0.0002175659458387815,1.3740892085018158e-05,1.0228980966933679e-06,0.03690437296147131,0.011196793169417763,0.0010782792969771394,0.00021141611978826318,0.00015787539172830529,1.39980069448476e-05,0.013945831562530408,4.365421448216601e-06,0.0018460191117837875,5.156870907584327e-06,5.2801666446050545e-05,9.04031027181774e-06,5.585471375285754e-05,3.233839429580834e-06,7.276342899904815e-06,0.04117934498815679,2.196359925058211e-05,6.079184022261455e-05,0.005701122980735994,5.820859702935971e-05,0.0014828726020082459,0.000224980550259697,0.0005760822802180555,0.002029042593529667,0.0002294898496782477,1.4840386449146499e-05
pdiblcb,-0.24719475806337554,-0.02318695404848481,-0.07866899744218747,-0.45772925336555337,-0.04746872061804441,-0.2695269875592954,-0.28878155906155434,0.43291825053827093,-0.790336413577046,-0.23552504482956615,-0.9799111924526613,-0.6962053521504067,-0.9737068362322093,-0.25282030289574275,-0.6008248793939366,-0.02294576453975239,-0.7104780179435192,-0.22195378400485288,-0.7280094206256718,0.1629694163419586,-0.8196437892484798,-0.02425709376320695,-0.1016594372248606,-0.19723624865374578,0.2726652476751612,-0.5097270847295283,-0.29821536725509534,-0.8353518136035136,-0.6798803043482928,-0.3134683684586971,0.08280708224544253,-0.259133505571447,0.3403907441963092,-0.4319918169343616,0.4217794120737721,-0.4235216751997495,-0.6518312031017544,-0.38376592499787954,-0.14935918807507487,0.4800455757041502,-0.7248949408084877,0.013355448780264734,-0.2628930882877223,-0.4772517990828532,-0.8320140160473315,-0.7345277273625459,-0.13446319776593818,0.014036740435770856,-0.6006944485313579,0.03674131505022937,-0.6263841713191277,-0.1573743205764886,-0.6088778039755567,-0.6456373694676504,-0.45955195356744505,-0.3665610282917572,0.11102490619794003,-0.10547974901465573,-0.883511862232249,0.38662290915904785,-0.9391648851420703,0.04634273285624135,0.20693023811631917,-0.4524133643682313,-0.23896164560418875,-0.21283167945887582,-0.11016466375200107,-0.0495535840012149,-0.030302205759484946,-0.21961564924524746,0.3533865485531882,-0.6211246975805447,-0.648017623463294,0.48353009303640015,-0.34460472965524114,-0.32072853296039006,0.14622658465785054,0.007823047495938207,-0.06705540377808772,0.0007043684419030249,-0.27057926965200785,-0.1763265930676441,-0.8696275764693168,-0.34663680104001937,-0.6866876707253841,-0.08712806685580676,-0.4124366966732014,-0.727624112145399,0.48106165944636325,-0.22910988175924152,-0.5110096180281302,-0.13288844013428924,-0.3080025433172474,-0.4673754740910352,0.15662128782099582,-0.8893881730881767,-0.1999189229566818,0.27950070322419496,-0.6370594183378294,-0.1266181964872557
pvag,2.2359997041425785,1.1383192676631277,0.8904273221228127,3.954702721334411,2.7609284319185834,4.274020485804153,2.1253698840065645,4.494648265849233,4.223334145648667,2.576283336433212,3.9234531433480146,0.816498863684666,4.977358647859103,3.0374669041631304,3.8768436137203413,4.318671355685166,0.7938021979114118,0.6606133341625897,3.269196038754652,2.2634318490599563,0.4701157975427628,0.9387442285288885,-0.4183551182998617,-0.5341342338070998,3.301736409973053,3.2116334219001894,0.7237055749744195,0.30971373219113985,-0.3463450005687787,2.456684611102077,-0.13634698075865592,2.2428259829072754,-0.6899373931547738,3.1079143160711835,0.7122295084020791,0.29327811939110204,2.5542851130399145,0.8046972367704557,2.8780826277781006,1.67313910399502,-0.24228605033480188,2.318936983298124,0.4611921537084416,3.836691411180615,2.9052915701514896,2.1557394350916557,0.37988848006597986,4.606287963635451,4.82067021602461,-0.22305204313201188,4.561143422519506,1.2370054728562252,3.5866517265283893,4.9896142819124885,4.566075445818306,4.654477915713337,4.866079456752319,3.7939693806260264,3.8104391983764216,0.5272622868473442,2.0085304435340516,4.650752868597079,3.925068186601573,2.2345394925110176,3.4263390406897596,0.4723074876034503,2.5779109095294386,3.5064940406207796,2.9243965145042,-0.5419045000668217,3.0571470771602227,3.8330843432944652,2.7530663178972707,3.7838588833745614,-0.8264216748914015,1.5495224480930547,1.0042735212321858,0.1514775560010464,4.729352241611566,-0.8741161344977149,-0.9141928285535972,1.4394316216461371,2.801430242255842,3.314142358947321,-0.9999236741131241,2.162421059593507,4.205371952191354,3.920501616715214,0.842280079844637,0.4238546143573134,-0.7119008381880689,-0.5377819449207732,2.8469884559156555,1.4558161212308427,3.7333516418824413,1.8254769105638329,-0.874202304480511,2.706144321223542,0.08861629350461153,4.97695919974406
rdsw,2068.9926053360964,1373.2684929200059,1863.7148490522356,1209.8904468254761,1379.7627542269515,1557.981043111178,18.111580785441618,307.6724234474044,836.0504969851038,2361.9743738755174,1265.6370345960247,1697.1208996333455,885.2612952257668,231.95678515518614,1358.807935657961,1138.7757940647869,1404.6066726257345,713.1025446568217,2419.3716651264167,761.3926960639627,60.0738313232565,2273.603067927506,2126.0211360986896,278.15501354280644,2721.5572593317024,226.09137763899307,1171.0078630030732,1610.8029165780106,222.76729796737723,1712.9676567842203,2328.716880487588,485.13245868786004,554.5530895214865,2901.9635228821458,1925.604477818068,490.498720130465,1180.2765339360503,519.3126103713382,1536.2338962313956,2382.9998642160867,1417.7417142699167,1252.809001342363,1085.49537043618,997.0805306326835,1381.7458614486518,706.7193514100138,1174.179065495595,2846.21801335595,2890.7495664816706,714.0208366137008,2541.347636328151,553.4983905245214,2861.9478525962923,133.5007825932428,1438.9331778321057,2506.8826825434803,1213.5824473606199,2385.774284543071,1148.2730981759416,39.375970428907394,482.36754846531005,274.4074874662431,887.5468912781462,1687.9447629464905,973.3460208816349,2262.120492584568,1977.8996832340222,2622.2080610736875,875.3295806336954,582.937149337076,676.7641591930926,311.4072065879118,442.39926376308824,2583.755904695699,700.3918357475967,2084.8459526996485,1401.3036477370051,998.2985012325279,760.2602085711027,1944.8477228570785,2166.5210581152064,1332.5639476584809,457.73103236060075,2611.331687133514,2643.9347094395453,2937.642282188307,1631.475012940411,2500.7584950333153,1488.585573085948,283.86705215629513,407.6316097061496,2467.9982258864184,1273.0053023202204,1640.2580379584167,919.620954501823,1797.1975864893059,594.8768516304021,1401.7067518030278,1047.2167494970765,1793.6231780605408
toxp,5.419070904538814e-09,6.925441062803793e-09,6.477926139250241e-09,7.268617581929364e-09,6.076425732890254e-09,6.377364040875145e-09,5.4580678682559945e-09,3.534634988366169e-09,6.32738273259138e-09,2.9685092059628306e-09,7.476010189269112e-09,3.646195686867397e-09,3.9873299603996e-09,6.6319942421027215e-09,3.003770564315619e-09,6.437744123035662e-09,6.229472725834276e-09,4.144615762771344e-09,6.9072332881162834e-09,5.388271572932341e-09,5.931530736962138e-09,5.1452990219444e-09,5.0587989826573665e-09,5.464174906465325e-09,5.7550958669967195e-09,3.5340397160005523e-09,7.298061304269623e-09,7.423995099120321e-09,6.125226898906131e-09,4.78158828317944e-09,7.009006515456969e-09,6.754097926713629e-09,7.716277238768885e-09,5.806640098886621e-09,4.750443861510331e-09,4.1308330133448325e-09,7.975353505486584e-09,5.48832891825328e-09,7.068371789872507e-09,7.189490227670839e-09,5.480171394001834e-09,3.5914043182935827e-09,5.286608533298684e-09,2.4359001878022573e-09,4.02531550524329e-09,5.336202482357727e-09,6.571081663455003e-09,5.35832673865379e-09,4.290202565468815e-09,6.678000258231886e-09,5.677179399087164e-09,3.7311553547885704e-09,5.551896673043212e-09,5.826845303411086e-09,6.570768823576825e-09,4.318774983947627e-09,6.85920853529497e-09,5.363393405782106e-09,5.14489887641862e-09,7.3087000096853285e-09,5.555266855268355e-09,3.3047693082608523e-09,7.371383162219199e-09,7.982405464447018e-09,7.618758977345906e-09,6.481282797868613e-09,2.7932770195032376e-09,7.017197391323695e-09,2.961120622099289e-09,3.243035724641915e-09,2.4499951279171634e-09,3.951278774671614e-09,6.608855459507282e-09,4.8178080719531895e-09,5.349075998652236e-09,6.651475846061652e-09,6.349056973838374e-09,5.757666340814113e-09,3.968508007464439e-09,4.1561991590301495e-09,7.511413996902677e-09,6.748164948508687e-09,3.763419969948317e-09,4.592376462216974e-09,7.64571398681968e-09,6.935428440400576e-09,3.505133032789576e-09,6.262191086966338e-09,5.753300533824231e-09,5.429881722575293e-09,6.249713968156307e-09,6.659639029741132e-09,6.675184360109332e-09,2.781014858973896e-09,7.97187283218871e-09,7.4204379439571936e-09,7.542833624004758e-09,5.356848533814835e-09,7.52452667069842e-09,7.736053666576225e-09
u0,327.95554182533306,170.67261007636975,507.2680289502519,45.71414927604087,60.175195776261894,163.5753453036456,687.2109862820917,235.6991350593207,25.761127142205233,562.8222334731732,36.29848356420642,270.59379907396107,665.3593636558852,69.53719087746659,482.4767072664307,184.2870022395553,495.4146864889321,318.20881839629436,228.53222145280813,63.56516146812911,38.721581951396374,241.7196625813865,482.6302887450639,474.0721290960034,131.09349996758587,340.70552396842174,610.6150730009066,297.8013413208849,685.907925177541,312.2376885269588,377.5753561202379,412.39970710362104,522.7890927835672,218.39170082517217,122.09896598639716,221.89851105910924,593.6402334298724,393.2243533668165,87.04018105878887,545.0505935603643,272.5723942780063,105.17050709207821,441.2152216491991,87.22061595198736,347.65818000408876,60.51137869763334,90.65216743775802,667.3670731194636,31.288799057035142,500.9182289227328,205.31837017342338,428.9768515811303,248.00122094404747,599.569584393243,404.16842421606486,484.8443623831451,422.75188105529213,119.24831438015785,332.3716233685073,84.85121916260343,444.58173432673226,13.536097481712453,145.50235384998896,208.401685641782,173.49319672475167,320.64191581790476,196.80588491193416,610.0554543374,346.4704289084318,533.6657790420095,17.079727741251865,346.4550503842495,194.53190664246134,67.13680551832796,671.7302882946651,309.07552735268155,626.8766065534359,551.23198338723,409.2643639978689,177.94404639711547,260.23889086953506,311.0942440935375,223.01030593667505,190.9879255700464,351.7360606873637,566.892116844973,269.64722904973297,612.2611189026242,269.2117969792882,229.38405015003153,669.9268664426113,143.48459847447697,133.19707437287948,100.76506810047114,412.48430551936315,495.0672133249568,334.5300401323764,383.86516733860014,109.10172709787115,483.8020000633537
ua,9.142706278984351e-10,7.425917907249857e-10,8.201417390538221e-09,1.0051369763731752e-09,2.15285763704383e-09,4.667617064092329e-10,3.1047787584693994e-09,3.391218640241917e-10,3.7404080742521167e-10,1.9800805775652427e-10,3.6665624708471313e-10,8.751933428091899e-10,5.547899783400826e-10,5.305365321486567e-09,4.191513398025679e-10,5.448999730038541e-10,5.612147797179737e-10,2.3497681524397555e-10,6.6072125302372365e-09,5.7661411982019315e-09,1.2362777143079026e-09,4.079015177485616e-10,3.30227850260127e-10,5.389007679851764e-09,4.004521748518786e-10,2.610086678527963e-09,2.7773277225521795e-10,1.929601258095258e-09,4.952749721930231e-10,3.309882691988955e-09,3.8099726475103037e-10,3.5874001277413913e-10,6.195322849654361e-10,1.9266957820618324e-10,7.405091247258643e-09,9.856820192882747e-10,1.5506522967282975e-09,2.3113729782827343e-09,7.179047315276616e-09,1.7056925110860473e-10,2.5302339278471208e-09,3.352933556457013e-10,1.8562533415196493e-09,1.0585784446938339e-09,1.3689974716014713e-09,6.957798291394685e-10,9.192185802945213e-10,4.0016471190597336e-09,2.4483559852348418e-09,1.8434887012647521e-10,4.058318298220857e-10,3.118021863325016e-10,1.1153530957463182e-10,4.220427086266354e-10,9.280798621752332e-10,9.360403820486927e-10,1.6859936178955602e-10,3.0541721816096945e-10,1.8239120276092134e-10,1.6705533662433893e-09,4.771520089209103e-09,1.5574659105766086e-09,6.023979270476983e-09,4.260313480698041e-09,2.1694906846249648e-09,1.298433981982133e-09,7.110916918037532e-10,8.007272835843217e-10,5.784141744542531e-10,2.409839470674366e-10,7.67207339707844e-10,2.0993509155267257e-09,1.1805585320296286e-10,1.380963396623327e-09,6.910987046701306e-09,3.5375118793969355e-10,4.2679318467009323e-10,1.5354256489675764e-09,2.4106081015977747e-09,1.2998802730678768e-09,1.093849689325809e-09,9.529651136072635e-10,5.857720927976411e-10,2.1150867571868775e-10,3.1238920137574415e-10,6.2580407013315e-09,1.3066743977721526e-10,7.846550612456952e-10,5.01266293902139e-10,5.658070096454198e-10,1.1940549055603126e-09,4.749659221309788e-10,5.48534012209851e-09,1.149735273964993e-09,3.599060313662031e-09,6.36105199484679e-09,5.169723050062472e-10,3.6731222824851658e-09,3.8449671206198484e-09,1.5912631336475994e-09
ub,1.1268320014775521e-20,5.002155500176943e-19,6.39023851939547e-20,2.882928870594047e-20,3.5209905592954595e-18,2.3181282086656365e-20,6.3911938343122016e-18,3.2612703104556734e-19,9.5100568560247e-20,1.607537170610011e-18,4.2443447691793404e-21,2.7554837960262363e-21,3.754723676613085e-20,8.904096390981878e-18,4.041676277571305e-19,3.360813553812233e-19,9.958348438081334e-18,3.268730403071552e-20,5.246154445906487e-19,2.1474934856477216e-21,4.32753526848767e-20,1.7148535427841203e-19,2.073056145863788e-19,1.1375199892831356e-18,2.712494949601276e-20,5.128979471486862e-20,1.3165192630286344e-19,3.440121908700875e-21,3.113800074978132e-19,1.3491757363304447e-18,1.6179830811269365e-19,1.7965076780627686e-20,2.3217496855138907e-20,1.0506495324198343e-18,2.4221851580617307e-21,1.0517801791082648e-19,4.583688570109307e-19,1.6568015462548144e-19,7.746625867501618e-20,5.648298592389262e-18,3.589946258251562e-19,8.077606659884738e-18,2.685804174177857e-19,1.2069008485242202e-20,1.762885233555148e-20,1.8410186665042242e-20,1.9296790739796123e-18,1.7455237390522107e-18,6.290763725778427e-21,9.76539001895549e-21,2.4040429082531898e-18,1.9230964832335124e-19,3.751267541799287e-20,3.701363548080462e-21,4.770857226417872e-19,5.525284166736563e-19,1.8800336269469515e-21,9.36107669675475e-18,4.748906304712316e-20,7.914805514132332e-18,4.491157010472941e-19,1.9213740585057543e-21,1.515373996077237e-20,3.75776569717616e-18,3.2273477820845164e-20,1.6064605153400051e-18,4.038752045794996e-18,1.28126721113655e-18,1.1245248935480345e-18,6.765863015632594e-21,3.4041588771892004e-20,1.143619729750397e-18,8.319222530518368e-21,5.341799307564948e-18,4.0047485093219625e-19,2.717986316275237e-19,4.95900160820368e-20,1.560740529550374e-18,3.6399478273784756e-21,4.030590228956324e-18,1.601983240026012e-18,7.366356910202057e-21,3.0223099819559468e-18,7.204173768083457e-18,2.463562856879083e-19,1.6874219820943438e-21,2.9696912982890985e-20,2.637143792591902e-18,3.356476724785285e-20,2.137016678872592e-18,3.474603674708664e-19,3.93470995755071e-18,3.49643891103975e-18,5.594702604277377e-21,1.0562735987248358e-18,5.090543222264181e-18,4.0277594418399475e-20,4.382140137373299e-19,3.462754279907885e-21,6.04133817642819e-20
uc,-1.1429978332907258e-09,9.65533227053197e-09,-7.2842173473533925e-09,-8.440183418547236e-09,7.104459813082046e-09,6.843824023083317e-09,-7.0976088245252164e-09,-5.753489671365682e-10,-5.0234038385719574e-09,-9.260567598138937e-09,4.106209311797469e-09,1.0465147979379548e-09,-5.410667078282865e-09,-8.15422978782965e-09,-5.184192866379454e-09,3.550073590589946e-11,6.735740600993515e-09,7.821350057066082e-09,5.726179955232756e-09,1.7302469385778548e-09,4.777411525889884e-09,-9.344774576379268e-09,4.866681087275195e-09,2.6891637519341586e-09,-1.3980906806754341e-09,-3.5162758359722006e-09,2.41441415305854e-09,-5.3140893375588735e-09,7.1575453039924e-09,1.6383904951515337e-09,3.857319006084688e-09,-4.735065766601584e-09,1.0001735989574395e-09,-7.386407851500521e-11,4.852878993491515e-09,-9.278532532366452e-09,5.195661817532517e-09,4.901985649630564e-09,5.550765241907444e-09,-3.879547021814652e-09,6.336502110430206e-09,-2.5402900789845598e-09,-9.211289234549735e-09,-6.177227558440561e-09,-2.5025056860187457e-09,-7.64756064459089e-09,3.312442582764063e-09,-9.051518603951325e-09,-4.8279323895840774e-09,-6.5870967588248375e-09,-1.0786647710617149e-09,2.9114551684156782e-09,9.925233636910453e-09,6.980392801682416e-09,-2.6320885797005735e-09,-3.846764801970477e-09,7.000401411966311e-10,-8.781778384959985e-09,-9.297007440519379e-09,-3.535038025898085e-09,4.741070450905282e-09,5.604518816801453e-09,-5.3644707525268064e-09,6.4568739105878166e-09,-6.3090673340616395e-09,-8.728141924351733e-09,6.030571260360155e-09,-7.560565437433524e-09,-6.282694658243307e-09,-5.052800174523009e-09,-8.388770630626653e-09,7.3116834929072964e-09,-4.353095265335405e-09,-6.069284768629128e-09,7.824784249749308e-09,4.59165545556242e-09,-3.171704993922171e-09,-8.331175806759899e-09,-3.0545404968107727e-10,-7.488027368693243e-09,-1.1062298582777235e-09,5.857344506967289e-09,1.952888038875606e-09,4.0975851316048736e-10,2.5742737595615255e-09,-1.194636135763425e-09,-7.659186825819464e-09,8.209919661542303e-09,-5.124697028871178e-09,-3.540192048495934e-10,-3.4692379182770148e-09,8.121643223145563e-09,-2.1448160355291572e-09,4.334516128736268e-09,1.4013823546564502e-09,4.883369307512764e-09,7.222782033692189e-09,1.1277176923342819e-10,-6.8914924793346064e-09,7.2176648296192974e-09
voff,-0.02511947669506831,-0.12014342067358588,-0.04917449882704286,-0.025842891939722723,-0.000841006399209282,-0.025230525527753345,-0.14102873069114005,-0.09860574156753657,-0.15392153834233352,-0.0562104948352211,-0.10672753546048372,-0.14859041296950215,-0.08988014302449433,-0.17652182530692678,-0.16896710171903898,-0.16617173851826203,-0.09733353257123803,-0.16808580962895692,-0.10952954600217395,-0.09509193431422203,-0.1442163297420555,-0.13613713890470477,-0.14339663984568218,-0.08040593451118437,-0.11555508292490023,-0.05127007243700665,-0.16123150155883492,-0.08093031897903076,-0.02942126272808601,-0.14419986425142,-0.06167004632184843,-0.020850114348308968,-0.1681188052691287,-0.10449333164964143,-0.09355981612554459,-0.06036207306038864,-0.09683177556630022,-0.04694980744434865,-0.01815408077237357,-0.046559286190403226,-0.08161648017793556,-0.02171559015396962,-0.03433386716763681,-0.11567175990720709,-0.024138977272767537,-0.054880015786266056,-0.04891615107252703,-0.14713450187291924,-0.11806372910016172,-0.04955573143493289,-0.010670672678708581,-0.03654256924336008,-0.14247576350379956,-0.060111234247929204,-0.09850413501404438,-0.012482355239211262,-0.056404313484981775,-0.15618865029209542,-0.12023377842964453,-0.08670190532162328,-0.06394548162830326,-0.14499017149912402,-0.17483869222716797,-0.008876502027898497,-0.14699955635465278,-0.10245507668539487,-0.16558433253240548,-0.13889237803735593,-0.10923314028704252,-0.0932524930605715,-0.023990730058915444,-0.09024762032393085,-0.13004796801900223,-0.1017716670834233,-0.14450576823798508,-0.07698561674437,-0.05278334542432894,-0.13396149630141946,-0.1367156553313793,-0.165236248867905,-0.0949848215677144,-0.09692284673267522,-0.020198246271546705,-0.024317710091969924,-0.06680158188923066,-0.08559312902065236,-0.102621226480873,-0.0950205780440283,-0.018637569555774364,-0.05276644007036588,-0.12441357801399167,-0.02252580560575393,-0.13649927189136102,-0.10163077716212422,-0.04700107197776021,-0.05587034977136601,-0.0027941845530192744,-0.16482228113023897,-0.1220545269548647,-0.13603117168316284
voffcv,0.22874728643451148,-0.050445090690107164,-0.08646472605034683,0.28499660234734436,0.0410642986981431,0.2737655940196856,-0.27312090942147976,0.04932660474505668,0.35996236221024647,0.3131991636459004,0.45318111548978557,-0.17236173636143526,0.04278144551302154,-0.08715477449120346,-0.4322721065507348,0.4002520672878036,-0.10887878841731069,0.40633949346999154,-0.1131434537381113,0.1745239926740506,0.14249918589143973,-0.356263922387571,0.4266702606804581,0.16527828951017043,-0.00940805331240746,-0.031870248438904514,-0.37484140597364857,0.061029301679479175,-0.29344505643259045,-0.31466476791944,0.3891339797939254,-0.07117000747577062,-0.46602803145639615,0.36345258915255996,-0.18559640174271064,0.34282074771878945,-0.38938115318510536,0.2822114157037967,0.3571948042015143,-0.2231652634658572,0.49334311669525943,0.13897686054953384,-0.07225332761140912,0.2886599616626092,-0.3929361115598091,-0.06152015442574743,0.34692411596000927,0.3819318698154026,0.17234089210787684,0.012684757250500223,-0.08651264773088585,-0.21699176994319302,0.4927079376295691,-0.33629761687470505,0.2888504294515788,-0.41476022802499213,-0.015019310533738728,-0.4305622253271737,0.14343339827038626,0.40967872776304215,0.17808607906803708,0.1343152968907415,0.36354135697833756,-0.3263828696220127,-0.0858019676340378,-0.44275490332815093,-0.3866567029890945,0.32618349653367484,-0.3363683079006078,-0.12867335166717536,0.3227258537678771,-0.387538337365374,0.3741355208259938,0.3068089314090805,0.38226922963905996,-0.032833417680874055,0.0839678425162027,-0.4371455864155134,0.26075678626710586,-0.23567354380755468,0.4316511804200901,-0.2742144200343568,0.2751077153549424,0.18381408942771205,0.1490567601840157,0.4541672954699517,0.4122855684475798,-0.22579295313607295,0.3063471745184765,0.018369283903810096,-0.22206355510935283,0.22455109559234532,-0.325192958706752,-0.1275748236000726,-0.4302934098639627,-0.38233108371778246,-0.019502587864725474,-0.07598149937761667,0.47406033299895267,0.3877117327681452
voffl,-9.79071671327533e-08,-4.678274948308535e-08,-5.8176601345403956e-08,-5.805895265509673e-09,-3.755274711424075e-08,-5.1545930190552e-08,-4.2915219775374765e-09,-7.86836367552314e-08,-5.860804883801697e-08,-6.449913181237575e-08,-9.288773048018988e-08,-2.943307472136141e-08,-3.0267442869742355e-08,-4.5396735799167755e-08,-8.012007888495311e-08,-6.455125892553411e-08,-5.667669047197723e-08,-4.270699122892997e-08,-7.132405377525924e-08,-9.66587257372255e-08,-6.769338317792338e-08,-5.83393119201283e-08,-8.413719474777368e-08,-7.19606475732837e-08,-6.215940772281096e-08,-6.558040268088009e-08,-7.085377686527735e-08,-5.6274029796592186e-08,-6.140737084115889e-08,-6.307589677885521e-08,-5.902463298491941e-08,-9.75741318050164e-08,-9.24995090010273e-08,-4.57562865556493e-08,-8.537448680790108e-08,-8.248496497495492e-08,-6.51978625072623e-08,-8.915363855869392e-08,-4.656795675671658e-08,-8.398309243143698e-08,8.068827064878064e-09,-2.635004400705713e-08,-8.273951346292565e-08,-3.9783030956138635e-08,-8.821547235017753e-08,-4.768443118209919e-09,-3.962794039540596e-08,-5.3996297191979655e-08,-2.1622872902180662e-08,-7.479607508504691e-09,-4.8166127234481014e-08,-1.599794335595174e-08,-7.822057484670487e-08,-6.236858348685936e-08,-3.8071259945551426e-08,-3.700842345061119e-08,-2.801108355458746e-08,-2.207417181682037e-08,-4.826676604615839e-08,-9.654183899474954e-08,-7.11900762276399e-08,-9.754701155296278e-08,-7.094972321945611e-08,-8.227928986627206e-08,-3.991191319067484e-08,5.91542974173192e-09,-7.374883600284417e-08,-4.986170802792986e-08,-1.990412883863994e-08,-4.552464665959641e-08,-3.071601132072136e-08,-8.26797106834111e-08,-9.718321084577333e-08,-5.729110416916813e-08,-9.896287897576269e-08,-2.563348719771092e-08,-9.693888839369597e-08,-1.9988865665342813e-09,-9.237963230366123e-08,-4.790361466808758e-08,-7.993357166666603e-08,-4.587645375632086e-08,-8.292748759088831e-09,-6.26974172607862e-08,-4.754370690722925e-08,7.630561727359639e-09,-5.654450228060433e-08,-4.1715961105142946e-08,-3.525665160385679e-08,-9.100894602410662e-09,-1.8929901495823557e-08,7.453416689190893e-09,-4.777177206241919e-08,-4.2217553012057045e-09,-6.949034176252991e-08,-5.056384684007806e-08,-6.806619714622434e-08,-8.828312101087589e-08,-3.289598979555462e-08,-2.4411063477235074e-08
vsat,289172.3778266692,35816.43737920092,86280.98517003945,13074.249260110846,76250.35851484287,7404.5448513780075,252867.61369768775,157771.78211703536,33582.583626974294,48847.99376682079,28229.71816534674,8870.769237408047,60489.40660796194,75438.13006550776,72378.96001685798,254037.7095280097,27552.90359981732,27878.38375527565,7569.775009482462,130548.81747692154,9003.162010328639,405979.4412731659,60009.62634120037,19328.310253983633,30417.153949687494,174029.405419617,70284.61956180958,40401.30638962661,9237.136041844458,305769.7798796696,102779.60126564602,8830.644361822917,130815.42985023638,7580.951532432648,59674.730473649295,35582.836280877,117090.19277315472,11219.739870497115,44841.18082692468,423869.2741677952,59556.10421698113,51104.19305888966,30580.535146333736,16251.821975615208,10672.494162764897,7018.7745260704105,142356.2698081362,150701.74127230755,8623.744387536392,393722.59302436793,87921.89131585431,21061.900176713403,41410.02846442159,36612.40452513166,225536.95842090293,38320.08422694412,7170.006332739437,15236.541030837101,42712.84098017036,57116.53868259921,259947.84703332928,23615.834188237633,15020.341823463723,50184.461497104036,52553.56472327982,54219.939589094225,17834.2133092532,68567.41542930364,6054.4281824087475,35624.816923177335,116819.55486779686,128377.4052246078,306289.9086742247,47253.101997018464,79560.72557651732,194926.06663601554,14810.91975953877,21585.307879201817,58468.275868219636,116271.63324223968,6530.376533798554,199795.9391000373,310881.1342960615,163710.5280793931,489045.1338687429,235196.97352277135,18496.12612746642,14465.992513052795,406296.54443051026,200131.46935529335,9198.495253294308,31905.307808641253,328029.26798330044,98832.06283054016,457976.70465029514,7646.029735149589,198860.2922861644,310511.79909772874,463206.19101843884,155611.0853578702
vth0,0.5445237149286366,1.459759254639346,1.3135598050415487,0.14025219667165656,1.1350674081484415,1.3881505476794942,1.6208918781969879,0.571815728986854,0.06033669605949177,1.3320175311178537,0.19874882664538962,1.1994362190450558,1.0065384330849092,1.457728251230296,1.5318173130592019,0.3007702980801845,0.42122879314709927,0.38421664280911516,0.3566647970839858,-0.1961794155516432,0.6224285061665786,1.0819283466281213,1.3617334329872408,0.29166400003666526,0.6364389779564634,0.13726802487791634,0.7347950754146177,0.8354292698500836,0.808254119178252,1.979132606504265,1.7616791482834224,1.3794185089219346,0.9375439423858705,0.5889001547391177,1.7791053208072678,0.4993539900556536,1.7949235737582567,1.763458407128387,1.2334711201883857,1.1510481198508988,1.0614598944306275,1.954521917543497,0.9751144618561671,0.31250824403513233,1.1034953742736002,0.4935897308731647,0.491172573645295,1.5804501241021298,1.7074647596108132,1.600690115147183,1.5968759541241835,1.219472100085759,-0.16285784095738598,1.8303319547893997,0.3932655433879533,0.9640788561710094,1.079310137346729,0.9573831410912326,0.11647562283762003,0.507091687034007,0.4054841940885221,1.4592525076330611,-1.6366330836795138,1.0741158766291958,0.9099363968160796,1.82353464958467,1.871067329528794,0.1075478573669355,1.093212102337863,1.5163810997473086,0.7322797391984901,0.9449198399806495,0.26147434097229283,0.349712503733147,1.543804169542061,0.9427160807934976,0.22247724357406407,1.1974672801640307,1.4871891464698974,1.4997997159456267,0.28610838911559755,1.2142607190734478,0.3476952782148257,1.4703895647463359,1.2482379128891803,1.4884219753836163,0.4023132119887709,0.9741029684137157,0.7965410507371016,1.200038711634018,1.4242197107920411,1.0568292362412168,1.3392431856761018,0.8224589920642744,1.6990624823094524,1.5169520528130342,0.6744636831902708,0.8404227681087968,1.341776786324239,1.2258205665940753
w0,1.8717137054238875e-06,8.02758805193636e-11,1.7426054418155832e-06,9.61322861548326e-10,4.3564955174808355e-06,1.54865759006712e-10,8.049938937670425e-07,4.964428433167037e-07,9.104873720023324e-08,9.3340910507629e-08,7.367584770622819e-08,5.6026688408247314e-11,1.2022295831925202e-09,4.38587568387624e-07,7.939964665769187e-10,1.4439585020771986e-09,1.8907180175009885e-07,1.31084779108663e-09,3.526610197912757e-11,3.0507698334722846e-06,3.2002215114033896e-11,2.658149873584314e-09,2.3979678947832862e-11,2.372794446798032e-10,1.0217260475290805e-10,3.002913893768941e-08,5.3693784264195366e-11,5.478222784388035e-07,3.2093880279668564e-07,4.2495625079078257e-08,3.86910000563186e-08,1.817620627217476e-06,8.426003004637878e-11,2.6621085764361474e-07,1.1403131619805169e-10,1.9636158631952564e-11,3.4991608358865785e-08,3.06429163516858e-10,7.354876590088545e-11,1.8242446174022733e-07,4.169058271005309e-06,8.186161164986238e-11,4.198415775964877e-07,2.4644891255205344e-11,1.8275272843889357e-10,7.457115299610267e-07,2.2716798856670306e-11,5.042244213116166e-10,3.8568431186778347e-07,8.325378683594072e-08,6.183991508576383e-11,2.3725201795221638e-09,3.901065918395612e-10,4.638642556400203e-06,4.514187959222705e-08,3.350464231062726e-06,3.2245903792882727e-09,4.424369512439914e-11,3.660798648239639e-07,4.908856642569865e-06,3.89564514913457e-07,7.826025698199478e-09,5.192153638022172e-09,5.698554486319282e-07,1.6595558039376838e-08,1.8427312952978363e-10,7.511037833629185e-07,1.5091098476163653e-10,8.227462616656812e-10,6.978404900445884e-09,1.7272705607993305e-08,8.235793840744116e-07,9.529315704509073e-08,2.4618746476533638e-08,8.150470739692505e-09,1.413066074257547e-06,5.2151054985907825e-11,1.55457700490765e-06,2.843695689724194e-09,7.203062356446257e-11,4.901545020113392e-10,9.233506923898975e-09,9.764707019688745e-11,1.663178482059847e-10,3.51340737051854e-06,7.813364010465087e-07,4.626431233104051e-06,7.15197356129381e-11,5.814562790458061e-11,1.320886939485387e-08,1.2698464114558587e-07,3.2286433475121373e-10,8.005772971836101e-07,2.1776219069996563e-11,1.3511671306189095e-07,4.577733436470566e-09,9.869188025756432e-07,9.47224709258296e-10,1.6650384737500539e-06,7.347607510891837e-09
wint,1.2819916371098096e-07,-5.602208062812716e-08,5.093029841077494e-08,-9.369363052743123e-08,-2.4904679267594686e-08,-6.385609841443675e-08,-6.445038712269577e-08,-7.597211211880684e-08,1.3680430223739098e-07,8.391568413937039e-08,-2.227381025957628e-08,-5.895626902458713e-08,1.2973085410080326e-07,-6.213481764086808e-08,1.251686431804856e-07,-9.191116127201539e-08,6.083858251941868e-08,8.829559812751772e-08,4.5737125717618103e-10,-9.679698275826277e-08,2.715664339848719e-08,6.426353778657551e-08,8.3631376021151e-08,1.0076089286127257e-07,1.4543759385741833e-07,-4.0426784219825285e-08,-6.477939667507246e-08,1.2699082076922943e-07,5.512696423547139e-10,1.0187037277750295e-07,1.0050999999393386e-07,-4.643273134842332e-08,2.5567643115380747e-08,-2.994692455503933e-08,-5.759861498577629e-08,-5.533680071459406e-08,-4.7494312766231664e-08,-5.284217633514226e-08,1.3584212191276543e-07,-5.272224371556443e-09,-1.6431828766377434e-08,-7.517756670312225e-08,6.076189105443317e-08,8.824732539421728e-08,1.3255732978632868e-07,7.638666438773961e-08,-8.314924760027536e-08,1.4028685781178852e-07,-9.656860291196944e-08,-9.125486594071468e-09,2.296410303832641e-08,4.1918504048280025e-09,1.0802612757719843e-07,-5.0335788086034566e-08,-1.9106719507840086e-08,5.275307248724781e-08,-1.941151014047627e-08,7.054973867438752e-08,5.210152273621434e-09,-2.5247015736765076e-08,1.0464331375459602e-07,-5.5534872618359905e-08,7.262117878625548e-08,1.5143624382732955e-08,-3.6084232769573785e-08,-4.2425453246430485e-08,8.170049213185495e-08,-8.542847236682045e-08,-6.733738219780635e-08,4.996805623806145e-09,3.38737628985665e-08,-8.896493083974321e-09,-9.52917706827061e-08,9.017082111141202e-08,5.0642831651652894e-08,6.431994324899178e-08,-3.218316380525797e-09,-7.472861724254764e-08,-3.342217028227012e-08,-7.512267931322834e-09,1.2897033601760709e-07,-2.069161759510012e-08,-2.9589748558709127e-08,1.130594837885056e-07,-8.344351523210373e-09,2.6777486856806984e-08,2.219656439886422e-08,5.726647181578288e-08,-1.724328344033357e-08,2.02331256661755e-08,-9.932417499654871e-08,-4.186659851605783e-08,-3.379577467002287e-08,9.680511097183235e-08,1.0200179303147024e-07,1.6874151205226727e-08,1.400135153039928e-07,4.831468885430065e-08,-5.54532691406524e-08,-1.076340552132615e-08
ww,-3.352531446961982e-14,-6.878603141449023e-14,-5.6803015342477735e-14,-8.410116282756971e-15,-7.923638264911549e-14,-6.137235917924594e-16,-8.339084356509025e-14,-1.7381483227867296e-15,-9.502245562369412e-14,-6.793356435502733e-14,-4.6971598683526054e-14,-7.93868500655499e-14,-4.445075923086559e-14,-7.586566124907406e-14,-1.9587394744181803e-14,-2.1561896456721495e-14,-8.43952710540756e-15,-1.1723962572996887e-14,-4.847901071186244e-14,-9.04109552823352e-14,-7.979009442810903e-15,-8.84502614522988e-14,-9.70340277594498e-14,-8.699162588186196e-14,-8.227144525719819e-14,-4.6063277661868226e-14,-1.874596142107865e-14,-2.0038040234209125e-14,-8.677348667769277e-14,-6.962880289627394e-14,-7.509956313573807e-14,-9.023663966492922e-14,-4.2001473447493154e-14,-2.151894533508442e-14,-3.063830200364618e-14,-2.7941665567827357e-15,-8.344397687591689e-14,-4.939670314558982e-14,-5.639033164267333e-14,-5.177786146115944e-14,-9.784158384032098e-15,-5.92163970783112e-14,-7.803579912270548e-14,2.874945059564026e-16,-9.841951872644618e-14,-3.150535595299756e-14,-2.1846658939053116e-14,-4.140023787581913e-16,-1.9045288162283526e-14,-1.5651745933132202e-14,-4.589487345934901e-14,-9.075490018923152e-14,-5.0014817376863836e-14,-4.6238935506935034e-14,5.0942094266332944e-18,-1.836593036271379e-15,-1.610915926943586e-14,-9.199174798720443e-14,-8.50563383307059e-14,-3.805686061493982e-14,-3.988868881112905e-15,-3.0438660335866084e-15,-4.668704738621855e-14,-7.291737341333921e-14,-2.6133900670800237e-14,-6.461148031529127e-14,-7.975277133855583e-14,-9.173977488628025e-14,-3.3330249471867344e-14,-2.3580711825474405e-14,-9.379824106665777e-14,-2.2705625254438538e-14,-2.6206228540648226e-15,-2.8157404017123586e-14,-7.567874827415669e-14,-5.5146415239439807e-14,-8.252835858398355e-14,-4.648953714060663e-15,-2.1405165511452566e-14,-7.638622245964854e-14,-1.0163597660630953e-14,-8.684250891727841e-14,-3.251250499088091e-14,-6.602323006315127e-14,-8.028969806706526e-14,-5.005763588372935e-14,-5.513839643041646e-14,-4.343101257664415e-14,-4.271903291064547e-14,-9.144023039400698e-14,-9.768193619458242e-14,-7.81415559660611e-14,-7.944072633937914e-14,-4.4150065497448134e-14,-5.884408537723697e-14,-1.5263818022108676e-14,-3.0126063523478203e-14,-7.074721016459224e-14,-5.5524336659693674e-14,-8.578747686662957e-14
wwl,7.376385083436204e-20,8.847814139679038e-20,4.329176473064437e-20,-1.0867728895342349e-20,5.272053054376501e-20,7.216327916969173e-20,-7.441170138972003e-20,-5.454967982171219e-20,-3.222759704193987e-20,-2.355924559275095e-21,-9.649683273483962e-20,-2.5808057358943132e-20,-1.162749819856132e-20,-2.4565395442581535e-21,-9.851365496094517e-20,9.45315162860841e-20,7.42921751756353e-20,-8.157672141382705e-21,9.136374243848856e-20,-6.138404550679561e-22,8.894145651077495e-21,-6.18728808832894e-20,5.89360130892481e-20,3.267639900536247e-20,5.615157964066263e-20,-4.258473391710123e-21,4.6917013680808764e-20,7.146425362202626e-20,5.954046272642555e-20,2.738997745712069e-20,4.3783262109609287e-20,1.9082504099017782e-20,-8.15158563276612e-20,5.2687355087481445e-20,-4.805417507323706e-20,2.4654881690585634e-21,5.585863718587939e-20,-6.386549791688576e-20,-4.0672741074653523e-20,-9.179458790386503e-20,9.034148915367591e-20,3.3812479333754375e-20,1.8613267727228046e-20,-9.92869238166108e-20,1.362285350405773e-20,-4.8585710197681896e-20,-5.2143634201395803e-20,-9.83763547131864e-20,-1.9252409844902057e-20,-8.157073317272865e-20,6.571088895796455e-20,7.937459505834102e-20,6.795513349584349e-20,9.873355054833932e-20,-8.731508436246722e-20,-6.753452000737545e-20,-4.9432271880398006e-20,-3.910023855100193e-20,2.728060958628515e-20,4.499367677997984e-20,7.065324171499664e-20,3.232784518824437e-20,3.276714252401694e-20,8.628071933360083e-20,-7.774059934772322e-20,5.70256005057952e-21,2.4349978295648078e-20,8.930731957023098e-20,8.614615655031369e-20,-5.4487068485225934e-21,-1.889502522888638e-20,-1.8498858417684855e-20,8.690485376709506e-20,3.072133893353975e-20,-7.440695798995371e-20,1.7644666598572015e-20,-6.490323070059815e-20,4.199895398713236e-20,6.378417666007348e-21,6.049708366087138e-20,2.6158774394802272e-20,-5.1427588820141536e-20,-8.262087739876389e-20,-5.381599589391264e-20,-2.1793835886526618e-20,-1.7295650716515197e-20,8.769784273529024e-20,1.853894416843009e-20,-3.094787054550301e-20,-9.888504596378849e-20,4.15635061974866e-21,8.258236487005688e-20,-1.85448646523388e-20,-2.2667983693875436e-21,-7.355245625280816e-20,3.839217136566211e-20,3.8760330468732736e-20,-9.071266934505403e-20,-2.6070973350261164e-22,-6.457349133076415e-20
xpart,0.9402257054772757,0.9654465930041436,0.6208482753683379,0.3781493430805145,0.6740244675030617,0.6437535130306953,0.07874362820697811,0.0332696225052739,0.7797178513004562,0.13976287882859056,0.5412555716933223,0.23450027079141345,0.25918082166236106,0.7311268358425267,0.9212271476371752,0.03011847599244319,0.6327905710744216,0.013686301654914246,0.5843275597070362,0.6727991033586266,0.0639320802515364,0.0122258928077697,0.7083179195059641,0.42849555826822383,0.34331190229897407,0.5841950114593641,0.6604170459296783,0.7981250831565911,0.023361504638191533,0.9434482514487005,0.7762718734934562,0.21666089580079118,0.07197014635158328,0.5812656927507334,0.9038893956322367,0.09488782794393143,0.045759233647135855,0.15285024108153056,0.6716501808035039,0.3048669373123274,0.048761707685818306,0.35398213218787655,0.8820236857262036,0.7399759949519424,0.6333684052537023,0.49145007883714115,0.14228237152721002,0.15861857479917316,0.25369540315987227,0.49522033630116,0.08563299989108021,0.8033084143451656,0.9871735952177625,0.3836945301930115,0.3161889359434078,0.6811061823161514,0.7808069166362004,0.5492800955043482,0.419842589531895,0.21969969032114647,0.19335713762480478,0.17970646215246125,0.666661866920987,0.8002083570719615,0.008969864227531876,0.49666932668693675,0.873863471190553,0.01793007682998693,0.33898192338396893,0.631725253383109,0.23376449668670174,0.7734410553765867,0.3897570072852622,0.3030320816765135,0.0590330000398325,0.9371890688804703,0.7011825821646586,0.3562083895785122,0.46486006385853645,0.7049419347065958,0.9970746873078795,0.27171955617473,0.4986986737980793,0.29083681487775415,0.2750347393376829,0.46281890553852867,0.5537040080101788,0.8292468742794674,0.017312736116969152,0.34568257502182,0.4340314400253862,0.7227253669355977,0.8212584961956566,0.15805629423542888,0.5114706800926565,0.47776095464069046,0.6283582269253042,0.417642926780999,0.3738748682617665,0.3162088276868972
